{
  "name": "all_modalities",
  "config": {
    "n_seeds": 10,
    "feature_selection": "backward",
    "use_pca": false,
    "pca_variance": 0.95,
    "write_cm": true,
    "tune_hyperparameters": false,
    "tune_n_iter": 30,
    "tune_cv_folds": 5,
    "use_pose_derivatives": true,
    "use_time_features": false,
    "class_config": "all",
    "include_order": false,
    "name": "all_modalities",
    "feature_groups": [
      "pose",
      "performance",
      "eye_tracking",
      "gsr",
      "ecg"
    ],
    "split_strategy": "random"
  },
  "metrics": {
    "test_acc_mean": 0.925776397515528,
    "test_acc_std": 0.017473065229707666,
    "test_bal_acc_mean": 0.9255533041131747,
    "test_bal_acc_std": 0.017619737773831908,
    "test_f1_mean": 0.9261282778641275,
    "test_f1_std": 0.017302453636193597,
    "test_kappa_mean": 0.8885486925196485,
    "test_kappa_std": 0.02624643578294837,
    "test_precision_L_mean": 0.9805373655237789,
    "test_precision_L_std": 0.015737269663813957,
    "test_recall_L_mean": 0.9174757281553397,
    "test_recall_L_std": 0.03276449309274529,
    "test_f1_L_mean": 0.9476235812383479,
    "test_f1_L_std": 0.01850903080939779,
    "test_precision_M_mean": 0.8818271091806092,
    "test_precision_M_std": 0.03281934564261198,
    "test_recall_M_mean": 0.923148148148148,
    "test_recall_M_std": 0.019544617529614276,
    "test_f1_M_mean": 0.9016449534970175,
    "test_f1_M_std": 0.01942533237140905,
    "test_precision_H_mean": 0.9246410029419181,
    "test_precision_H_std": 0.018124726177329315,
    "test_recall_H_mean": 0.936036036036036,
    "test_recall_H_std": 0.031908231733668475,
    "test_f1_H_mean": 0.9300037984416344,
    "test_f1_H_std": 0.019091466781448706
  },
  "confusion_matrix": [
    [
      91.74757281553399,
      6.893203883495144,
      1.3592233009708736
    ],
    [
      1.111111111111111,
      92.31481481481481,
      6.5740740740740735
    ],
    [
      0.6306306306306306,
      5.7657657657657655,
      93.60360360360362
    ]
  ],
  "selected_features": [
    "head_rotation_rad_std",
    "head_rotation_rad_p25",
    "head_rotation_rad_p75",
    "head_tx_median",
    "head_tx_p75",
    "head_tx_autocorr1",
    "head_ty_max",
    "head_ty_rms",
    "head_ty_std",
    "head_ty_p75",
    "head_scalex_min",
    "head_scalex_rms",
    "head_scalex_p75",
    "head_scalex_autocorr1",
    "head_motion_mag_min",
    "head_motion_mag_p75",
    "head_motion_mag_autocorr1",
    "blink_aperture_min",
    "blink_aperture_std",
    "blink_aperture_p25",
    "blink_aperture_p75",
    "mouth_aperture_max",
    "mouth_aperture_mean",
    "mouth_aperture_median",
    "mouth_aperture_p25",
    "mouth_aperture_p75",
    "mouth_aperture_autocorr1",
    "pupil_dy_max",
    "pupil_dy_mean",
    "pupil_metric_p25",
    "head_rotation_rad_vel_max",
    "head_rotation_rad_acc_std",
    "head_rotation_rad_acc_median",
    "head_tx_vel_p25",
    "head_ty_vel_max",
    "head_ty_vel_autocorr1",
    "head_scalex_vel_mean",
    "head_scalex_vel_autocorr1",
    "head_scalex_acc_autocorr1",
    "head_scaley_vel_min",
    "head_scaley_vel_p25",
    "head_scaley_acc_mean",
    "head_motion_mag_vel_median",
    "head_motion_mag_vel_autocorr1",
    "head_motion_mag_acc_autocorr1",
    "blink_aperture_acc_max",
    "blink_aperture_acc_mean",
    "blink_aperture_acc_p75",
    "mouth_aperture_vel_mean",
    "mouth_aperture_vel_autocorr1",
    "mouth_aperture_acc_median",
    "mouth_aperture_acc_autocorr1",
    "pupil_dx_acc_min",
    "pupil_dx_acc_max",
    "pupil_dx_acc_p75",
    "pupil_dy_acc_min",
    "pupil_dy_acc_p75",
    "pupil_metric_vel_std",
    "pupil_metric_vel_median",
    "pupil_metric_vel_autocorr1",
    "pupil_metric_acc_mean",
    "pupil_metric_acc_std",
    "pupil_metric_acc_p75",
    "sysmon_failure_rate",
    "sysmon_average_reaction_times",
    "track_failure_rate",
    "resman_failure_rate",
    "average_accuracy",
    "average_reaction_time",
    "pct_missing",
    "mean_acc",
    "fix_mean_dur",
    "blink_mean_dur",
    "blink_rate",
    "sac_rate",
    "SCR_Peaks_Amplitude_Mean",
    "HRV_MeanNN",
    "HRV_MedianNN",
    "HRV_pNN20",
    "HRV_MaxNN",
    "HRV_LFn",
    "HRV_PSS",
    "HRV_Ca",
    "HRV_MFDFA_alpha1_Increment"
  ],
  "tuned_rf_params": {},
  "n_features": 84,
  "n_seeds": 10,
  "timestamp": "2025-10-17T18:32:46.428514"
}