{
  "name": "ecg",
  "config": {
    "n_seeds": 10,
    "feature_selection": "backward",
    "use_pca": false,
    "pca_variance": 0.95,
    "write_cm": true,
    "tune_hyperparameters": false,
    "tune_n_iter": 30,
    "tune_cv_folds": 5,
    "use_pose_derivatives": true,
    "use_time_features": false,
    "class_config": "all",
    "include_order": false,
    "name": "ecg",
    "feature_groups": [
      "ecg"
    ],
    "split_strategy": "random"
  },
  "metrics": {
    "test_acc_mean": 0.5554896142433234,
    "test_acc_std": 0.027864398594119096,
    "test_bal_acc_mean": 0.5555503329416374,
    "test_bal_acc_std": 0.02773200012960367,
    "test_f1_mean": 0.5550206586280042,
    "test_f1_std": 0.027892892366291173,
    "test_kappa_mean": 0.33310182909682845,
    "test_kappa_std": 0.04173637937720885,
    "test_precision_L_mean": 0.6043234967601527,
    "test_precision_L_std": 0.03855173968799741,
    "test_recall_L_mean": 0.6081081081081081,
    "test_recall_L_std": 0.05622115683738455,
    "test_f1_L_mean": 0.6053229921727812,
    "test_f1_L_std": 0.042245842875807564,
    "test_precision_M_mean": 0.5179182601417656,
    "test_precision_M_std": 0.0334813701968349,
    "test_recall_M_mean": 0.5081081081081081,
    "test_recall_M_std": 0.034028145283400105,
    "test_f1_M_mean": 0.5126805535100372,
    "test_f1_M_std": 0.031354458306980096,
    "test_precision_H_mean": 0.5453946275457944,
    "test_precision_H_std": 0.040897678221569894,
    "test_recall_H_mean": 0.5504347826086956,
    "test_recall_H_std": 0.04710479363823711,
    "test_f1_H_mean": 0.5473353772769092,
    "test_f1_H_std": 0.040504967467624484
  },
  "confusion_matrix": [
    [
      60.8108108108108,
      20.720720720720728,
      18.468468468468465
    ],
    [
      20.0,
      50.810810810810814,
      29.189189189189186
    ],
    [
      19.217391304347824,
      25.739130434782606,
      55.04347826086956
    ]
  ],
  "selected_features": [
    "HRV_Prc20NN",
    "HRV_pNN20",
    "HRV_MinNN",
    "HRV_CVI",
    "HRV_PSS",
    "HRV_PAS",
    "HRV_C2a",
    "HRV_DFA_alpha1"
  ],
  "tuned_rf_params": {},
  "n_features": 8,
  "n_seeds": 10,
  "timestamp": "2025-10-17T17:54:16.278052"
}