{
  "name": "eye_gsr",
  "config": {
    "n_seeds": 10,
    "feature_selection": "backward",
    "use_pca": false,
    "pca_variance": 0.95,
    "write_cm": true,
    "tune_hyperparameters": false,
    "tune_n_iter": 30,
    "tune_cv_folds": 5,
    "use_pose_derivatives": true,
    "use_time_features": false,
    "class_config": "all",
    "include_order": false,
    "name": "eye_gsr",
    "feature_groups": [
      "eye_tracking",
      "gsr"
    ],
    "split_strategy": "random"
  },
  "metrics": {
    "test_acc_mean": 0.7078034682080924,
    "test_acc_std": 0.028658255088817357,
    "test_bal_acc_mean": 0.7083282458282459,
    "test_bal_acc_std": 0.02867668266325548,
    "test_f1_mean": 0.7075615597215171,
    "test_f1_std": 0.02882440241429127,
    "test_kappa_mean": 0.561742564929809,
    "test_kappa_std": 0.04295732815819494,
    "test_precision_L_mean": 0.7170823360717261,
    "test_precision_L_std": 0.0447331032613265,
    "test_recall_L_mean": 0.7446428571428572,
    "test_recall_L_std": 0.04556585525953485,
    "test_f1_L_mean": 0.7296837859170895,
    "test_f1_L_std": 0.03627873330854745,
    "test_precision_M_mean": 0.705560063458462,
    "test_precision_M_std": 0.022265090927803117,
    "test_recall_M_mean": 0.6974358974358974,
    "test_recall_M_std": 0.04305671905940185,
    "test_f1_M_mean": 0.7008831316500037,
    "test_f1_M_std": 0.027547728263626062,
    "test_precision_H_mean": 0.7049387857902326,
    "test_precision_H_std": 0.05205819186037587,
    "test_recall_H_mean": 0.6829059829059829,
    "test_recall_H_std": 0.03724465149825869,
    "test_f1_H_mean": 0.6930631558793201,
    "test_f1_H_std": 0.03899495681058136
  },
  "confusion_matrix": [
    [
      74.46428571428571,
      12.410714285714286,
      13.125
    ],
    [
      13.931623931623932,
      69.74358974358974,
      16.324786324786324
    ],
    [
      14.444444444444446,
      17.264957264957264,
      68.29059829059828
    ]
  ],
  "selected_features": [
    "pct_missing",
    "mean_vel",
    "max_vel",
    "rms_disp",
    "fix_mean_dur",
    "fix_rate",
    "blink_mean_dur",
    "blink_rate",
    "sac_rate",
    "SCR_Peaks_N",
    "SCR_Peaks_Amplitude_Mean",
    "EDA_Tonic_SD"
  ],
  "tuned_rf_params": {},
  "n_features": 12,
  "n_seeds": 10,
  "timestamp": "2025-10-17T18:02:46.055037"
}