{
  "name": "eye",
  "config": {
    "n_seeds": 10,
    "feature_selection": "backward",
    "use_pca": false,
    "pca_variance": 0.95,
    "write_cm": true,
    "tune_hyperparameters": false,
    "tune_n_iter": 30,
    "tune_cv_folds": 5,
    "use_pose_derivatives": true,
    "use_time_features": false,
    "class_config": "all",
    "include_order": false,
    "name": "eye",
    "feature_groups": [
      "eye_tracking"
    ],
    "split_strategy": "random"
  },
  "metrics": {
    "test_acc_mean": 0.6472,
    "test_acc_std": 0.029828811989272345,
    "test_bal_acc_mean": 0.6472247530034355,
    "test_bal_acc_std": 0.02970532814804236,
    "test_f1_mean": 0.646758941393645,
    "test_f1_std": 0.029417108782874617,
    "test_kappa_mean": 0.4706551028349729,
    "test_kappa_std": 0.044729667353074876,
    "test_precision_L_mean": 0.6735318631177677,
    "test_precision_L_std": 0.03629140486417264,
    "test_recall_L_mean": 0.6723577235772357,
    "test_recall_L_std": 0.04615805478036703,
    "test_f1_L_mean": 0.6718144683642246,
    "test_f1_L_std": 0.030296056651349046,
    "test_precision_M_mean": 0.651243933321123,
    "test_precision_M_std": 0.0423790812753048,
    "test_recall_M_mean": 0.6016,
    "test_recall_M_std": 0.025522103709878185,
    "test_f1_M_mean": 0.6248991396111326,
    "test_f1_M_std": 0.027988062357898087,
    "test_precision_H_mean": 0.623468099014174,
    "test_precision_H_std": 0.040634436296410746,
    "test_recall_H_mean": 0.6677165354330709,
    "test_recall_H_std": 0.061419566103007896,
    "test_f1_H_mean": 0.6440081178143753,
    "test_f1_H_std": 0.04458199516162522
  },
  "confusion_matrix": [
    [
      67.23577235772358,
      13.821138211382111,
      18.94308943089431
    ],
    [
      17.440000000000005,
      60.160000000000004,
      22.4
    ],
    [
      14.645669291338583,
      18.582677165354326,
      66.7716535433071
    ]
  ],
  "selected_features": [
    "pct_missing",
    "mean_vel",
    "max_vel",
    "fix_mean_dur",
    "fix_rate",
    "blink_mean_dur",
    "blink_rate",
    "sac_rate"
  ],
  "tuned_rf_params": {},
  "n_features": 8,
  "n_seeds": 10,
  "timestamp": "2025-10-17T17:52:18.972165"
}