{
  "name": "eye_ecg",
  "config": {
    "n_seeds": 10,
    "feature_selection": "backward",
    "use_pca": false,
    "pca_variance": 0.95,
    "write_cm": true,
    "tune_hyperparameters": false,
    "tune_n_iter": 30,
    "tune_cv_folds": 5,
    "use_pose_derivatives": true,
    "use_time_features": false,
    "class_config": "all",
    "include_order": false,
    "name": "eye_ecg",
    "feature_groups": [
      "eye_tracking",
      "ecg"
    ],
    "split_strategy": "random"
  },
  "metrics": {
    "test_acc_mean": 0.7570552147239265,
    "test_acc_std": 0.025778229716412145,
    "test_bal_acc_mean": 0.7571455104493452,
    "test_bal_acc_std": 0.02561870178854524,
    "test_f1_mean": 0.7569658562083739,
    "test_f1_std": 0.025916712410850806,
    "test_kappa_mean": 0.6353664352449578,
    "test_kappa_std": 0.038627600683413255,
    "test_precision_L_mean": 0.773238545363214,
    "test_precision_L_std": 0.03509600964132913,
    "test_recall_L_mean": 0.7838095238095238,
    "test_recall_L_std": 0.030133657079579157,
    "test_f1_L_mean": 0.7783584233985344,
    "test_f1_L_std": 0.0310286213584371,
    "test_precision_M_mean": 0.753843230012248,
    "test_precision_M_std": 0.045033891164039996,
    "test_recall_M_mean": 0.7203703703703703,
    "test_recall_M_std": 0.03672709822381113,
    "test_f1_M_mean": 0.7358088096960955,
    "test_f1_M_std": 0.030444328591316617,
    "test_precision_H_mean": 0.7492251937011989,
    "test_precision_H_std": 0.04277094759276174,
    "test_recall_H_mean": 0.7672566371681415,
    "test_recall_H_std": 0.040884998318604496,
    "test_f1_H_mean": 0.7573087010611097,
    "test_f1_H_std": 0.03271338695889439
  },
  "confusion_matrix": [
    [
      78.38095238095238,
      10.095238095238095,
      11.523809523809522
    ],
    [
      12.037037037037035,
      72.03703703703704,
      15.925925925925927
    ],
    [
      9.911504424778762,
      13.36283185840708,
      76.72566371681417
    ]
  ],
  "selected_features": [
    "pct_missing",
    "mean_vel",
    "max_vel",
    "mean_acc",
    "rms_disp",
    "fix_mean_dur",
    "fix_rate",
    "blink_mean_dur",
    "blink_rate",
    "sac_rate",
    "HRV_MeanNN",
    "HRV_MedianNN",
    "HRV_MCVNN",
    "HRV_Prc80NN",
    "HRV_pNN50",
    "HRV_pNN20",
    "HRV_MinNN",
    "HRV_MaxNN",
    "HRV_HTI",
    "HRV_TINN",
    "HRV_VHF",
    "HRV_SD1SD2",
    "HRV_S",
    "HRV_CSI",
    "HRV_CVI",
    "HRV_IALS",
    "HRV_PSS",
    "HRV_PAS",
    "HRV_C2a",
    "HRV_MFDFA_alpha1_Peak",
    "HRV_CD"
  ],
  "tuned_rf_params": {},
  "n_features": 31,
  "n_seeds": 10,
  "timestamp": "2025-10-17T18:04:12.474543"
}