{
  "name": "gsr_ecg",
  "config": {
    "n_seeds": 10,
    "feature_selection": "backward",
    "use_pca": false,
    "pca_variance": 0.95,
    "write_cm": true,
    "tune_hyperparameters": false,
    "tune_n_iter": 30,
    "tune_cv_folds": 5,
    "use_pose_derivatives": true,
    "use_time_features": false,
    "class_config": "all",
    "include_order": false,
    "name": "gsr_ecg",
    "feature_groups": [
      "gsr",
      "ecg"
    ],
    "split_strategy": "random"
  },
  "metrics": {
    "test_acc_mean": 0.6455089820359282,
    "test_acc_std": 0.028340501954968216,
    "test_bal_acc_mean": 0.6457520191148509,
    "test_bal_acc_std": 0.02836269966772595,
    "test_f1_mean": 0.6449469977190218,
    "test_f1_std": 0.028236371500931914,
    "test_kappa_mean": 0.4681888890079449,
    "test_kappa_std": 0.042511078205723835,
    "test_precision_L_mean": 0.6815425145338571,
    "test_precision_L_std": 0.04620522589723561,
    "test_recall_L_mean": 0.7009090909090909,
    "test_recall_L_std": 0.05343138369913017,
    "test_f1_L_mean": 0.6906732764588577,
    "test_f1_L_std": 0.04637396365543493,
    "test_precision_M_mean": 0.6501512075319403,
    "test_precision_M_std": 0.03605394731151272,
    "test_recall_M_mean": 0.6036036036036035,
    "test_recall_M_std": 0.03603603603603602,
    "test_f1_M_mean": 0.6251536196598346,
    "test_f1_M_std": 0.026071035839758394,
    "test_precision_H_mean": 0.608677952548077,
    "test_precision_H_std": 0.031093742029954474,
    "test_recall_H_mean": 0.6327433628318585,
    "test_recall_H_std": 0.05045024004863444,
    "test_f1_H_mean": 0.6198777437649319,
    "test_f1_H_std": 0.03534896908800369
  },
  "confusion_matrix": [
    [
      70.0909090909091,
      13.181818181818182,
      16.727272727272727
    ],
    [
      14.774774774774775,
      60.36036036036036,
      24.864864864864863
    ],
    [
      17.43362831858407,
      19.29203539823009,
      63.274336283185846
    ]
  ],
  "selected_features": [
    "SCR_Peaks_N",
    "SCR_Peaks_Amplitude_Mean",
    "EDA_Tonic_SD",
    "HRV_MeanNN",
    "HRV_pNN20",
    "HRV_MinNN",
    "HRV_MaxNN",
    "HRV_HTI",
    "HRV_VHF",
    "HRV_SD1SD2",
    "HRV_PSS",
    "HRV_PAS",
    "HRV_DFA_alpha1",
    "HRV_ApEn",
    "HRV_CD"
  ],
  "tuned_rf_params": {},
  "n_features": 15,
  "n_seeds": 10,
  "timestamp": "2025-10-17T18:05:34.448449"
}