{
  "name": "perf_gsr",
  "config": {
    "n_seeds": 10,
    "feature_selection": "backward",
    "use_pca": false,
    "pca_variance": 0.95,
    "write_cm": true,
    "tune_hyperparameters": false,
    "tune_n_iter": 30,
    "tune_cv_folds": 5,
    "use_pose_derivatives": true,
    "use_time_features": false,
    "class_config": "all",
    "include_order": false,
    "name": "perf_gsr",
    "feature_groups": [
      "performance",
      "gsr"
    ],
    "split_strategy": "random"
  },
  "metrics": {
    "test_acc_mean": 0.8044817927170869,
    "test_acc_std": 0.01979810760888677,
    "test_bal_acc_mean": 0.8045619886372627,
    "test_bal_acc_std": 0.019825333707376654,
    "test_f1_mean": 0.8055796847892674,
    "test_f1_std": 0.01955736784649503,
    "test_kappa_mean": 0.7066429701568371,
    "test_kappa_std": 0.0297268328118468,
    "test_precision_L_mean": 0.8885471366787809,
    "test_precision_L_std": 0.01702632574710748,
    "test_recall_L_mean": 0.8177966101694916,
    "test_recall_L_std": 0.044530742289362865,
    "test_f1_L_mean": 0.8508203474675338,
    "test_f1_L_std": 0.021076819044883354,
    "test_precision_M_mean": 0.7219219188992385,
    "test_precision_M_std": 0.02655072375362203,
    "test_recall_M_mean": 0.7891666666666667,
    "test_recall_M_std": 0.0542982731690042,
    "test_f1_M_mean": 0.7531130332723792,
    "test_f1_M_std": 0.03163162914447544,
    "test_precision_H_mean": 0.8238793146623669,
    "test_precision_H_std": 0.04258629325267545,
    "test_recall_H_mean": 0.8067226890756303,
    "test_recall_H_std": 0.04229599123400982,
    "test_f1_H_mean": 0.8136267434950755,
    "test_f1_H_std": 0.019429574205972685
  },
  "confusion_matrix": [
    [
      81.77966101694918,
      14.491525423728813,
      3.7288135593220333
    ],
    [
      7.25,
      78.91666666666667,
      13.833333333333332
    ],
    [
      2.9411764705882346,
      16.386554621848738,
      80.67226890756304
    ]
  ],
  "selected_features": [
    "sysmon_failure_rate",
    "sysmon_average_reaction_times",
    "comms_events",
    "comms_own_events",
    "track_failure_rate",
    "resman_failure_rate",
    "average_accuracy",
    "average_reaction_time",
    "t_end_sec",
    "SCR_Peaks_Amplitude_Mean"
  ],
  "tuned_rf_params": {},
  "n_features": 10,
  "n_seeds": 10,
  "timestamp": "2025-10-17T18:01:18.279708"
}