{
  "name": "perf_gsr_ecg",
  "config": {
    "n_seeds": 10,
    "feature_selection": "backward",
    "use_pca": false,
    "pca_variance": 0.95,
    "write_cm": true,
    "tune_hyperparameters": false,
    "tune_n_iter": 30,
    "tune_cv_folds": 5,
    "use_pose_derivatives": true,
    "use_time_features": false,
    "class_config": "all",
    "include_order": false,
    "name": "perf_gsr_ecg",
    "feature_groups": [
      "performance",
      "gsr",
      "ecg"
    ],
    "split_strategy": "random"
  },
  "metrics": {
    "test_acc_mean": 0.8098802395209581,
    "test_acc_std": 0.01592121370613155,
    "test_bal_acc_mean": 0.8098212693787914,
    "test_bal_acc_std": 0.016034894738843623,
    "test_f1_mean": 0.8119853879633215,
    "test_f1_std": 0.015775845036286127,
    "test_kappa_mean": 0.7147589792677158,
    "test_kappa_std": 0.023906088153886704,
    "test_precision_L_mean": 0.9255262064312527,
    "test_precision_L_std": 0.028992278287206057,
    "test_recall_L_mean": 0.7881818181818182,
    "test_recall_L_std": 0.041780835321755534,
    "test_f1_L_mean": 0.8508913212954781,
    "test_f1_L_std": 0.031142473853754522,
    "test_precision_M_mean": 0.7114792545230119,
    "test_precision_M_std": 0.026286133686528473,
    "test_recall_M_mean": 0.8324324324324323,
    "test_recall_M_std": 0.02409898215944611,
    "test_f1_M_mean": 0.7669299852334832,
    "test_f1_M_std": 0.02037969965382578,
    "test_precision_H_mean": 0.8293839279034951,
    "test_precision_H_std": 0.01992377173197607,
    "test_recall_H_mean": 0.808849557522124,
    "test_recall_H_std": 0.0361763061162381,
    "test_f1_H_mean": 0.8183703174896471,
    "test_f1_H_std": 0.017149428452716792
  },
  "confusion_matrix": [
    [
      78.81818181818181,
      16.54545454545455,
      4.636363636363636
    ],
    [
      4.324324324324324,
      83.24324324324324,
      12.432432432432432
    ],
    [
      1.946902654867257,
      17.168141592920353,
      80.88495575221239
    ]
  ],
  "selected_features": [
    "sysmon_failure_rate",
    "sysmon_average_reaction_times",
    "comms_own_events",
    "track_failure_rate",
    "resman_failure_rate",
    "average_accuracy",
    "average_reaction_time",
    "t_end_sec",
    "SCR_Peaks_Amplitude_Mean",
    "EDA_Tonic_SD",
    "HRV_Prc80NN",
    "HRV_MinNN",
    "HRV_CVI",
    "HRV_ShanEn"
  ],
  "tuned_rf_params": {},
  "n_features": 14,
  "n_seeds": 10,
  "timestamp": "2025-10-17T18:22:38.617139"
}