{
  "name": "performance",
  "config": {
    "n_seeds": 10,
    "feature_selection": "backward",
    "use_pca": false,
    "pca_variance": 0.95,
    "write_cm": true,
    "tune_hyperparameters": false,
    "tune_n_iter": 30,
    "tune_cv_folds": 5,
    "use_pose_derivatives": true,
    "use_time_features": false,
    "class_config": "all",
    "include_order": false,
    "name": "performance",
    "feature_groups": [
      "performance"
    ],
    "split_strategy": "random"
  },
  "metrics": {
    "test_acc_mean": 0.7191214470284237,
    "test_acc_std": 0.025668395085620566,
    "test_bal_acc_mean": 0.7191214470284238,
    "test_bal_acc_std": 0.025668395085620556,
    "test_f1_mean": 0.7212093662106371,
    "test_f1_std": 0.025704143226833617,
    "test_kappa_mean": 0.5786821705426356,
    "test_kappa_std": 0.038502592628430816,
    "test_precision_L_mean": 0.8145756396204794,
    "test_precision_L_std": 0.04965829167141022,
    "test_recall_L_mean": 0.7573643410852713,
    "test_recall_L_std": 0.03953572814960105,
    "test_f1_L_mean": 0.7842428585318131,
    "test_f1_L_std": 0.037073873253798816,
    "test_precision_M_mean": 0.6133342755671706,
    "test_precision_M_std": 0.03049533883303695,
    "test_recall_M_mean": 0.6844961240310078,
    "test_recall_M_std": 0.0407007504682231,
    "test_f1_M_mean": 0.6465055633283698,
    "test_f1_M_std": 0.03038466070396001,
    "test_precision_H_mean": 0.7538693813519207,
    "test_precision_H_std": 0.03378638553901014,
    "test_recall_H_mean": 0.7155038759689923,
    "test_recall_H_std": 0.04944118819917365,
    "test_f1_H_mean": 0.7328796767717287,
    "test_f1_H_std": 0.02834414979350554
  },
  "confusion_matrix": [
    [
      75.73643410852712,
      20.07751937984496,
      4.186046511627907
    ],
    [
      12.170542635658915,
      68.44961240310077,
      19.379844961240313
    ],
    [
      5.271317829457364,
      23.17829457364341,
      71.55038759689923
    ]
  ],
  "selected_features": [
    "sysmon_failure_rate",
    "sysmon_average_reaction_times",
    "comms_failure_rate",
    "comms_own_events",
    "track_failure_rate",
    "resman_failure_rate",
    "average_accuracy",
    "average_reaction_time"
  ],
  "tuned_rf_params": {},
  "n_features": 8,
  "n_seeds": 10,
  "timestamp": "2025-10-17T17:52:05.146607"
}