{
  "name": "perf_ecg",
  "config": {
    "n_seeds": 10,
    "feature_selection": "backward",
    "use_pca": false,
    "pca_variance": 0.95,
    "write_cm": true,
    "tune_hyperparameters": false,
    "tune_n_iter": 30,
    "tune_cv_folds": 5,
    "use_pose_derivatives": true,
    "use_time_features": false,
    "class_config": "all",
    "include_order": false,
    "name": "perf_ecg",
    "feature_groups": [
      "performance",
      "ecg"
    ],
    "split_strategy": "random"
  },
  "metrics": {
    "test_acc_mean": 0.7955357142857143,
    "test_acc_std": 0.011908894785256054,
    "test_bal_acc_mean": 0.795598229808756,
    "test_bal_acc_std": 0.012020111220033389,
    "test_f1_mean": 0.7975117740039208,
    "test_f1_std": 0.011135321129657096,
    "test_kappa_mean": 0.6933159574606951,
    "test_kappa_std": 0.017884691601149437,
    "test_precision_L_mean": 0.9067663218627631,
    "test_precision_L_std": 0.02000187915576498,
    "test_recall_L_mean": 0.8072072072072073,
    "test_recall_L_std": 0.054914736099279104,
    "test_f1_L_mean": 0.8529186365646524,
    "test_f1_L_std": 0.029197188944227525,
    "test_precision_M_mean": 0.6961242387414596,
    "test_precision_M_std": 0.020575208567290268,
    "test_recall_M_mean": 0.790990990990991,
    "test_recall_M_std": 0.020278610229590557,
    "test_f1_M_mean": 0.7403530815736689,
    "test_f1_M_std": 0.016578289785990234,
    "test_precision_H_mean": 0.8112203081620907,
    "test_precision_H_std": 0.022800373863710647,
    "test_recall_H_mean": 0.7885964912280701,
    "test_recall_H_std": 0.036858345998027876,
    "test_f1_H_mean": 0.7992175030874015,
    "test_f1_H_std": 0.021894061750723576
  },
  "confusion_matrix": [
    [
      80.7207207207207,
      15.315315315315313,
      3.9639639639639634
    ],
    [
      5.945945945945946,
      79.09909909909909,
      14.954954954954953
    ],
    [
      2.3684210526315788,
      18.771929824561404,
      78.85964912280703
    ]
  ],
  "selected_features": [
    "sysmon_failure_rate",
    "sysmon_average_reaction_times",
    "comms_failure_rate",
    "comms_own_events",
    "track_failure_rate",
    "resman_failure_rate",
    "average_accuracy",
    "average_reaction_time",
    "t_end_sec",
    "HRV_Prc80NN",
    "HRV_MinNN",
    "HRV_PSS",
    "HRV_SDNNa"
  ],
  "tuned_rf_params": {},
  "n_features": 13,
  "n_seeds": 10,
  "timestamp": "2025-10-17T18:02:30.656026"
}