{
  "name": "perf_eye_gsr_ecg",
  "config": {
    "n_seeds": 10,
    "feature_selection": "backward",
    "use_pca": false,
    "pca_variance": 0.95,
    "write_cm": true,
    "tune_hyperparameters": false,
    "tune_n_iter": 30,
    "tune_cv_folds": 5,
    "use_pose_derivatives": true,
    "use_time_features": false,
    "class_config": "all",
    "include_order": false,
    "name": "perf_eye_gsr_ecg",
    "feature_groups": [
      "performance",
      "eye_tracking",
      "gsr",
      "ecg"
    ],
    "split_strategy": "random"
  },
  "metrics": {
    "test_acc_mean": 0.8365325077399379,
    "test_acc_std": 0.019786271968969024,
    "test_bal_acc_mean": 0.8356181829078269,
    "test_bal_acc_std": 0.01995062949840246,
    "test_f1_mean": 0.8378949755438454,
    "test_f1_std": 0.019464172678651446,
    "test_kappa_mean": 0.7544025042307095,
    "test_kappa_std": 0.029736986930222215,
    "test_precision_L_mean": 0.9284996674319241,
    "test_precision_L_std": 0.030176555595244476,
    "test_recall_L_mean": 0.7980582524271844,
    "test_recall_L_std": 0.0413935972953255,
    "test_f1_L_mean": 0.8576966409316098,
    "test_f1_L_std": 0.027627413848060136,
    "test_precision_M_mean": 0.7472578741822429,
    "test_precision_M_std": 0.03393759199830972,
    "test_recall_M_mean": 0.8462962962962962,
    "test_recall_M_std": 0.03442430492246588,
    "test_f1_M_mean": 0.792822662416736,
    "test_f1_M_std": 0.019732801813456026,
    "test_precision_H_mean": 0.8642926532594508,
    "test_precision_H_std": 0.016043266886587568,
    "test_recall_H_mean": 0.8625,
    "test_recall_H_std": 0.027016204090262414,
    "test_f1_H_mean": 0.8631471030687388,
    "test_f1_H_std": 0.015864554721519424
  },
  "confusion_matrix": [
    [
      79.80582524271844,
      17.66990291262136,
      2.524271844660194
    ],
    [
      3.7037037037037037,
      84.62962962962965,
      11.666666666666666
    ],
    [
      2.142857142857143,
      11.607142857142856,
      86.24999999999999
    ]
  ],
  "selected_features": [
    "sysmon_failure_rate",
    "sysmon_average_reaction_times",
    "track_failure_rate",
    "resman_failure_rate",
    "average_accuracy",
    "average_reaction_time",
    "pct_missing",
    "mean_vel",
    "max_vel",
    "rms_disp",
    "fix_mean_dur",
    "blink_mean_dur",
    "blink_rate",
    "sac_rate",
    "t_end_sec",
    "HRV_MedianNN",
    "HRV_Prc80NN",
    "HRV_MaxNN",
    "HRV_CVI",
    "HRV_ShanEn"
  ],
  "tuned_rf_params": {},
  "n_features": 20,
  "n_seeds": 10,
  "timestamp": "2025-10-17T18:30:19.452161"
}