{
  "name": "pose_perf_gsr",
  "config": {
    "n_seeds": 10,
    "feature_selection": "backward",
    "use_pca": false,
    "pca_variance": 0.95,
    "write_cm": true,
    "tune_hyperparameters": false,
    "tune_n_iter": 30,
    "tune_cv_folds": 5,
    "use_pose_derivatives": true,
    "use_time_features": false,
    "class_config": "all",
    "include_order": false,
    "name": "pose_perf_gsr",
    "feature_groups": [
      "pose",
      "performance",
      "gsr"
    ],
    "split_strategy": "random"
  },
  "metrics": {
    "test_acc_mean": 0.9039325842696628,
    "test_acc_std": 0.021547790057891418,
    "test_bal_acc_mean": 0.9038606403013183,
    "test_bal_acc_std": 0.0215368250433928,
    "test_f1_mean": 0.9045009855329408,
    "test_f1_std": 0.021325444474050936,
    "test_kappa_mean": 0.8558629495187207,
    "test_kappa_std": 0.03233180844370805,
    "test_precision_L_mean": 0.9688836074430025,
    "test_precision_L_std": 0.020491156537743766,
    "test_recall_L_mean": 0.8898305084745763,
    "test_recall_L_std": 0.029356793348625034,
    "test_f1_L_mean": 0.9274226637331389,
    "test_f1_L_std": 0.02032658069455914,
    "test_precision_M_mean": 0.8529226219994778,
    "test_precision_M_std": 0.033186271197260794,
    "test_recall_M_mean": 0.9166666666666666,
    "test_recall_M_std": 0.03042903097250924,
    "test_f1_M_mean": 0.883270716783113,
    "test_f1_M_std": 0.02548871692329316,
    "test_precision_H_mean": 0.9017243831081467,
    "test_precision_H_std": 0.034374849763093025,
    "test_recall_H_mean": 0.9050847457627118,
    "test_recall_H_std": 0.03501001894876761,
    "test_f1_H_mean": 0.9031694111461273,
    "test_f1_H_std": 0.031277105810498015
  },
  "confusion_matrix": [
    [
      88.98305084745763,
      7.796610169491525,
      3.220338983050847
    ],
    [
      1.75,
      91.66666666666667,
      6.583333333333334
    ],
    [
      1.1016949152542375,
      8.389830508474576,
      90.5084745762712
    ]
  ],
  "selected_features": [
    "head_rotation_rad_min",
    "head_rotation_rad_max",
    "head_rotation_rad_rms",
    "head_rotation_rad_p25",
    "head_rotation_rad_p75",
    "head_tx_max",
    "head_tx_median",
    "head_tx_p25",
    "head_tx_p75",
    "head_tx_autocorr1",
    "head_ty_max",
    "head_ty_rms",
    "head_ty_std",
    "head_scalex_min",
    "head_scalex_rms",
    "head_scalex_p75",
    "head_scaley_min",
    "head_scaley_std",
    "head_scaley_p75",
    "head_motion_mag_min",
    "head_motion_mag_rms",
    "head_motion_mag_p75",
    "head_motion_mag_autocorr1",
    "blink_aperture_max",
    "blink_aperture_std",
    "blink_aperture_p75",
    "mouth_aperture_std",
    "mouth_aperture_median",
    "mouth_aperture_p25",
    "mouth_aperture_p75",
    "mouth_aperture_autocorr1",
    "pupil_dx_mean",
    "pupil_dx_p25",
    "pupil_dx_p75",
    "pupil_metric_min",
    "pupil_metric_mean",
    "head_rotation_rad_vel_p25",
    "head_rotation_rad_vel_p75",
    "head_rotation_rad_vel_autocorr1",
    "head_rotation_rad_acc_p75",
    "head_rotation_rad_acc_autocorr1",
    "head_tx_vel_p25",
    "head_tx_vel_autocorr1",
    "head_ty_acc_mean",
    "head_ty_acc_autocorr1",
    "head_scalex_acc_median",
    "head_scalex_acc_autocorr1",
    "head_scaley_vel_std",
    "head_scaley_vel_p25",
    "head_scaley_vel_p75",
    "head_scaley_vel_autocorr1",
    "head_scaley_acc_mean",
    "head_scaley_acc_median",
    "head_scaley_acc_p75",
    "blink_aperture_vel_median",
    "blink_aperture_acc_max",
    "blink_aperture_acc_std",
    "blink_aperture_acc_autocorr1",
    "mouth_aperture_acc_std",
    "mouth_aperture_acc_p75",
    "pupil_dx_acc_min",
    "pupil_dx_acc_max",
    "pupil_dx_acc_p75",
    "pupil_dy_vel_median",
    "pupil_metric_vel_std",
    "pupil_metric_vel_median",
    "pupil_metric_acc_min",
    "pupil_metric_acc_std",
    "sysmon_failure_rate",
    "sysmon_average_reaction_times",
    "track_failure_rate",
    "resman_failure_rate",
    "average_accuracy",
    "average_reaction_time",
    "SCR_Peaks_Amplitude_Mean"
  ],
  "tuned_rf_params": {},
  "n_features": 75,
  "n_seeds": 10,
  "timestamp": "2025-10-17T18:09:29.185579"
}