{
  "name": "pose_eye_gsr",
  "config": {
    "n_seeds": 10,
    "feature_selection": "backward",
    "use_pca": false,
    "pca_variance": 0.95,
    "write_cm": true,
    "tune_hyperparameters": false,
    "tune_n_iter": 30,
    "tune_cv_folds": 5,
    "use_pose_derivatives": true,
    "use_time_features": false,
    "class_config": "all",
    "include_order": false,
    "name": "pose_eye_gsr",
    "feature_groups": [
      "pose",
      "eye_tracking",
      "gsr"
    ],
    "split_strategy": "random"
  },
  "metrics": {
    "test_acc_mean": 0.9173913043478261,
    "test_acc_std": 0.018846772176938312,
    "test_bal_acc_mean": 0.9173879520862279,
    "test_bal_acc_std": 0.01891982459527126,
    "test_f1_mean": 0.9173469742620618,
    "test_f1_std": 0.0188524273369242,
    "test_kappa_mean": 0.8760593526032634,
    "test_kappa_std": 0.02828656070405934,
    "test_precision_L_mean": 0.9238395047882578,
    "test_precision_L_std": 0.027882503893293286,
    "test_recall_L_mean": 0.9133928571428571,
    "test_recall_L_std": 0.0336849019450498,
    "test_f1_L_mean": 0.9182160817706299,
    "test_f1_L_std": 0.024323111015004565,
    "test_precision_M_mean": 0.922213742448912,
    "test_precision_M_std": 0.029915009105323787,
    "test_recall_M_mean": 0.9364647804302976,
    "test_recall_M_std": 0.019774347906688364,
    "test_f1_M_mean": 0.9289776630069457,
    "test_f1_M_std": 0.018247750367522297,
    "test_precision_H_mean": 0.9088079517452066,
    "test_precision_H_std": 0.031597748171415044,
    "test_recall_H_mean": 0.902306218685529,
    "test_recall_H_std": 0.03418451315778792,
    "test_f1_H_mean": 0.9049433223210009,
    "test_f1_H_std": 0.02175182656325791
  },
  "confusion_matrix": [
    [
      91.33928571428571,
      2.678571428571428,
      5.982142857142857
    ],
    [
      2.9185086943707637,
      93.64647804302976,
      3.435013262599469
    ],
    [
      4.372236958443855,
      5.397141173003242,
      90.2306218685529
    ]
  ],
  "selected_features": [
    "head_rotation_rad_std",
    "head_rotation_rad_p25",
    "head_tx_max",
    "head_tx_rms",
    "head_tx_std",
    "head_tx_median",
    "head_tx_p25",
    "head_tx_p75",
    "head_ty_p75",
    "head_ty_autocorr1",
    "head_scalex_min",
    "head_scalex_p75",
    "head_scaley_min",
    "head_scaley_max",
    "head_scaley_p75",
    "head_motion_mag_min",
    "head_motion_mag_p75",
    "head_motion_mag_autocorr1",
    "blink_aperture_max",
    "blink_aperture_p75",
    "mouth_aperture_p75",
    "pupil_dx_p75",
    "pupil_dy_mean",
    "pupil_metric_p75",
    "head_rotation_rad_vel_max",
    "head_rotation_rad_vel_p25",
    "head_rotation_rad_acc_std",
    "head_rotation_rad_acc_median",
    "head_tx_vel_autocorr1",
    "head_tx_acc_p75",
    "head_ty_vel_max",
    "head_ty_acc_autocorr1",
    "head_scalex_vel_autocorr1",
    "head_scalex_acc_mean",
    "head_scalex_acc_autocorr1",
    "head_scaley_vel_min",
    "head_scaley_vel_max",
    "head_scaley_vel_autocorr1",
    "head_scaley_acc_mean",
    "head_motion_mag_vel_autocorr1",
    "head_motion_mag_acc_p75",
    "head_motion_mag_acc_autocorr1",
    "blink_aperture_vel_median",
    "blink_aperture_acc_min",
    "blink_aperture_acc_max",
    "blink_aperture_acc_mean",
    "blink_aperture_acc_median",
    "pupil_dx_vel_min",
    "pupil_dy_acc_min",
    "pupil_dy_acc_median",
    "pupil_metric_vel_max",
    "pupil_metric_vel_autocorr1",
    "pupil_metric_acc_std",
    "pupil_metric_acc_autocorr1",
    "mean_vel",
    "max_vel",
    "rms_disp",
    "fix_mean_dur",
    "fix_rate",
    "blink_mean_dur",
    "blink_rate",
    "sac_rate",
    "SCR_Peaks_Amplitude_Mean",
    "EDA_Tonic_SD"
  ],
  "tuned_rf_params": {},
  "n_features": 64,
  "n_seeds": 10,
  "timestamp": "2025-10-17T18:14:15.517827"
}