{
  "name": "pose_eye",
  "config": {
    "n_seeds": 10,
    "feature_selection": "backward",
    "use_pca": false,
    "pca_variance": 0.95,
    "write_cm": true,
    "tune_hyperparameters": false,
    "tune_n_iter": 30,
    "tune_cv_folds": 5,
    "use_pose_derivatives": true,
    "use_time_features": false,
    "class_config": "all",
    "include_order": false,
    "name": "pose_eye",
    "feature_groups": [
      "pose",
      "eye_tracking"
    ],
    "split_strategy": "random"
  },
  "metrics": {
    "test_acc_mean": 0.9181333333333332,
    "test_acc_std": 0.010670369727589436,
    "test_bal_acc_mean": 0.9183004246420416,
    "test_bal_acc_std": 0.010711335478297628,
    "test_f1_mean": 0.9179874309868421,
    "test_f1_std": 0.010636209735700867,
    "test_kappa_mean": 0.87719841523046,
    "test_kappa_std": 0.016011705180890897,
    "test_precision_L_mean": 0.9111617119441613,
    "test_precision_L_std": 0.02047335667592128,
    "test_recall_L_mean": 0.9447154471544715,
    "test_recall_L_std": 0.02731621283112012,
    "test_f1_L_mean": 0.9273034435696692,
    "test_f1_L_std": 0.015350522644754255,
    "test_precision_M_mean": 0.939265100386508,
    "test_precision_M_std": 0.013887092273060958,
    "test_recall_M_mean": 0.8968000000000002,
    "test_recall_M_std": 0.02625007936495939,
    "test_f1_M_mean": 0.9172130489637869,
    "test_f1_M_std": 0.010960554341440746,
    "test_precision_H_mean": 0.9071716547569192,
    "test_precision_H_std": 0.02482510874794963,
    "test_recall_H_mean": 0.9133858267716535,
    "test_recall_H_std": 0.03105553691915808,
    "test_f1_H_mean": 0.9097270231537256,
    "test_f1_H_std": 0.01614540244753768
  },
  "confusion_matrix": [
    [
      94.47154471544715,
      1.9512195121951224,
      3.577235772357723
    ],
    [
      4.24,
      89.67999999999999,
      6.08
    ],
    [
      4.803149606299213,
      3.8582677165354324,
      91.33858267716536
    ]
  ],
  "selected_features": [
    "head_rotation_rad_min",
    "head_rotation_rad_std",
    "head_rotation_rad_median",
    "head_rotation_rad_p25",
    "head_tx_p25",
    "head_ty_min",
    "head_ty_max",
    "head_ty_rms",
    "head_ty_std",
    "head_ty_p75",
    "head_scalex_min",
    "head_scalex_p75",
    "head_scaley_min",
    "head_scaley_p75",
    "head_motion_mag_min",
    "head_motion_mag_rms",
    "head_motion_mag_p75",
    "head_motion_mag_autocorr1",
    "mouth_aperture_max",
    "mouth_aperture_mean",
    "mouth_aperture_median",
    "pupil_dx_mean",
    "pupil_dy_median",
    "head_rotation_rad_vel_p75",
    "head_tx_vel_autocorr1",
    "head_scalex_vel_autocorr1",
    "head_scaley_vel_autocorr1",
    "head_motion_mag_acc_autocorr1",
    "blink_aperture_vel_median",
    "blink_aperture_vel_autocorr1",
    "mouth_aperture_acc_median",
    "pupil_dx_acc_p75",
    "pupil_metric_vel_std",
    "pupil_metric_vel_autocorr1",
    "pupil_metric_acc_min",
    "pupil_metric_acc_p75",
    "pct_missing",
    "mean_vel",
    "fix_mean_dur",
    "blink_rate",
    "sac_rate"
  ],
  "tuned_rf_params": {},
  "n_features": 41,
  "n_seeds": 10,
  "timestamp": "2025-10-17T17:58:04.301110"
}