{
  "name": "pose_perf_ecg",
  "config": {
    "n_seeds": 10,
    "feature_selection": "backward",
    "use_pca": false,
    "pca_variance": 0.95,
    "write_cm": true,
    "tune_hyperparameters": false,
    "tune_n_iter": 30,
    "tune_cv_folds": 5,
    "use_pose_derivatives": true,
    "use_time_features": false,
    "class_config": "all",
    "include_order": false,
    "name": "pose_perf_ecg",
    "feature_groups": [
      "pose",
      "performance",
      "ecg"
    ],
    "split_strategy": "random"
  },
  "metrics": {
    "test_acc_mean": 0.9059523809523812,
    "test_acc_std": 0.013176156917368259,
    "test_bal_acc_mean": 0.9060692271218587,
    "test_bal_acc_std": 0.013296708562107679,
    "test_f1_mean": 0.906519453185839,
    "test_f1_std": 0.013027378307971528,
    "test_kappa_mean": 0.8589261651944919,
    "test_kappa_std": 0.01977454403353561,
    "test_precision_L_mean": 0.9729220028358938,
    "test_precision_L_std": 0.015855682014746013,
    "test_recall_L_mean": 0.9018018018018019,
    "test_recall_L_std": 0.031624345025587426,
    "test_f1_L_mean": 0.9357463699935726,
    "test_f1_L_std": 0.0199810709571596,
    "test_precision_M_mean": 0.8481237403892203,
    "test_precision_M_std": 0.022997609125764366,
    "test_recall_M_mean": 0.9234234234234234,
    "test_recall_M_std": 0.03213353537392299,
    "test_f1_M_mean": 0.8839144635344187,
    "test_f1_M_std": 0.02220737928362556,
    "test_precision_H_mean": 0.9079148972295565,
    "test_precision_H_std": 0.02102817696759141,
    "test_recall_H_mean": 0.8929824561403509,
    "test_recall_H_std": 0.02180275073954064,
    "test_f1_H_mean": 0.9000717872704816,
    "test_f1_H_std": 0.011925283580481576
  },
  "confusion_matrix": [
    [
      90.18018018018017,
      7.2972972972972965,
      2.522522522522522
    ],
    [
      0.8108108108108109,
      92.34234234234233,
      6.846846846846846
    ],
    [
      1.6666666666666665,
      9.035087719298243,
      89.2982456140351
    ]
  ],
  "selected_features": [
    "head_rotation_rad_min",
    "head_rotation_rad_rms",
    "head_rotation_rad_std",
    "head_rotation_rad_autocorr1",
    "head_ty_min",
    "head_ty_max",
    "head_ty_rms",
    "head_ty_p75",
    "head_scalex_min",
    "head_scalex_p75",
    "head_scalex_autocorr1",
    "head_scaley_min",
    "head_scaley_p75",
    "head_motion_mag_rms",
    "head_motion_mag_p75",
    "head_motion_mag_autocorr1",
    "mouth_aperture_max",
    "mouth_aperture_mean",
    "mouth_aperture_p25",
    "pupil_dx_max",
    "pupil_dx_p25",
    "pupil_dy_p25",
    "head_rotation_rad_vel_min",
    "head_rotation_rad_vel_p25",
    "head_rotation_rad_vel_p75",
    "head_tx_acc_median",
    "head_scalex_acc_autocorr1",
    "head_scaley_vel_autocorr1",
    "head_motion_mag_vel_autocorr1",
    "head_motion_mag_acc_std",
    "blink_aperture_vel_p75",
    "mouth_aperture_vel_min",
    "mouth_aperture_acc_std",
    "pupil_dx_acc_min",
    "pupil_dx_acc_max",
    "pupil_dy_acc_median",
    "pupil_dy_acc_autocorr1",
    "pupil_metric_vel_std",
    "pupil_metric_acc_p75",
    "sysmon_failure_rate",
    "sysmon_average_reaction_times",
    "track_failure_rate",
    "resman_failure_rate",
    "average_accuracy",
    "average_reaction_time",
    "HRV_MeanNN",
    "HRV_Prc80NN",
    "HRV_pNN20",
    "HRV_LFn",
    "HRV_CVI",
    "HRV_PAS",
    "HRV_C2a"
  ],
  "tuned_rf_params": {},
  "n_features": 52,
  "n_seeds": 10,
  "timestamp": "2025-10-17T18:12:18.762336"
}