{
  "name": "pose_perf_eye_ecg",
  "config": {
    "n_seeds": 10,
    "feature_selection": "backward",
    "use_pca": false,
    "pca_variance": 0.95,
    "write_cm": true,
    "tune_hyperparameters": false,
    "tune_n_iter": 30,
    "tune_cv_folds": 5,
    "use_pose_derivatives": true,
    "use_time_features": false,
    "class_config": "all",
    "include_order": false,
    "name": "pose_perf_eye_ecg",
    "feature_groups": [
      "pose",
      "performance",
      "eye_tracking",
      "ecg"
    ],
    "split_strategy": "random"
  },
  "metrics": {
    "test_acc_mean": 0.928923076923077,
    "test_acc_std": 0.01118372067572018,
    "test_bal_acc_mean": 0.9291005291005291,
    "test_bal_acc_std": 0.01143411972518459,
    "test_f1_mean": 0.929218948842178,
    "test_f1_std": 0.011157667058141559,
    "test_kappa_mean": 0.8933281839409648,
    "test_kappa_std": 0.01680362471860613,
    "test_precision_L_mean": 0.9764235063252629,
    "test_precision_L_std": 0.01663143064199012,
    "test_recall_L_mean": 0.9380952380952381,
    "test_recall_L_std": 0.02627451644007436,
    "test_f1_L_mean": 0.9566655794604388,
    "test_f1_L_std": 0.01664105184414445,
    "test_precision_M_mean": 0.8911609223631167,
    "test_precision_M_std": 0.0206753618853475,
    "test_recall_M_mean": 0.9277777777777777,
    "test_recall_M_std": 0.023827480327924432,
    "test_f1_M_mean": 0.9088217493642011,
    "test_f1_M_std": 0.014390432556867398,
    "test_precision_H_mean": 0.9253783108129348,
    "test_precision_H_std": 0.023273761157105402,
    "test_recall_H_mean": 0.9214285714285715,
    "test_recall_H_std": 0.013832083379312203,
    "test_f1_H_mean": 0.9231564607056079,
    "test_f1_H_std": 0.010529226207552903
  },
  "confusion_matrix": [
    [
      93.80952380952382,
      4.666666666666667,
      1.523809523809524
    ],
    [
      0.9259259259259258,
      92.77777777777776,
      6.296296296296296
    ],
    [
      1.2499999999999996,
      6.607142857142857,
      92.14285714285714
    ]
  ],
  "selected_features": [
    "head_rotation_rad_min",
    "head_rotation_rad_max",
    "head_rotation_rad_rms",
    "head_rotation_rad_std",
    "head_rotation_rad_median",
    "head_rotation_rad_p25",
    "head_rotation_rad_p75",
    "head_rotation_rad_autocorr1",
    "head_tx_max",
    "head_tx_std",
    "head_tx_median",
    "head_tx_p25",
    "head_tx_p75",
    "head_tx_autocorr1",
    "head_ty_min",
    "head_ty_max",
    "head_ty_rms",
    "head_ty_std",
    "head_ty_p75",
    "head_ty_autocorr1",
    "head_scalex_min",
    "head_scalex_rms",
    "head_scalex_p75",
    "head_scalex_autocorr1",
    "head_scaley_min",
    "head_scaley_std",
    "head_scaley_p75",
    "head_scaley_autocorr1",
    "head_motion_mag_min",
    "head_motion_mag_rms",
    "head_motion_mag_p75",
    "head_motion_mag_autocorr1",
    "blink_aperture_min",
    "blink_aperture_max",
    "blink_aperture_std",
    "blink_aperture_p25",
    "blink_aperture_p75",
    "mouth_aperture_min",
    "mouth_aperture_max",
    "mouth_aperture_mean",
    "mouth_aperture_std",
    "mouth_aperture_median",
    "mouth_aperture_p25",
    "mouth_aperture_p75",
    "mouth_aperture_autocorr1",
    "pupil_dx_max",
    "pupil_dx_mean",
    "pupil_dx_p25",
    "pupil_dx_p75",
    "pupil_dy_max",
    "pupil_dy_mean",
    "pupil_dy_median",
    "pupil_dy_p25",
    "pupil_dy_p75",
    "pupil_metric_min",
    "pupil_metric_mean",
    "pupil_metric_p25",
    "pupil_metric_p75",
    "pupil_metric_autocorr1",
    "head_rotation_rad_vel_min",
    "head_rotation_rad_vel_max",
    "head_rotation_rad_vel_mean",
    "head_rotation_rad_vel_std",
    "head_rotation_rad_vel_median",
    "head_rotation_rad_vel_p25",
    "head_rotation_rad_vel_p75",
    "head_rotation_rad_vel_autocorr1",
    "head_rotation_rad_acc_min",
    "head_rotation_rad_acc_max",
    "head_rotation_rad_acc_mean",
    "head_rotation_rad_acc_std",
    "head_rotation_rad_acc_median",
    "head_rotation_rad_acc_p75",
    "head_rotation_rad_acc_autocorr1",
    "head_tx_vel_mean",
    "head_tx_vel_median",
    "head_tx_vel_p25",
    "head_tx_vel_autocorr1",
    "head_tx_acc_median",
    "head_tx_acc_p75",
    "head_tx_acc_autocorr1",
    "head_ty_vel_max",
    "head_ty_vel_mean",
    "head_ty_vel_median",
    "head_ty_vel_autocorr1",
    "head_ty_acc_mean",
    "head_ty_acc_std",
    "head_ty_acc_median",
    "head_ty_acc_p75",
    "head_ty_acc_autocorr1",
    "head_scalex_vel_mean",
    "head_scalex_vel_median",
    "head_scalex_vel_autocorr1",
    "head_scalex_acc_mean",
    "head_scalex_acc_median",
    "head_scalex_acc_p75",
    "head_scalex_acc_autocorr1",
    "head_scaley_vel_min",
    "head_scaley_vel_mean",
    "head_scaley_vel_std",
    "head_scaley_vel_median",
    "head_scaley_vel_p25",
    "head_scaley_vel_p75",
    "head_scaley_vel_autocorr1",
    "head_scaley_acc_mean",
    "head_scaley_acc_std",
    "head_scaley_acc_median",
    "head_scaley_acc_p75",
    "head_scaley_acc_autocorr1",
    "head_motion_mag_vel_mean",
    "head_motion_mag_vel_median",
    "head_motion_mag_vel_autocorr1",
    "head_motion_mag_acc_mean",
    "head_motion_mag_acc_std",
    "head_motion_mag_acc_median",
    "head_motion_mag_acc_p75",
    "head_motion_mag_acc_autocorr1",
    "blink_aperture_vel_min",
    "blink_aperture_vel_max",
    "blink_aperture_vel_mean",
    "blink_aperture_vel_median",
    "blink_aperture_vel_autocorr1",
    "blink_aperture_acc_min",
    "blink_aperture_acc_max",
    "blink_aperture_acc_mean",
    "blink_aperture_acc_std",
    "blink_aperture_acc_median",
    "blink_aperture_acc_p75",
    "blink_aperture_acc_autocorr1",
    "mouth_aperture_vel_min",
    "mouth_aperture_vel_mean",
    "mouth_aperture_vel_median",
    "mouth_aperture_acc_min",
    "mouth_aperture_acc_max",
    "mouth_aperture_acc_mean",
    "mouth_aperture_acc_std",
    "mouth_aperture_acc_median",
    "mouth_aperture_acc_p75",
    "mouth_aperture_acc_autocorr1",
    "pupil_dx_vel_median",
    "pupil_dx_acc_min",
    "pupil_dx_acc_max",
    "pupil_dx_acc_mean",
    "pupil_dx_acc_median",
    "pupil_dx_acc_p75",
    "pupil_dx_acc_autocorr1",
    "pupil_dy_vel_mean",
    "pupil_dy_vel_median",
    "pupil_dy_acc_min",
    "pupil_dy_acc_mean",
    "pupil_dy_acc_median",
    "pupil_dy_acc_p75",
    "pupil_dy_acc_autocorr1",
    "pupil_metric_vel_max",
    "pupil_metric_vel_mean",
    "pupil_metric_vel_std",
    "pupil_metric_vel_median",
    "pupil_metric_vel_autocorr1",
    "pupil_metric_acc_min",
    "pupil_metric_acc_max",
    "pupil_metric_acc_mean",
    "pupil_metric_acc_std",
    "pupil_metric_acc_median",
    "pupil_metric_acc_p75",
    "pupil_metric_acc_autocorr1",
    "sysmon_failure_rate",
    "sysmon_average_reaction_times",
    "comms_failure_rate",
    "comms_events",
    "comms_own_events",
    "comms_average_reaction_times",
    "track_failure_rate",
    "resman_failure_rate",
    "average_accuracy",
    "average_reaction_time",
    "pct_missing",
    "mean_vel",
    "max_vel",
    "mean_acc",
    "rms_disp",
    "fix_mean_dur",
    "fix_rate",
    "blink_mean_dur",
    "blink_rate",
    "sac_rate",
    "t_end_sec",
    "HRV_MeanNN",
    "HRV_MedianNN",
    "HRV_MCVNN",
    "HRV_IQRNN",
    "HRV_Prc80NN",
    "HRV_pNN50",
    "HRV_pNN20",
    "HRV_MinNN",
    "HRV_MaxNN",
    "HRV_HTI",
    "HRV_TINN",
    "HRV_LF",
    "HRV_HF",
    "HRV_VHF",
    "HRV_TP",
    "HRV_LFHF",
    "HRV_LFn",
    "HRV_HFn",
    "HRV_LnHF",
    "HRV_SD1SD2",
    "HRV_S",
    "HRV_CSI",
    "HRV_CVI",
    "HRV_CSI_Modified",
    "HRV_IALS",
    "HRV_PSS",
    "HRV_PAS",
    "HRV_SI",
    "HRV_AI",
    "HRV_PI",
    "HRV_C1a",
    "HRV_C2a",
    "HRV_Ca",
    "HRV_SDNNa",
    "HRV_DFA_alpha1",
    "HRV_MFDFA_alpha1_Width",
    "HRV_MFDFA_alpha1_Peak",
    "HRV_MFDFA_alpha1_Mean",
    "HRV_MFDFA_alpha1_Max",
    "HRV_MFDFA_alpha1_Delta",
    "HRV_MFDFA_alpha1_Asymmetry",
    "HRV_MFDFA_alpha1_Increment",
    "HRV_ApEn",
    "HRV_SampEn",
    "HRV_ShanEn",
    "HRV_FuzzyEn",
    "HRV_MSEn",
