{
  "name": "pose_perf",
  "config": {
    "n_seeds": 10,
    "feature_selection": "backward",
    "use_pca": false,
    "pca_variance": 0.95,
    "write_cm": true,
    "tune_hyperparameters": false,
    "tune_n_iter": 30,
    "tune_cv_folds": 5,
    "use_pose_derivatives": true,
    "use_time_features": false,
    "class_config": "all",
    "include_order": false,
    "name": "pose_perf",
    "feature_groups": [
      "pose",
      "performance"
    ],
    "split_strategy": "random"
  },
  "metrics": {
    "test_acc_mean": 0.9038759689922481,
    "test_acc_std": 0.015542109999848334,
    "test_bal_acc_mean": 0.9038759689922481,
    "test_bal_acc_std": 0.015542109999848348,
    "test_f1_mean": 0.9045683426125268,
    "test_f1_std": 0.015262432281114981,
    "test_kappa_mean": 0.855813953488372,
    "test_kappa_std": 0.023313164999772536,
    "test_precision_L_mean": 0.9733252481092001,
    "test_precision_L_std": 0.014516066769943358,
    "test_recall_L_mean": 0.8891472868217054,
    "test_recall_L_std": 0.02808109144578224,
    "test_f1_L_mean": 0.9289551531229586,
    "test_f1_L_std": 0.011841310910613311,
    "test_precision_M_mean": 0.8447139384442444,
    "test_precision_M_std": 0.029668843675795403,
    "test_recall_M_mean": 0.9124031007751938,
    "test_recall_M_std": 0.032284234003380825,
    "test_f1_M_mean": 0.8767433970345694,
    "test_f1_M_std": 0.021236955173055242,
    "test_precision_H_mean": 0.9064196087206646,
    "test_precision_H_std": 0.031171084849351372,
    "test_recall_H_mean": 0.9100775193798449,
    "test_recall_H_std": 0.02787825107857609,
    "test_f1_H_mean": 0.9080064776800526,
    "test_f1_H_std": 0.025387158512360383
  },
  "confusion_matrix": [
    [
      88.91472868217053,
      8.83720930232558,
      2.248062015503876
    ],
    [
      1.550387596899225,
      91.24031007751938,
      7.209302325581396
    ],
    [
      0.930232558139535,
      8.062015503875967,
      91.00775193798448
    ]
  ],
  "selected_features": [
    "head_rotation_rad_min",
    "head_rotation_rad_max",
    "head_rotation_rad_std",
    "head_rotation_rad_p25",
    "head_rotation_rad_autocorr1",
    "head_tx_min",
    "head_tx_max",
    "head_tx_std",
    "head_tx_median",
    "head_tx_p25",
    "head_tx_p75",
    "head_tx_autocorr1",
    "head_ty_max",
    "head_ty_rms",
    "head_ty_std",
    "head_ty_p75",
    "head_scalex_min",
    "head_scalex_p75",
    "head_scaley_min",
    "head_scaley_max",
    "head_scaley_std",
    "head_motion_mag_min",
    "head_motion_mag_rms",
    "head_motion_mag_p75",
    "head_motion_mag_autocorr1",
    "blink_aperture_max",
    "blink_aperture_p75",
    "blink_aperture_autocorr1",
    "mouth_aperture_max",
    "mouth_aperture_std",
    "mouth_aperture_median",
    "mouth_aperture_p75",
    "mouth_aperture_autocorr1",
    "pupil_dx_mean",
    "pupil_dy_max",
    "pupil_dy_mean",
    "pupil_dy_p25",
    "pupil_dy_p75",
    "pupil_metric_min",
    "pupil_metric_p25",
    "pupil_metric_autocorr1",
    "head_rotation_rad_vel_min",
    "head_rotation_rad_vel_median",
    "head_rotation_rad_vel_p25",
    "head_rotation_rad_vel_p75",
    "head_rotation_rad_vel_autocorr1",
    "head_rotation_rad_acc_std",
    "head_rotation_rad_acc_median",
    "head_rotation_rad_acc_p75",
    "head_tx_vel_autocorr1",
    "head_tx_acc_mean",
    "head_tx_acc_median",
    "head_tx_acc_autocorr1",
    "head_ty_vel_median",
    "head_ty_acc_max",
    "head_scalex_acc_mean",
    "head_scalex_acc_autocorr1",
    "head_scaley_vel_median",
    "head_scaley_vel_autocorr1",
    "head_scaley_acc_max",
    "head_scaley_acc_p75",
    "head_motion_mag_vel_median",
    "head_motion_mag_vel_autocorr1",
    "head_motion_mag_acc_p75",
    "head_motion_mag_acc_autocorr1",
    "blink_aperture_vel_min",
    "blink_aperture_vel_median",
    "blink_aperture_acc_min",
    "blink_aperture_acc_mean",
    "blink_aperture_acc_std",
    "blink_aperture_acc_median",
    "blink_aperture_acc_p25",
    "blink_aperture_acc_p75",
    "blink_aperture_acc_autocorr1",
    "mouth_aperture_vel_min",
    "mouth_aperture_acc_min",
    "mouth_aperture_acc_max",
    "mouth_aperture_acc_median",
    "mouth_aperture_acc_p75",
    "pupil_dx_vel_autocorr1",
    "pupil_dx_acc_max",
    "pupil_dx_acc_std",
    "pupil_dy_acc_mean",
    "pupil_dy_acc_p75",
    "pupil_metric_vel_std",
    "pupil_metric_acc_max",
    "pupil_metric_acc_mean",
    "pupil_metric_acc_std",
    "pupil_metric_acc_median",
    "pupil_metric_acc_p75",
    "pupil_metric_acc_autocorr1",
    "sysmon_failure_rate",
    "sysmon_average_reaction_times",
    "comms_failure_rate",
    "track_failure_rate",
    "resman_failure_rate",
    "average_accuracy",
    "average_reaction_time"
  ],
  "tuned_rf_params": {},
  "n_features": 98,
  "n_seeds": 10,
  "timestamp": "2025-10-17T17:55:46.592831"
}