{
  "name": "pose_perf_gsr_ecg",
  "config": {
    "n_seeds": 10,
    "feature_selection": "backward",
    "use_pca": false,
    "pca_variance": 0.95,
    "write_cm": true,
    "tune_hyperparameters": false,
    "tune_n_iter": 30,
    "tune_cv_folds": 5,
    "use_pose_derivatives": true,
    "use_time_features": false,
    "class_config": "all",
    "include_order": false,
    "name": "pose_perf_gsr_ecg",
    "feature_groups": [
      "pose",
      "performance",
      "gsr",
      "ecg"
    ],
    "split_strategy": "random"
  },
  "metrics": {
    "test_acc_mean": 0.9159159159159158,
    "test_acc_std": 0.015700087228586714,
    "test_bal_acc_mean": 0.9158702259944447,
    "test_bal_acc_std": 0.015788480646670558,
    "test_f1_mean": 0.9163630705103614,
    "test_f1_std": 0.01549876906133283,
    "test_kappa_mean": 0.8738313615314744,
    "test_kappa_std": 0.023573078315152547,
    "test_precision_L_mean": 0.9735875462011648,
    "test_precision_L_std": 0.017739592395301068,
    "test_recall_L_mean": 0.9100917431192661,
    "test_recall_L_std": 0.03082471723144748,
    "test_f1_L_mean": 0.9405584744488118,
    "test_f1_L_std": 0.021008447374350876,
    "test_precision_M_mean": 0.8700886208467917,
    "test_precision_M_std": 0.025938523445763865,
    "test_recall_M_mean": 0.9198198198198199,
    "test_recall_M_std": 0.028944338162213777,
    "test_f1_M_mean": 0.8940211886134464,
    "test_f1_M_std": 0.022377542816120897,
    "test_precision_H_mean": 0.9127734451172484,
    "test_precision_H_std": 0.02825353623715765,
    "test_recall_H_mean": 0.917699115044248,
    "test_recall_H_std": 0.020028607901791107,
    "test_f1_H_mean": 0.9149705914065247,
    "test_f1_H_std": 0.018541367005935644
  },
  "confusion_matrix": [
    [
      91.0091743119266,
      6.513761467889909,
      2.4770642201834865
    ],
    [
      1.4414414414414414,
      91.98198198198199,
      6.576576576576576
    ],
    [
      0.9734513274336285,
      7.256637168141593,
      91.76991150442477
    ]
  ],
  "selected_features": [
    "head_rotation_rad_min",
    "head_rotation_rad_max",
    "head_rotation_rad_rms",
    "head_rotation_rad_p25",
    "head_rotation_rad_p75",
    "head_rotation_rad_autocorr1",
    "head_tx_std",
    "head_tx_median",
    "head_tx_p25",
    "head_tx_p75",
    "head_tx_autocorr1",
    "head_ty_min",
    "head_ty_max",
    "head_ty_rms",
    "head_ty_std",
    "head_ty_p75",
    "head_scalex_min",
    "head_scalex_rms",
    "head_scalex_p75",
    "head_scalex_autocorr1",
    "head_scaley_min",
    "head_scaley_max",
    "head_scaley_std",
    "head_scaley_p75",
    "head_motion_mag_min",
    "head_motion_mag_rms",
    "head_motion_mag_p75",
    "head_motion_mag_autocorr1",
    "blink_aperture_max",
    "blink_aperture_p25",
    "blink_aperture_p75",
    "mouth_aperture_max",
    "mouth_aperture_mean",
    "mouth_aperture_p25",
    "mouth_aperture_autocorr1",
    "pupil_dx_p25",
    "pupil_dx_p75",
    "pupil_dy_rms",
    "pupil_dy_mean",
    "pupil_dy_median",
    "pupil_dy_p25",
    "pupil_metric_min",
    "pupil_metric_rms",
    "pupil_metric_mean",
    "pupil_metric_std",
    "pupil_metric_p25",
    "pupil_metric_p75",
    "pupil_metric_autocorr1",
    "head_rotation_rad_vel_min",
    "head_rotation_rad_vel_std",
    "head_rotation_rad_vel_p25",
    "head_rotation_rad_vel_p75",
    "head_rotation_rad_vel_autocorr1",
    "head_rotation_rad_acc_mean",
    "head_rotation_rad_acc_std",
    "head_rotation_rad_acc_median",
    "head_rotation_rad_acc_p75",
    "head_rotation_rad_acc_autocorr1",
    "head_tx_vel_median",
    "head_tx_vel_p25",
    "head_tx_vel_autocorr1",
    "head_tx_acc_p75",
    "head_tx_acc_autocorr1",
    "head_ty_vel_max",
    "head_ty_vel_median",
    "head_ty_vel_autocorr1",
    "head_ty_acc_std",
    "head_ty_acc_median",
    "head_ty_acc_autocorr1",
    "head_scalex_vel_median",
    "head_scalex_vel_autocorr1",
    "head_scalex_acc_mean",
    "head_scalex_acc_median",
    "head_scalex_acc_p75",
    "head_scalex_acc_autocorr1",
    "head_scaley_vel_p25",
    "head_scaley_vel_p75",
    "head_scaley_vel_autocorr1",
    "head_scaley_acc_mean",
    "head_scaley_acc_std",
    "head_scaley_acc_median",
    "head_motion_mag_vel_median",
    "head_motion_mag_vel_autocorr1",
    "head_motion_mag_acc_std",
    "head_motion_mag_acc_median",
    "head_motion_mag_acc_p75",
    "head_motion_mag_acc_autocorr1",
    "blink_aperture_vel_min",
    "blink_aperture_vel_max",
    "blink_aperture_vel_median",
    "blink_aperture_vel_p75",
    "blink_aperture_acc_min",
    "blink_aperture_acc_max",
    "blink_aperture_acc_std",
    "blink_aperture_acc_p75",
    "mouth_aperture_vel_mean",
    "mouth_aperture_acc_min",
    "mouth_aperture_acc_max",
    "mouth_aperture_acc_median",
    "mouth_aperture_acc_p75",
    "mouth_aperture_acc_autocorr1",
    "pupil_dx_vel_median",
    "pupil_dx_acc_max",
    "pupil_dx_acc_std",
    "pupil_dy_vel_mean",
    "pupil_dy_acc_mean",
    "pupil_dy_acc_median",
    "pupil_dy_acc_p75",
    "pupil_dy_acc_autocorr1",
    "pupil_metric_vel_mean",
    "pupil_metric_vel_median",
    "pupil_metric_acc_min",
    "pupil_metric_acc_max",
    "pupil_metric_acc_mean",
    "pupil_metric_acc_p75",
    "pupil_metric_acc_autocorr1",
    "sysmon_failure_rate",
    "sysmon_average_reaction_times",
    "comms_own_events",
    "track_failure_rate",
    "resman_failure_rate",
    "average_accuracy",
    "average_reaction_time",
    "t_end_sec",
    "SCR_Peaks_N",
    "SCR_Peaks_Amplitude_Mean",
    "EDA_Tonic_SD",
    "HRV_MeanNN",
    "HRV_MedianNN",
    "HRV_IQRNN",
    "HRV_Prc80NN",
    "HRV_pNN50",
    "HRV_MinNN",
    "HRV_MaxNN",
    "HRV_LF",
    "HRV_VHF",
    "HRV_HFn",
    "HRV_LnHF",
    "HRV_SD1SD2",
    "HRV_S",
    "HRV_CSI",
    "HRV_CVI",
    "HRV_IALS",
    "HRV_PSS",
    "HRV_PAS",
    "HRV_SI",
    "HRV_PI",
    "HRV_C2a",
    "HRV_Ca",
    "HRV_SDNNa",
    "HRV_DFA_alpha1",
    "HRV_MFDFA_alpha1_Width",
    "HRV_MFDFA_alpha1_Peak",
    "HRV_MFDFA_alpha1_Delta",
    "HRV_SampEn",
    "HRV_FuzzyEn",
    "HRV_CMSEn",
    "HRV_CD",
    "HRV_HFD",
    "HRV_LZC"
  ],
  "tuned_rf_params": {},
  "n_features": 160,
  "n_seeds": 10,
  "timestamp": "2025-10-17T18:28:19.880477"
}