{
  "name": "pose_gsr_ecg",
  "config": {
    "n_seeds": 10,
    "feature_selection": "backward",
    "use_pca": false,
    "pca_variance": 0.95,
    "write_cm": true,
    "tune_hyperparameters": false,
    "tune_n_iter": 30,
    "tune_cv_folds": 5,
    "use_pose_derivatives": true,
    "use_time_features": false,
    "class_config": "all",
    "include_order": false,
    "name": "pose_gsr_ecg",
    "feature_groups": [
      "pose",
      "gsr",
      "ecg"
    ],
    "split_strategy": "random"
  },
  "metrics": {
    "test_acc_mean": 0.9414414414414415,
    "test_acc_std": 0.01228012427065595,
    "test_bal_acc_mean": 0.9416873965790099,
    "test_bal_acc_std": 0.012192331893263275,
    "test_f1_mean": 0.9413102032383417,
    "test_f1_std": 0.012320600727314907,
    "test_kappa_mean": 0.9121673632827978,
    "test_kappa_std": 0.01841869994645902,
    "test_precision_L_mean": 0.9417778638598284,
    "test_precision_L_std": 0.02090825215813719,
    "test_recall_L_mean": 0.9568807339449542,
    "test_recall_L_std": 0.021209224323424727,
    "test_f1_L_mean": 0.9490454702778495,
    "test_f1_L_std": 0.014437772981438009,
    "test_precision_M_mean": 0.9345479608849265,
    "test_precision_M_std": 0.032796140242172415,
    "test_recall_M_mean": 0.9522522522522522,
    "test_recall_M_std": 0.02585025731730612,
    "test_f1_M_mean": 0.9426002004251057,
    "test_f1_M_std": 0.011561625220408756,
    "test_precision_H_mean": 0.950975647286198,
    "test_precision_H_std": 0.020100339490819383,
    "test_recall_H_mean": 0.9159292035398231,
    "test_recall_H_std": 0.038063386137356756,
    "test_f1_H_mean": 0.9325815855831457,
    "test_f1_H_std": 0.01966378111553169
  },
  "confusion_matrix": [
    [
      95.6880733944954,
      1.7431192660550459,
      2.5688073394495414
    ],
    [
      2.4324324324324325,
      95.22522522522522,
      2.3423423423423424
    ],
    [
      3.3628318584070795,
      5.04424778761062,
      91.5929203539823
    ]
  ],
  "selected_features": [
    "head_rotation_rad_median",
    "head_rotation_rad_p75",
    "head_rotation_rad_autocorr1",
    "head_tx_median",
    "head_tx_p25",
    "head_tx_p75",
    "head_tx_autocorr1",
    "head_ty_min",
    "head_ty_rms",
    "head_ty_p75",
    "head_scalex_min",
    "head_scalex_rms",
    "head_scalex_p75",
    "head_scaley_max",
    "head_scaley_p75",
    "head_scaley_autocorr1",
    "head_motion_mag_p75",
    "blink_aperture_p25",
    "blink_aperture_p75",
    "mouth_aperture_min",
    "mouth_aperture_mean",
    "mouth_aperture_autocorr1",
    "pupil_dx_max",
    "pupil_dy_max",
    "pupil_dy_median",
    "pupil_dy_p75",
    "pupil_metric_p75",
    "head_rotation_rad_vel_std",
    "head_tx_acc_autocorr1",
    "head_ty_vel_autocorr1",
    "head_scaley_vel_p25",
    "head_scaley_vel_autocorr1",
    "head_motion_mag_vel_median",
    "head_motion_mag_vel_autocorr1",
    "head_motion_mag_acc_p75",
    "blink_aperture_vel_p75",
    "blink_aperture_vel_autocorr1",
    "blink_aperture_acc_min",
    "blink_aperture_acc_max",
    "mouth_aperture_vel_min",
    "mouth_aperture_acc_median",
    "pupil_dx_acc_min",
    "pupil_dy_acc_p75",
    "pupil_metric_vel_min",
    "pupil_metric_vel_max",
    "pupil_metric_acc_std",
    "SCR_Peaks_Amplitude_Mean",
    "HRV_MeanNN",
    "HRV_IQRNN",
    "HRV_Prc80NN",
    "HRV_MaxNN",
    "HRV_SDNNa"
  ],
  "tuned_rf_params": {},
  "n_features": 52,
  "n_seeds": 10,
  "timestamp": "2025-10-17T18:19:48.200376"
}