{
  "name": "pose_eye_ecg",
  "config": {
    "n_seeds": 10,
    "feature_selection": "backward",
    "use_pca": false,
    "pca_variance": 0.95,
    "write_cm": true,
    "tune_hyperparameters": false,
    "tune_n_iter": 30,
    "tune_cv_folds": 5,
    "use_pose_derivatives": true,
    "use_time_features": false,
    "class_config": "all",
    "include_order": false,
    "name": "pose_eye_ecg",
    "feature_groups": [
      "pose",
      "eye_tracking",
      "ecg"
    ],
    "split_strategy": "random"
  },
  "metrics": {
    "test_acc_mean": 0.9427692307692308,
    "test_acc_std": 0.013388446254014957,
    "test_bal_acc_mean": 0.942905643738977,
    "test_bal_acc_std": 0.013393077599596442,
    "test_f1_mean": 0.9427543710313344,
    "test_f1_std": 0.01337535915781559,
    "test_kappa_mean": 0.9141153337030851,
    "test_kappa_std": 0.020092164563641383,
    "test_precision_L_mean": 0.9518977520549237,
    "test_precision_L_std": 0.022721127918837385,
    "test_recall_L_mean": 0.9552380952380952,
    "test_recall_L_std": 0.024610853896272135,
    "test_f1_L_mean": 0.9534033561006778,
    "test_f1_L_std": 0.019659002555403603,
    "test_precision_M_mean": 0.9548355651481215,
    "test_precision_M_std": 0.026389995454568563,
    "test_recall_M_mean": 0.9324074074074075,
    "test_recall_M_std": 0.0332560833260518,
    "test_f1_M_mean": 0.9427772634791021,
    "test_f1_M_std": 0.01323176437896933,
    "test_precision_H_mean": 0.9258185220267459,
    "test_precision_H_std": 0.03044216135819961,
    "test_recall_H_mean": 0.9410714285714284,
    "test_recall_H_std": 0.030986702582905645,
    "test_f1_H_mean": 0.9327488726684778,
    "test_f1_H_std": 0.017526522800414245
  },
  "confusion_matrix": [
    [
      95.52380952380949,
      1.4285714285714286,
      3.047619047619048
    ],
    [
      1.759259259259259,
      93.24074074074073,
      5.0
    ],
    [
      2.8571428571428568,
      3.0357142857142856,
      94.10714285714288
    ]
  ],
  "selected_features": [
    "head_rotation_rad_rms",
    "head_rotation_rad_median",
    "head_rotation_rad_p75",
    "head_rotation_rad_autocorr1",
    "head_tx_max",
    "head_tx_median",
    "head_tx_p25",
    "head_tx_p75",
    "head_tx_autocorr1",
    "head_ty_min",
    "head_ty_max",
    "head_ty_rms",
    "head_ty_std",
    "head_ty_autocorr1",
    "head_scalex_min",
    "head_scalex_rms",
    "head_scalex_p75",
    "head_scaley_min",
    "head_scaley_autocorr1",
    "head_motion_mag_min",
    "head_motion_mag_rms",
    "head_motion_mag_p75",
    "blink_aperture_max",
    "blink_aperture_p25",
    "blink_aperture_p75",
    "mouth_aperture_min",
    "mouth_aperture_max",
    "mouth_aperture_std",
    "mouth_aperture_autocorr1",
    "pupil_dx_mean",
    "pupil_dy_median",
    "pupil_dy_p25",
    "pupil_metric_p25",
    "pupil_metric_autocorr1",
    "head_rotation_rad_vel_max",
    "head_rotation_rad_vel_mean",
    "head_rotation_rad_vel_autocorr1",
    "head_rotation_rad_acc_min",
    "head_rotation_rad_acc_mean",
    "head_rotation_rad_acc_median",
    "head_rotation_rad_acc_p75",
    "head_tx_vel_mean",
    "head_tx_vel_autocorr1",
    "head_tx_acc_p75",
    "head_ty_acc_mean",
    "head_scalex_vel_median",
    "head_scalex_vel_autocorr1",
    "head_scalex_acc_median",
    "head_scalex_acc_autocorr1",
    "head_scaley_vel_min",
    "head_scaley_vel_std",
    "head_scaley_vel_p25",
    "head_scaley_vel_autocorr1",
    "head_scaley_acc_mean",
    "head_scaley_acc_median",
    "head_motion_mag_vel_autocorr1",
    "head_motion_mag_acc_mean",
    "head_motion_mag_acc_p75",
    "head_motion_mag_acc_autocorr1",
    "blink_aperture_vel_max",
    "blink_aperture_vel_mean",
    "blink_aperture_acc_max",
    "blink_aperture_acc_p75",
    "blink_aperture_acc_autocorr1",
    "mouth_aperture_acc_max",
    "mouth_aperture_acc_std",
    "mouth_aperture_acc_median",
    "pupil_dx_vel_median",
    "pupil_dx_acc_max",
    "pupil_dy_vel_median",
    "pupil_dy_acc_mean",
    "pupil_dy_acc_median",
    "pupil_metric_acc_max",
    "pupil_metric_acc_mean",
    "pupil_metric_acc_median",
    "pct_missing",
    "mean_vel",
    "max_vel",
    "mean_acc",
    "fix_mean_dur",
    "fix_rate",
    "blink_mean_dur",
    "blink_rate",
    "sac_rate",
    "HRV_MeanNN",
    "HRV_MedianNN",
    "HRV_pNN50",
    "HRV_pNN20",
    "HRV_MaxNN",
    "HRV_VHF",
    "HRV_TP",
    "HRV_CVI",
    "HRV_IALS",
    "HRV_PI",
    "HRV_C2a",
    "HRV_Ca",
    "HRV_MFDFA_alpha1_Asymmetry",
    "HRV_KFD"
  ],
  "tuned_rf_params": {},
  "n_features": 98,
  "n_seeds": 10,
  "timestamp": "2025-10-17T18:17:09.406799"
}