{
  "name": "pose",
  "config": {
    "n_seeds": 10,
    "feature_selection": "backward",
    "use_pca": false,
    "pca_variance": 0.95,
    "write_cm": true,
    "tune_hyperparameters": false,
    "tune_n_iter": 30,
    "tune_cv_folds": 5,
    "use_pose_derivatives": true,
    "use_time_features": false,
    "class_config": "all",
    "include_order": false,
    "name": "pose",
    "feature_groups": [
      "pose"
    ],
    "split_strategy": "random"
  },
  "metrics": {
    "test_acc_mean": 0.9251851851851851,
    "test_acc_std": 0.014446730500396797,
    "test_bal_acc_mean": 0.9251851851851851,
    "test_bal_acc_std": 0.014446730500396816,
    "test_f1_mean": 0.925192193912706,
    "test_f1_std": 0.014459672782786582,
    "test_kappa_mean": 0.8877777777777777,
    "test_kappa_std": 0.02167009575059519,
    "test_precision_L_mean": 0.9104704333135551,
    "test_precision_L_std": 0.031083320349798726,
    "test_recall_L_mean": 0.937037037037037,
    "test_recall_L_std": 0.013181578088927538,
    "test_f1_L_mean": 0.9232292543012184,
    "test_f1_L_std": 0.01563677053413243,
    "test_precision_M_mean": 0.9334069871562672,
    "test_precision_M_std": 0.02223808352928025,
    "test_recall_M_mean": 0.9303703703703704,
    "test_recall_M_std": 0.02862494172086802,
    "test_f1_M_mean": 0.9316674140548074,
    "test_f1_M_std": 0.02084830945901186,
    "test_precision_H_mean": 0.934095099606535,
    "test_precision_H_std": 0.01729304712353374,
    "test_recall_H_mean": 0.908148148148148,
    "test_recall_H_std": 0.0247406914565439,
    "test_f1_H_mean": 0.9206799133820921,
    "test_f1_H_std": 0.014291429493640609
  },
  "confusion_matrix": [
    [
      93.7037037037037,
      2.5925925925925926,
      3.7037037037037033
    ],
    [
      4.222222222222223,
      93.03703703703702,
      2.7407407407407405
    ],
    [
      5.111111111111111,
      4.074074074074074,
      90.81481481481481
    ]
  ],
  "selected_features": [
    "head_rotation_rad_min",
    "head_rotation_rad_median",
    "head_rotation_rad_p25",
    "head_rotation_rad_p75",
    "head_tx_max",
    "head_tx_median",
    "head_tx_p25",
    "head_tx_p75",
    "head_tx_autocorr1",
    "head_ty_min",
    "head_ty_rms",
    "head_ty_p75",
    "head_ty_autocorr1",
    "head_scalex_min",
    "head_scaley_min",
    "head_scaley_max",
    "head_scaley_p75",
    "head_scaley_autocorr1",
    "head_motion_mag_min",
    "head_motion_mag_rms",
    "head_motion_mag_p75",
    "head_motion_mag_autocorr1",
    "blink_aperture_max",
    "blink_aperture_p25",
    "mouth_aperture_max",
    "pupil_dx_p25",
    "pupil_dy_max",
    "pupil_metric_mean",
    "pupil_metric_p25",
    "pupil_metric_p75",
    "head_rotation_rad_vel_p75",
    "head_rotation_rad_vel_autocorr1",
    "head_ty_vel_max",
    "head_ty_vel_median",
    "head_scalex_acc_p75",
    "head_scaley_vel_autocorr1",
    "head_scaley_acc_mean",
    "head_scaley_acc_autocorr1",
    "head_motion_mag_vel_autocorr1",
    "blink_aperture_vel_autocorr1",
    "blink_aperture_acc_mean",
    "mouth_aperture_acc_median",
    "mouth_aperture_acc_p75",
    "mouth_aperture_acc_autocorr1",
    "pupil_dx_vel_median",
    "pupil_dx_acc_p75"
  ],
  "tuned_rf_params": {},
  "n_features": 46,
  "n_seeds": 10,
  "timestamp": "2025-10-17T17:51:52.356680"
}