{
  "name": "pose_perf_eye",
  "config": {
    "n_seeds": 10,
    "feature_selection": "backward",
    "use_pca": false,
    "pca_variance": 0.95,
    "write_cm": true,
    "tune_hyperparameters": false,
    "tune_n_iter": 30,
    "tune_cv_folds": 5,
    "use_pose_derivatives": true,
    "use_time_features": false,
    "class_config": "all",
    "include_order": false,
    "name": "pose_perf_eye",
    "feature_groups": [
      "pose",
      "performance",
      "eye_tracking"
    ],
    "split_strategy": "random"
  },
  "metrics": {
    "test_acc_mean": 0.9141333333333334,
    "test_acc_std": 0.011912437737067356,
    "test_bal_acc_mean": 0.9140032861745938,
    "test_bal_acc_std": 0.01194879610957451,
    "test_f1_mean": 0.9145456385791839,
    "test_f1_std": 0.011779886968239643,
    "test_kappa_mean": 0.8711607764643642,
    "test_kappa_std": 0.01787859303796327,
    "test_precision_L_mean": 0.96869664551372,
    "test_precision_L_std": 0.016056560337578844,
    "test_recall_L_mean": 0.9008130081300812,
    "test_recall_L_std": 0.029137517735968812,
    "test_f1_L_mean": 0.9332768443263504,
    "test_f1_L_std": 0.018703391215880726,
    "test_precision_M_mean": 0.8677786488978168,
    "test_precision_M_std": 0.0264873486003267,
    "test_recall_M_mean": 0.916,
    "test_recall_M_std": 0.024221202832779936,
    "test_f1_M_mean": 0.890779548770746,
    "test_f1_M_std": 0.014342014824522563,
    "test_precision_H_mean": 0.9148259266469058,
    "test_precision_H_std": 0.023660521961261755,
    "test_recall_H_mean": 0.9251968503937007,
    "test_recall_H_std": 0.021403551745800647,
    "test_f1_H_mean": 0.9197962127457447,
    "test_f1_H_std": 0.01795758954133237
  },
  "confusion_matrix": [
    [
      90.08130081300813,
      7.560975609756096,
      2.357723577235772
    ],
    [
      1.92,
      91.6,
      6.4799999999999995
    ],
    [
      0.9448818897637794,
      6.535433070866143,
      92.51968503937007
    ]
  ],
  "selected_features": [
    "head_rotation_rad_min",
    "head_rotation_rad_p25",
    "head_tx_median",
    "head_tx_p25",
    "head_tx_p75",
    "head_tx_autocorr1",
    "head_ty_min",
    "head_ty_max",
    "head_ty_rms",
    "head_ty_std",
    "head_ty_p75",
    "head_scalex_min",
    "head_scalex_rms",
    "head_scalex_autocorr1",
    "head_scaley_min",
    "head_scaley_max",
    "head_scaley_p75",
    "head_motion_mag_p75",
    "head_motion_mag_autocorr1",
    "blink_aperture_max",
    "blink_aperture_p75",
    "mouth_aperture_max",
    "mouth_aperture_mean",
    "mouth_aperture_median",
    "pupil_dx_max",
    "pupil_dy_p25",
    "pupil_dy_p75",
    "pupil_metric_mean",
    "pupil_metric_autocorr1",
    "head_rotation_rad_vel_p25",
    "head_rotation_rad_vel_p75",
    "head_rotation_rad_acc_std",
    "head_tx_acc_autocorr1",
    "head_ty_vel_median",
    "head_scalex_vel_autocorr1",
    "head_scaley_vel_max",
    "head_scaley_vel_median",
    "head_scaley_vel_autocorr1",
    "head_scaley_acc_mean",
    "head_scaley_acc_autocorr1",
    "head_motion_mag_vel_autocorr1",
    "head_motion_mag_acc_mean",
    "head_motion_mag_acc_median",
    "blink_aperture_vel_max",
    "blink_aperture_vel_median",
    "blink_aperture_acc_mean",
    "blink_aperture_acc_p75",
    "blink_aperture_acc_autocorr1",
    "mouth_aperture_acc_max",
    "mouth_aperture_acc_std",
    "mouth_aperture_acc_median",
    "mouth_aperture_acc_p75",
    "pupil_dx_acc_max",
    "pupil_dx_acc_median",
    "pupil_metric_vel_std",
    "pupil_metric_acc_mean",
    "pupil_metric_acc_p75",
    "sysmon_failure_rate",
    "sysmon_average_reaction_times",
    "track_failure_rate",
    "resman_failure_rate",
    "average_accuracy",
    "average_reaction_time",
    "pct_missing",
    "fix_mean_dur",
    "fix_rate",
    "blink_rate"
  ],
  "tuned_rf_params": {},
  "n_features": 67,
  "n_seeds": 10,
  "timestamp": "2025-10-17T18:07:33.459437"
}