{
  "name": "pose_gsr",
  "config": {
    "n_seeds": 10,
    "feature_selection": "backward",
    "use_pca": false,
    "pca_variance": 0.95,
    "write_cm": true,
    "tune_hyperparameters": false,
    "tune_n_iter": 30,
    "tune_cv_folds": 5,
    "use_pose_derivatives": true,
    "use_time_features": false,
    "class_config": "all",
    "include_order": false,
    "name": "pose_gsr",
    "feature_groups": [
      "pose",
      "gsr"
    ],
    "split_strategy": "random"
  },
  "metrics": {
    "test_acc_mean": 0.9157303370786517,
    "test_acc_std": 0.01968520228616914,
    "test_bal_acc_mean": 0.9156403013182673,
    "test_bal_acc_std": 0.019672762139562875,
    "test_f1_mean": 0.9154995112456266,
    "test_f1_std": 0.01980425728620799,
    "test_kappa_mean": 0.8735860381466454,
    "test_kappa_std": 0.02952722929258398,
    "test_precision_L_mean": 0.9075090437901251,
    "test_precision_L_std": 0.031278967287618725,
    "test_recall_L_mean": 0.9398305084745762,
    "test_recall_L_std": 0.02378591461584283,
    "test_f1_L_mean": 0.9231381608007085,
    "test_f1_L_std": 0.023028155752950013,
    "test_precision_M_mean": 0.917865183291512,
    "test_precision_M_std": 0.030284905131727363,
    "test_recall_M_mean": 0.9316666666666666,
    "test_recall_M_std": 0.02827335699999882,
    "test_f1_M_mean": 0.9243865359483525,
    "test_f1_M_std": 0.022942818354850777,
    "test_precision_H_mean": 0.9239104394352744,
    "test_precision_H_std": 0.021526717395698648,
    "test_recall_H_mean": 0.8754237288135593,
    "test_recall_H_std": 0.035293781240984125,
    "test_f1_H_mean": 0.8988232094504847,
    "test_f1_H_std": 0.026365636715872984
  },
  "confusion_matrix": [
    [
      93.98305084745762,
      2.0338983050847452,
      3.9830508474576263
    ],
    [
      3.6666666666666665,
      93.16666666666666,
      3.1666666666666665
    ],
    [
      5.932203389830508,
      6.52542372881356,
      87.54237288135593
    ]
  ],
  "selected_features": [
    "head_rotation_rad_min",
    "head_rotation_rad_rms",
    "head_rotation_rad_median",
    "head_rotation_rad_p75",
    "head_rotation_rad_autocorr1",
    "head_tx_max",
    "head_tx_median",
    "head_tx_p25",
    "head_tx_p75",
    "head_ty_max",
    "head_ty_rms",
    "head_ty_p75",
    "head_ty_autocorr1",
    "head_scalex_min",
    "head_scalex_rms",
    "head_scalex_p75",
    "head_scaley_min",
    "head_scaley_max",
    "head_scaley_p75",
    "head_motion_mag_min",
    "head_motion_mag_rms",
    "blink_aperture_min",
    "blink_aperture_max",
    "blink_aperture_p25",
    "blink_aperture_p75",
    "mouth_aperture_p25",
    "mouth_aperture_autocorr1",
    "pupil_dx_mean",
    "pupil_dx_p75",
    "pupil_dy_max",
    "pupil_dy_p75",
    "pupil_metric_min",
    "pupil_metric_mean",
    "pupil_metric_autocorr1",
    "head_rotation_rad_vel_min",
    "head_rotation_rad_vel_max",
    "head_rotation_rad_vel_p75",
    "head_rotation_rad_vel_autocorr1",
    "head_rotation_rad_acc_min",
    "head_rotation_rad_acc_median",
    "head_tx_acc_p75",
    "head_tx_acc_autocorr1",
    "head_ty_vel_median",
    "head_ty_acc_autocorr1",
    "head_scalex_vel_autocorr1",
    "head_scalex_acc_p75",
    "head_scalex_acc_autocorr1",
    "head_scaley_vel_median",
    "head_scaley_vel_autocorr1",
    "head_scaley_acc_median",
    "head_scaley_acc_autocorr1",
    "head_motion_mag_acc_median",
    "head_motion_mag_acc_autocorr1",
    "blink_aperture_vel_median",
    "blink_aperture_acc_p75",
    "mouth_aperture_vel_min",
    "mouth_aperture_vel_median",
    "mouth_aperture_acc_max",
    "mouth_aperture_acc_p75",
    "pupil_dx_acc_min",
    "pupil_dy_acc_p75",
    "pupil_metric_vel_min",
    "pupil_metric_vel_autocorr1",
    "pupil_metric_acc_mean",
    "pupil_metric_acc_median",
    "pupil_metric_acc_p75",
    "pupil_metric_acc_autocorr1",
    "SCR_Peaks_N",
    "SCR_Peaks_Amplitude_Mean",
    "EDA_Tonic_SD",
    "EDA_Autocorrelation"
  ],
  "tuned_rf_params": {},
  "n_features": 71,
  "n_seeds": 10,
  "timestamp": "2025-10-17T17:59:42.085016"
}