{
  "name": "all_modalities",
  "config": {
    "n_seeds": 3,
    "feature_selection": "none",
    "use_pca": false,
    "pca_variance": 0.95,
    "write_cm": true,
    "tune_hyperparameters": false,
    "tune_n_iter": 30,
    "tune_cv_folds": 5,
    "use_pose_derivatives": false,
    "use_time_features": false,
    "class_config": "all",
    "include_order": false,
    "name": "all_modalities",
    "feature_groups": [
      "pose",
      "performance",
      "eye_tracking",
      "gsr",
      "ecg"
    ],
    "split_strategy": "lopo"
  },
  "metrics": {
    "test_acc_mean": 0.6230295796842212,
    "test_acc_std": 0.15686922475258405,
    "test_bal_acc_mean": 0.6209508814771972,
    "test_bal_acc_std": 0.1578661581923184,
    "test_f1_mean": 0.5855899524253556,
    "test_f1_std": 0.177265998029649,
    "test_kappa_mean": 0.4334717986635986,
    "test_kappa_std": 0.21324023632017391
  },
  "participant_results": [
    {
      "participant": "3208",
      "n_seeds": 3,
      "test_acc_mean": 0.5037037037037037,
      "test_acc_std": 0.01283000598199167,
      "test_bal_acc_mean": 0.5037037037037037,
      "test_bal_acc_std": 0.01283000598199164,
      "test_f1_mean": 0.44258333483275636,
      "test_f1_std": 0.01701573842468101,
      "test_kappa_mean": 0.2555555555555556,
      "test_kappa_std": 0.019245008972987587
    },
    {
      "participant": "3209",
      "n_seeds": 3,
      "test_acc_mean": 0.4696969696969697,
      "test_acc_std": 0.034716482537544245,
      "test_bal_acc_mean": 0.48148148148148145,
      "test_bal_acc_std": 0.033945005147821034,
      "test_f1_mean": 0.41134389002810057,
      "test_f1_std": 0.04864613222769931,
      "test_kappa_mean": 0.21709596100537665,
      "test_kappa_std": 0.05091831087156788
    },
    {
      "participant": "3210",
      "n_seeds": 3,
      "test_acc_mean": 0.5,
      "test_acc_std": 0.0,
      "test_bal_acc_mean": 0.5,
      "test_bal_acc_std": 0.0,
      "test_f1_mean": 0.33585858585858586,
      "test_f1_std": 0.004373865675678979,
      "test_kappa_mean": 0.010752688172043001,
      "test_kappa_std": 0.018624202231923397
    },
    {
      "participant": "3214",
      "n_seeds": 3,
      "test_acc_mean": 0.7629629629629631,
      "test_acc_std": 0.04625924443258073,
      "test_bal_acc_mean": 0.762962962962963,
      "test_bal_acc_std": 0.04625924443258069,
      "test_f1_mean": 0.7598321803584961,
      "test_f1_std": 0.050767731968985506,
      "test_kappa_mean": 0.6444444444444445,
      "test_kappa_std": 0.06938886664887108
    },
    {
      "participant": "3215",
      "n_seeds": 3,
      "test_acc_mean": 0.6518518518518519,
      "test_acc_std": 0.03394500514782103,
      "test_bal_acc_mean": 0.6518518518518518,
      "test_bal_acc_std": 0.033945005147820964,
      "test_f1_mean": 0.6412863015202196,
      "test_f1_std": 0.04056578188627808,
      "test_kappa_mean": 0.4777777777777777,
      "test_kappa_std": 0.05091750772173159
    },
    {
      "participant": "3216",
      "n_seeds": 3,
      "test_acc_mean": 0.5348837209302326,
      "test_acc_std": 0.023255813953488358,
      "test_bal_acc_mean": 0.5384615384615384,
      "test_bal_acc_std": 0.02564102564102566,
      "test_f1_mean": 0.46297370956839395,
      "test_f1_std": 0.017974453361679736,
      "test_kappa_mean": 0.2950421840406566,
      "test_kappa_std": 0.03640161910383031
    },
    {
      "participant": "3217",
      "n_seeds": 3,
      "test_acc_mean": 0.674074074074074,
      "test_acc_std": 0.03394500514782104,
      "test_bal_acc_mean": 0.674074074074074,
      "test_bal_acc_std": 0.03394500514782104,
      "test_f1_mean": 0.6502433022900859,
      "test_f1_std": 0.047188232973465555,
      "test_kappa_mean": 0.5111111111111111,
      "test_kappa_std": 0.05091750772173156
    },
    {
      "participant": "3218",
      "n_seeds": 3,
      "test_acc_mean": 0.8740740740740741,
      "test_acc_std": 0.012830005981991638,
      "test_bal_acc_mean": 0.8740740740740741,
      "test_bal_acc_std": 0.012830005981991638,
      "test_f1_mean": 0.8693121693121694,
      "test_f1_std": 0.01420464948006217,
      "test_kappa_mean": 0.8111111111111112,
      "test_kappa_std": 0.01924500897298752
    },
    {
      "participant": "3219",
      "n_seeds": 3,
      "test_acc_mean": 0.7894736842105262,
      "test_acc_std": 0.02631578947368418,
      "test_bal_acc_mean": 0.8095238095238094,
      "test_bal_acc_std": 0.023809523809523836,
      "test_f1_mean": 0.7619904026413722,
      "test_f1_std": 0.035827772323672534,
      "test_kappa_mean": 0.68518709825528,
      "test_kappa_std": 0.03811695851650529
    },
    {
      "participant": "3220",
      "n_seeds": 3,
      "test_acc_mean": 0.6074074074074075,
      "test_acc_std": 0.012830005981991702,
      "test_bal_acc_mean": 0.6074074074074075,
      "test_bal_acc_std": 0.012830005981991702,
      "test_f1_mean": 0.5210363072432038,
      "test_f1_std": 0.007110224990020045,
      "test_kappa_mean": 0.41111111111111104,
      "test_kappa_std": 0.019245008972987587
    },
    {
      "participant": "3221",
      "n_seeds": 3,
      "test_acc_mean": 0.6444444444444445,
      "test_acc_std": 0.0,
      "test_bal_acc_mean": 0.6444444444444444,
      "test_bal_acc_std": 7.850462293418876e-17,
      "test_f1_mean": 0.656481735403304,
      "test_f1_std": 0.002376654310234727,
      "test_kappa_mean": 0.4666666666666666,
      "test_kappa_std": 6.798699777552591e-17
    },
    {
      "participant": "3223",
      "n_seeds": 3,
      "test_acc_mean": 0.5185185185185185,
      "test_acc_std": 0.012830005981991702,
      "test_bal_acc_mean": 0.5185185185185185,
      "test_bal_acc_std": 0.012830005981991702,
      "test_f1_mean": 0.47770007770007766,
      "test_f1_std": 0.013188887268201218,
      "test_kappa_mean": 0.27777777777777785,
      "test_kappa_std": 0.01924500897298752
    },
    {
      "participant": "3224",
      "n_seeds": 3,
      "test_acc_mean": 0.5777777777777777,
      "test_acc_std": 0.01924500897298752,
      "test_bal_acc_mean": 0.5925925925925927,
      "test_bal_acc_std": 0.016037507477489613,
      "test_f1_mean": 0.4541836663787884,
      "test_f1_std": 0.036717338213003506,
      "test_kappa_mean": 0.2603110209601082,
      "test_kappa_std": 0.04333054758623961
    },
    {
      "participant": "3225",
      "n_seeds": 3,
      "test_acc_mean": 0.5407407407407407,
      "test_acc_std": 0.012830005981991702,
      "test_bal_acc_mean": 0.5407407407407407,
      "test_bal_acc_std": 0.012830005981991638,
      "test_f1_mean": 0.5413901672834828,
      "test_f1_std": 0.019776614068289868,
      "test_kappa_mean": 0.31111111111111117,
      "test_kappa_std": 0.01924500897298752
    },
    {
      "participant": "3226",
      "n_seeds": 3,
      "test_acc_mean": 0.5259259259259259,
      "test_acc_std": 0.025660011963983403,
      "test_bal_acc_mean": 0.5259259259259258,
      "test_bal_acc_std": 0.02566001196398334,
      "test_f1_mean": 0.44096751298066605,
      "test_f1_std": 0.02585973790477095,
      "test_kappa_mean": 0.2888888888888889,
      "test_kappa_std": 0.03849001794597504
    },
    {
      "participant": "3227",
      "n_seeds": 3,
      "test_acc_mean": 0.4074074074074074,
      "test_acc_std": 0.0678900102956421,
      "test_bal_acc_mean": 0.4074074074074074,
      "test_bal_acc_std": 0.06789001029564207,
      "test_f1_mean": 0.33667760750140613,
      "test_f1_std": 0.1253433266970549,
      "test_kappa_mean": 0.11111111111111101,
      "test_kappa_std": 0.10183501544346324
    },
    {
      "participant": "3228",
      "n_seeds": 3,
      "test_acc_mean": 0.6296296296296297,
      "test_acc_std": 0.04243125643477625,
      "test_bal_acc_mean": 0.6148148148148147,
      "test_bal_acc_std": 0.04206598774666873,
      "test_f1_mean": 0.630424012168434,
      "test_f1_std": 0.0400912573759365,
      "test_kappa_mean": 0.3892371995820271,
      "test_kappa_std": 0.07107650740095697
    },
    {
      "participant": "3229",
      "n_seeds": 3,