{
  "name": "ecg",
  "config": {
    "n_seeds": 3,
    "feature_selection": "none",
    "use_pca": false,
    "pca_variance": 0.95,
    "write_cm": true,
    "tune_hyperparameters": false,
    "tune_n_iter": 30,
    "tune_cv_folds": 5,
    "use_pose_derivatives": false,
    "use_time_features": false,
    "class_config": "all",
    "include_order": false,
    "name": "ecg",
    "feature_groups": [
      "ecg"
    ],
    "split_strategy": "lopo"
  },
  "metrics": {
    "test_acc_mean": 0.3785375118708452,
    "test_acc_std": 0.14975536445918727,
    "test_bal_acc_mean": 0.3785375118708452,
    "test_bal_acc_std": 0.14975536445918727,
    "test_f1_mean": 0.34202433630077983,
    "test_f1_std": 0.16496704257365385,
    "test_kappa_mean": 0.03450292397660816,
    "test_kappa_std": 0.159428188134135
  },
  "participant_results": [
    {
      "participant": "3208",
      "n_seeds": 3,
      "test_acc_mean": 0.34814814814814815,
      "test_acc_std": 0.012830005981991702,
      "test_bal_acc_mean": 0.34814814814814815,
      "test_bal_acc_std": 0.012830005981991702,
      "test_f1_mean": 0.2928887544638879,
      "test_f1_std": 0.015149247603609754,
      "test_kappa_mean": 0.02222222222222218,
      "test_kappa_std": 0.019245008972987487
    },
    {
      "participant": "3209",
      "n_seeds": 3,
      "test_acc_mean": 0.22962962962962963,
      "test_acc_std": 0.05132002392796671,
      "test_bal_acc_mean": 0.22962962962962963,
      "test_bal_acc_std": 0.05132002392796673,
      "test_f1_mean": 0.1827929148023355,
      "test_f1_std": 0.03935281174345474,
      "test_kappa_mean": -0.15555555555555553,
      "test_kappa_std": 0.07698003589195009
    },
    {
      "participant": "3210",
      "n_seeds": 3,
      "test_acc_mean": 0.5185185185185185,
      "test_acc_std": 0.012830005981991702,
      "test_bal_acc_mean": 0.5185185185185185,
      "test_bal_acc_std": 0.012830005981991702,
      "test_f1_mean": 0.517723132349591,
      "test_f1_std": 0.010781584667038253,
      "test_kappa_mean": 0.27777777777777785,
      "test_kappa_std": 0.01924500897298752
    },
    {
      "participant": "3214",
      "n_seeds": 3,
      "test_acc_mean": 0.4222222222222222,
      "test_acc_std": 0.0222222222222222,
      "test_bal_acc_mean": 0.4222222222222222,
      "test_bal_acc_std": 0.022222222222222254,
      "test_f1_mean": 0.3138895198865214,
      "test_f1_std": 0.02755519764658677,
      "test_kappa_mean": 0.1333333333333333,
      "test_kappa_std": 0.033333333333333326
    },
    {
      "participant": "3215",
      "n_seeds": 3,
      "test_acc_mean": 0.2962962962962963,
      "test_acc_std": 0.033945005147821034,
      "test_bal_acc_mean": 0.2962962962962963,
      "test_bal_acc_std": 0.033945005147821034,
      "test_f1_mean": 0.2436650796355919,
      "test_f1_std": 0.04274443926028768,
      "test_kappa_mean": -0.05555555555555558,
      "test_kappa_std": 0.05091750772173159
    },
    {
      "participant": "3216",
      "n_seeds": 3,
      "test_acc_mean": 0.2888888888888889,
      "test_acc_std": 0.022222222222222227,
      "test_bal_acc_mean": 0.2888888888888889,
      "test_bal_acc_std": 0.022222222222222227,
      "test_f1_mean": 0.18465306661385092,
      "test_f1_std": 0.02917855795641364,
      "test_kappa_mean": -0.06666666666666665,
      "test_kappa_std": 0.033333333333333326
    },
    {
      "participant": "3217",
      "n_seeds": 3,
      "test_acc_mean": 0.3925925925925926,
      "test_acc_std": 0.012830005981991702,
      "test_bal_acc_mean": 0.39259259259259255,
      "test_bal_acc_std": 0.01283000598199167,
      "test_f1_mean": 0.373891173869965,
      "test_f1_std": 0.02179571414789883,
      "test_kappa_mean": 0.08888888888888886,
      "test_kappa_std": 0.01924500897298752
    },
    {
      "participant": "3218",
      "n_seeds": 3,
      "test_acc_mean": 0.6148148148148148,
      "test_acc_std": 0.03394500514782109,
      "test_bal_acc_mean": 0.6148148148148148,
      "test_bal_acc_std": 0.03394500514782098,
      "test_f1_mean": 0.5971456639538134,
      "test_f1_std": 0.04286989093664767,
      "test_kappa_mean": 0.4222222222222222,
      "test_kappa_std": 0.05091750772173154
    },
    {
      "participant": "3219",
      "n_seeds": 3,
      "test_acc_mean": 0.5037037037037037,
      "test_acc_std": 0.03394500514782103,
      "test_bal_acc_mean": 0.5037037037037037,
      "test_bal_acc_std": 0.033945005147821054,
      "test_f1_mean": 0.45083514887436454,
      "test_f1_std": 0.03497160116264725,
      "test_kappa_mean": 0.2555555555555556,
      "test_kappa_std": 0.050917507721731606
    },
    {
      "participant": "3220",
      "n_seeds": 3,
      "test_acc_mean": 0.35555555555555557,
      "test_acc_std": 0.04444444444444445,
      "test_bal_acc_mean": 0.3555555555555556,
      "test_bal_acc_std": 0.04444444444444448,
      "test_f1_mean": 0.3611376377208633,
      "test_f1_std": 0.04553631937708378,
      "test_kappa_mean": 0.03333333333333329,
      "test_kappa_std": 0.06666666666666671
    },
    {
      "participant": "3221",
      "n_seeds": 3,
      "test_acc_mean": 0.2814814814814815,
      "test_acc_std": 0.05592469952052407,
      "test_bal_acc_mean": 0.2814814814814815,
      "test_bal_acc_std": 0.05592469952052407,
      "test_f1_mean": 0.2616492831209009,
      "test_f1_std": 0.05386110113167239,
      "test_kappa_mean": -0.07777777777777779,
      "test_kappa_std": 0.08388704928078615
    },
    {
      "participant": "3223",
      "n_seeds": 3,
      "test_acc_mean": 0.007407407407407408,
      "test_acc_std": 0.012830005981991684,
      "test_bal_acc_mean": 0.007407407407407408,
      "test_bal_acc_std": 0.012830005981991684,
      "test_f1_mean": 0.013888888888888888,
      "test_f1_std": 0.024056261216234408,
      "test_kappa_mean": -0.4888888888888889,
      "test_kappa_std": 0.019245008972987587
    },
    {
      "participant": "3224",
      "n_seeds": 3,
      "test_acc_mean": 0.4518518518518519,
      "test_acc_std": 0.012830005981991702,
      "test_bal_acc_mean": 0.4518518518518519,
      "test_bal_acc_std": 0.012830005981991655,
      "test_f1_mean": 0.41844479468630547,
      "test_f1_std": 0.008741895072853206,
      "test_kappa_mean": 0.17777777777777773,
      "test_kappa_std": 0.01924500897298752
    },
    {
      "participant": "3225",
      "n_seeds": 3,
      "test_acc_mean": 0.3925925925925926,
      "test_acc_std": 0.025660011963983372,
      "test_bal_acc_mean": 0.3925925925925926,
      "test_bal_acc_std": 0.025660011963983372,
      "test_f1_mean": 0.30363795963338297,
      "test_f1_std": 0.041999104575153774,
      "test_kappa_mean": 0.08888888888888884,
      "test_kappa_std": 0.03849001794597498
    },
    {
      "participant": "3226",
      "n_seeds": 3,
      "test_acc_mean": 0.5629629629629629,
      "test_acc_std": 0.02566001196398334,
      "test_bal_acc_mean": 0.5629629629629629,
      "test_bal_acc_std": 0.02566001196398334,
      "test_f1_mean": 0.48933020894075185,
      "test_f1_std": 0.019396777536368683,
      "test_kappa_mean": 0.3444444444444445,
      "test_kappa_std": 0.03849001794597504
    },
    {
      "participant": "3227",
      "n_seeds": 3,
      "test_acc_mean": 0.22222222222222224,
      "test_acc_std": 0.04444444444444444,
      "test_bal_acc_mean": 0.22222222222222224,
      "test_bal_acc_std": 0.044444444444444425,
      "test_f1_mean": 0.21917744074606818,
      "test_f1_std": 0.03867442237601843,
      "test_kappa_mean": -0.16666666666666674,
      "test_kappa_std": 0.06666666666666665
    },
    {
      "participant": "3228",
      "n_seeds": 3,
      "test_acc_mean": 0.35555555555555557,
      "test_acc_std": 0.022222222222222227,
      "test_bal_acc_mean": 0.35555555555555557,
      "test_bal_acc_std": 0.022222222222222227,
      "test_f1_mean": 0.2763352335517723,
      "test_f1_std": 0.020684581627030726,
      "test_kappa_mean": 0.03333333333333325,
      "test_kappa_std": 0.03333333333333327
    },
    {
      "participant": "3229",