{
  "name": "eye_gsr",
  "config": {
    "n_seeds": 3,
    "feature_selection": "none",
    "use_pca": false,
    "pca_variance": 0.95,
    "write_cm": true,
    "tune_hyperparameters": false,
    "tune_n_iter": 30,
    "tune_cv_folds": 5,
    "use_pose_derivatives": false,
    "use_time_features": false,
    "class_config": "all",
    "include_order": false,
    "name": "eye_gsr",
    "feature_groups": [
      "eye_tracking",
      "gsr"
    ],
    "split_strategy": "lopo"
  },
  "metrics": {
    "test_acc_mean": 0.39010286623203455,
    "test_acc_std": 0.12157152248794745,
    "test_bal_acc_mean": 0.3885826210826211,
    "test_bal_acc_std": 0.11944665260444333,
    "test_f1_mean": 0.33915465734877986,
    "test_f1_std": 0.11744911171732303,
    "test_kappa_mean": 0.07385425516446371,
    "test_kappa_std": 0.187445393154111
  },
  "participant_results": [
    {
      "participant": "3208",
      "n_seeds": 3,
      "test_acc_mean": 0.25925925925925924,
      "test_acc_std": 0.025660011963983355,
      "test_bal_acc_mean": 0.2592592592592593,
      "test_bal_acc_std": 0.025660011963983372,
      "test_f1_mean": 0.2153890068837556,
      "test_f1_std": 0.016323950586232185,
      "test_kappa_mean": -0.11111111111111109,
      "test_kappa_std": 0.03849001794597504
    },
    {
      "participant": "3209",
      "n_seeds": 3,
      "test_acc_mean": 0.5606060606060607,
      "test_acc_std": 0.013121597027037002,
      "test_bal_acc_mean": 0.5608465608465608,
      "test_bal_acc_std": 0.01292782192896367,
      "test_f1_mean": 0.5378125819830013,
      "test_f1_std": 0.019796842493797862,
      "test_kappa_mean": 0.3443006914334272,
      "test_kappa_std": 0.019309206640406307
    },
    {
      "participant": "3210",
      "n_seeds": 3,
      "test_acc_mean": 0.35555555555555557,
      "test_acc_std": 0.01924500897298752,
      "test_bal_acc_mean": 0.35555555555555557,
      "test_bal_acc_std": 0.01924500897298752,
      "test_f1_mean": 0.2621951219512195,
      "test_f1_std": 0.010561285412005359,
      "test_kappa_mean": -0.24816308243727594,
      "test_kappa_std": 0.053850791494956585
    },
    {
      "participant": "3214",
      "n_seeds": 3,
      "test_acc_mean": 0.5259259259259258,
      "test_acc_std": 0.012830005981991702,
      "test_bal_acc_mean": 0.5259259259259258,
      "test_bal_acc_std": 0.012830005981991702,
      "test_f1_mean": 0.4733429647141231,
      "test_f1_std": 0.0006331592786621014,
      "test_kappa_mean": 0.2888888888888889,
      "test_kappa_std": 0.01924500897298752
    },
    {
      "participant": "3215",
      "n_seeds": 3,
      "test_acc_mean": 0.19259259259259257,
      "test_acc_std": 0.012830005981991686,
      "test_bal_acc_mean": 0.19259259259259257,
      "test_bal_acc_std": 0.01283000598199167,
      "test_f1_mean": 0.18127355753857968,
      "test_f1_std": 0.01881198001280518,
      "test_kappa_mean": -0.2111111111111111,
      "test_kappa_std": 0.019245008972987584
    },
    {
      "participant": "3216",
      "n_seeds": 3,
      "test_acc_mean": 0.42635658914728686,
      "test_acc_std": 0.0355238425965569,
      "test_bal_acc_mean": 0.4153846153846153,
      "test_bal_acc_std": 0.035815943315823884,
      "test_f1_mean": 0.4192350528294859,
      "test_f1_std": 0.034104064633345435,
      "test_kappa_mean": 0.1371949012649735,
      "test_kappa_std": 0.053562676892156706
    },
    {
      "participant": "3217",
      "n_seeds": 3,
      "test_acc_mean": 0.562962962962963,
      "test_acc_std": 0.01283000598199164,
      "test_bal_acc_mean": 0.5629629629629629,
      "test_bal_acc_std": 0.01283000598199167,
      "test_f1_mean": 0.5072840970041309,
      "test_f1_std": 0.03430713592241407,
      "test_kappa_mean": 0.3444444444444445,
      "test_kappa_std": 0.01924500897298752
    },
    {
      "participant": "3218",
      "n_seeds": 3,
      "test_acc_mean": 0.3111111111111111,
      "test_acc_std": 0.022222222222222227,
      "test_bal_acc_mean": 0.3111111111111111,
      "test_bal_acc_std": 0.0222222222222222,
      "test_f1_mean": 0.21992960217934418,
      "test_f1_std": 0.038529273213527324,
      "test_kappa_mean": -0.03333333333333329,
      "test_kappa_std": 0.033333333333333326
    },
    {
      "participant": "3219",
      "n_seeds": 3,
      "test_acc_mean": 0.37719298245614036,
      "test_acc_std": 0.030386856273138196,
      "test_bal_acc_mean": 0.407936507936508,
      "test_bal_acc_std": 0.02749286996141075,
      "test_f1_mean": 0.36292633279871106,
      "test_f1_std": 0.04574223297783196,
      "test_kappa_mean": 0.09340442830046403,
      "test_kappa_std": 0.0443666788685059
    },
    {
      "participant": "3220",
      "n_seeds": 3,
      "test_acc_mean": 0.43703703703703706,
      "test_acc_std": 0.01283000598199167,
      "test_bal_acc_mean": 0.43703703703703706,
      "test_bal_acc_std": 0.01283000598199167,
      "test_f1_mean": 0.38420060331825034,
      "test_f1_std": 0.002383068638808332,
      "test_kappa_mean": 0.15555555555555545,
      "test_kappa_std": 0.019245008972987553
    },
    {
      "participant": "3221",
      "n_seeds": 3,
      "test_acc_mean": 0.48148148148148145,
      "test_acc_std": 0.04625924443258073,
      "test_bal_acc_mean": 0.48148148148148145,
      "test_bal_acc_std": 0.04625924443258074,
      "test_f1_mean": 0.4905648431204605,
      "test_f1_std": 0.04936311545934575,
      "test_kappa_mean": 0.2222222222222222,
      "test_kappa_std": 0.06938886664887106
    },
    {
      "participant": "3222",
      "n_seeds": 3,
      "test_acc_mean": 0.5203252032520326,
      "test_acc_std": 0.014081713882673812,
      "test_bal_acc_mean": 0.47407407407407404,
      "test_bal_acc_std": 0.012830005981991735,
      "test_f1_mean": 0.43798361916828815,
      "test_f1_std": 0.01630239232428287,
      "test_kappa_mean": 0.24358974358974358,
      "test_kappa_std": 0.022205779584216424
    },
    {
      "participant": "3223",
      "n_seeds": 3,
      "test_acc_mean": 0.2518518518518518,
      "test_acc_std": 0.051320023927966744,
      "test_bal_acc_mean": 0.2518518518518518,
      "test_bal_acc_std": 0.05132002392796673,
      "test_f1_mean": 0.20988667285546384,
      "test_f1_std": 0.04581200202214747,
      "test_kappa_mean": -0.1222222222222223,
      "test_kappa_std": 0.07698003589195009
    },
    {
      "participant": "3224",
      "n_seeds": 3,
      "test_acc_mean": 0.4222222222222222,
      "test_acc_std": 0.01924500897298752,
      "test_bal_acc_mean": 0.38227513227513227,
      "test_bal_acc_std": 0.0492980030518101,
      "test_f1_mean": 0.3462429848394761,
      "test_f1_std": 0.027526740322459785,
      "test_kappa_mean": 0.03344851537438783,
      "test_kappa_std": 0.03237903446737092
    },
    {
      "participant": "3225",
      "n_seeds": 3,
      "test_acc_mean": 0.2740740740740741,
      "test_acc_std": 0.05592469952052407,
      "test_bal_acc_mean": 0.2740740740740741,
      "test_bal_acc_std": 0.05592469952052407,
      "test_f1_mean": 0.27309812017003643,
      "test_f1_std": 0.0709357331934883,
      "test_kappa_mean": -0.08888888888888886,
      "test_kappa_std": 0.08388704928078604
    },
    {
      "participant": "3226",
      "n_seeds": 3,
      "test_acc_mean": 0.06666666666666667,
      "test_acc_std": 0.03849001794597505,
      "test_bal_acc_mean": 0.06666666666666667,
      "test_bal_acc_std": 0.03849001794597506,
      "test_f1_mean": 0.05871345029239766,
      "test_f1_std": 0.04092096644782611,
      "test_kappa_mean": -0.39999999999999997,
      "test_kappa_std": 0.05773502691896263
    },
    {
      "participant": "3227",
      "n_seeds": 3,
      "test_acc_mean": 0.6296296296296297,
      "test_acc_std": 0.012830005981991702,
      "test_bal_acc_mean": 0.6296296296296297,
      "test_bal_acc_std": 0.012830005981991702,
      "test_f1_mean": 0.5145591115508541,
      "test_f1_std": 0.006625436429136116,
      "test_kappa_mean": 0.4444444444444445,