{
  "name": "eye",
  "config": {
    "n_seeds": 3,
    "feature_selection": "none",
    "use_pca": false,
    "pca_variance": 0.95,
    "write_cm": true,
    "tune_hyperparameters": false,
    "tune_n_iter": 30,
    "tune_cv_folds": 5,
    "use_pose_derivatives": false,
    "use_time_features": false,
    "class_config": "all",
    "include_order": false,
    "name": "eye",
    "feature_groups": [
      "eye_tracking"
    ],
    "split_strategy": "lopo"
  },
  "metrics": {
    "test_acc_mean": 0.3859358407538702,
    "test_acc_std": 0.12334667801688898,
    "test_bal_acc_mean": 0.3832885891025426,
    "test_bal_acc_std": 0.1209736875554404,
    "test_f1_mean": 0.3494842792383452,
    "test_f1_std": 0.12838580071757846,
    "test_kappa_mean": 0.07317981143749547,
    "test_kappa_std": 0.18452693475843768
  },
  "participant_results": [
    {
      "participant": "3105",
      "n_seeds": 3,
      "test_acc_mean": 0.2740740740740741,
      "test_acc_std": 0.05132002392796673,
      "test_bal_acc_mean": 0.2740740740740741,
      "test_bal_acc_std": 0.05132002392796672,
      "test_f1_mean": 0.26479209288243366,
      "test_f1_std": 0.054595657642246886,
      "test_kappa_mean": -0.08888888888888886,
      "test_kappa_std": 0.07698003589195009
    },
    {
      "participant": "3206",
      "n_seeds": 3,
      "test_acc_mean": 0.5365853658536586,
      "test_acc_std": 0.024390243902439046,
      "test_bal_acc_mean": 0.5292929292929293,
      "test_bal_acc_std": 0.022222222222222202,
      "test_f1_mean": 0.5016483065263553,
      "test_f1_std": 0.02844300785647531,
      "test_kappa_mean": 0.2897479625433122,
      "test_kappa_std": 0.03479196050658257
    },
    {
      "participant": "3207",
      "n_seeds": 3,
      "test_acc_mean": 0.5968992248062015,
      "test_acc_std": 0.0355238425965569,
      "test_bal_acc_mean": 0.593121693121693,
      "test_bal_acc_std": 0.034642955629356285,
      "test_f1_mean": 0.5928466308967613,
      "test_f1_std": 0.03547885442179198,
      "test_kappa_mean": 0.39143049824606296,
      "test_kappa_std": 0.05306942563215581
    },
    {
      "participant": "3208",
      "n_seeds": 3,
      "test_acc_mean": 0.24444444444444446,
      "test_acc_std": 0.022222222222222227,
      "test_bal_acc_mean": 0.24444444444444446,
      "test_bal_acc_std": 0.022222222222222213,
      "test_f1_mean": 0.22852401079351436,
      "test_f1_std": 0.0108418473437371,
      "test_kappa_mean": -0.1333333333333334,
      "test_kappa_std": 0.033333333333333326
    },
    {
      "participant": "3209",
      "n_seeds": 3,
      "test_acc_mean": 0.4166666666666667,
      "test_acc_std": 0.026243194054073906,
      "test_bal_acc_mean": 0.41111111111111115,
      "test_bal_acc_std": 0.02749286996141075,
      "test_f1_mean": 0.3996918141048164,
      "test_f1_std": 0.03226827500132705,
      "test_kappa_mean": 0.1256472843808897,
      "test_kappa_std": 0.040338656480721664
    },
    {
      "participant": "3210",
      "n_seeds": 3,
      "test_acc_mean": 0.3444444444444444,
      "test_acc_std": 0.01924500897298752,
      "test_bal_acc_mean": 0.3444444444444444,
      "test_bal_acc_std": 0.01924500897298752,
      "test_f1_mean": 0.2720797720797721,
      "test_f1_std": 0.013737394246428725,
      "test_kappa_mean": -0.10676944887471203,
      "test_kappa_std": 0.09124901601749613
    },
    {
      "participant": "3214",
      "n_seeds": 3,
      "test_acc_mean": 0.4888888888888889,
      "test_acc_std": 0.03849001794597504,
      "test_bal_acc_mean": 0.4888888888888889,
      "test_bal_acc_std": 0.03849001794597504,
      "test_f1_mean": 0.45421026475106174,
      "test_f1_std": 0.027783151380080136,
      "test_kappa_mean": 0.2333333333333333,
      "test_kappa_std": 0.057735026918962595
    },
    {
      "participant": "3215",
      "n_seeds": 3,
      "test_acc_mean": 0.2962962962962963,
      "test_acc_std": 0.012830005981991702,
      "test_bal_acc_mean": 0.2962962962962963,
      "test_bal_acc_std": 0.012830005981991702,
      "test_f1_mean": 0.2478201615882775,
      "test_f1_std": 0.012890316691470116,
      "test_kappa_mean": -0.05555555555555566,
      "test_kappa_std": 0.01924500897298752
    },
    {
      "participant": "3216",
      "n_seeds": 3,
      "test_acc_mean": 0.40310077519379844,
      "test_acc_std": 0.03552384259655691,
      "test_bal_acc_mean": 0.39886039886039887,
      "test_bal_acc_std": 0.033945005147821034,
      "test_f1_mean": 0.4114984958609658,
      "test_f1_std": 0.03397648597252362,
      "test_kappa_mean": 0.10760764167995467,
      "test_kappa_std": 0.05158461039639967
    },
    {
      "participant": "3217",
      "n_seeds": 3,
      "test_acc_mean": 0.2740740740740741,
      "test_acc_std": 0.01283000598199167,
      "test_bal_acc_mean": 0.2740740740740741,
      "test_bal_acc_std": 0.012830005981991702,
      "test_f1_mean": 0.2530121895446973,
      "test_f1_std": 0.021565118032447192,
      "test_kappa_mean": -0.08888888888888895,
      "test_kappa_std": 0.019245008972987587
    },
    {
      "participant": "3218",
      "n_seeds": 3,
      "test_acc_mean": 0.25925925925925924,
      "test_acc_std": 0.025660011963983355,
      "test_bal_acc_mean": 0.2592592592592593,
      "test_bal_acc_std": 0.025660011963983372,
      "test_f1_mean": 0.2428057546074219,
      "test_f1_std": 0.015646669175566296,
      "test_kappa_mean": -0.11111111111111109,
      "test_kappa_std": 0.03849001794597504
    },
    {
      "participant": "3219",
      "n_seeds": 3,
      "test_acc_mean": 0.5271317829457365,
      "test_acc_std": 0.04841083719688683,
      "test_bal_acc_mean": 0.5164021164021163,
      "test_bal_acc_std": 0.0493171648581209,
      "test_f1_mean": 0.4767598250373899,
      "test_f1_std": 0.06091042336841299,
      "test_kappa_mean": 0.28249378825972843,
      "test_kappa_std": 0.07423402924295013
    },
    {
      "participant": "3220",
      "n_seeds": 3,
      "test_acc_mean": 0.3925925925925926,
      "test_acc_std": 0.046259244432580705,
      "test_bal_acc_mean": 0.3925925925925926,
      "test_bal_acc_std": 0.046259244432580705,
      "test_f1_mean": 0.35925278071820904,
      "test_f1_std": 0.04293142723778744,
      "test_kappa_mean": 0.08888888888888886,
      "test_kappa_std": 0.06938886664887108
    },
    {
      "participant": "3221",
      "n_seeds": 3,
      "test_acc_mean": 0.3925925925925926,
      "test_acc_std": 0.025660011963983372,
      "test_bal_acc_mean": 0.3925925925925926,
      "test_bal_acc_std": 0.025660011963983372,
      "test_f1_mean": 0.4118220254595049,
      "test_f1_std": 0.031326760766305445,
      "test_kappa_mean": 0.0888888888888889,
      "test_kappa_std": 0.03849001794597511
    },
    {
      "participant": "3222",
      "n_seeds": 3,
      "test_acc_mean": 0.43703703703703706,
      "test_acc_std": 0.01283000598199167,
      "test_bal_acc_mean": 0.43703703703703706,
      "test_bal_acc_std": 0.01283000598199167,
      "test_f1_mean": 0.338630667578036,
      "test_f1_std": 0.01706794199757441,
      "test_kappa_mean": 0.15555555555555553,
      "test_kappa_std": 0.01924500897298752
    },
    {
      "participant": "3223",
      "n_seeds": 3,
      "test_acc_mean": 0.2074074074074074,
      "test_acc_std": 0.01283000598199167,
      "test_bal_acc_mean": 0.2074074074074074,
      "test_bal_acc_std": 0.012830005981991686,
      "test_f1_mean": 0.16311398782499015,
      "test_f1_std": 0.008712568988261804,
      "test_kappa_mean": -0.18888888888888888,
      "test_kappa_std": 0.01924500897298746
    },
    {
      "participant": "3224",
      "n_seeds": 3,
      "test_acc_mean": 0.5888888888888889,
      "test_acc_std": 0.08388704928078608,
      "test_bal_acc_mean": 0.5462962962962963,
      "test_bal_acc_std": 0.09172877485495144,
      "test_f1_mean": 0.5569940299352064,
      "test_f1_std": 0.08467902807669386,
      "test_kappa_mean": 0.3376928250056042,
      "test_kappa_std": 0.11726369840276112
    },
    {
      "participant": "3225",