{
  "name": "eye_gsr_ecg",
  "config": {
    "n_seeds": 3,
    "feature_selection": "none",
    "use_pca": false,
    "pca_variance": 0.95,
    "write_cm": true,
    "tune_hyperparameters": false,
    "tune_n_iter": 30,
    "tune_cv_folds": 5,
    "use_pose_derivatives": false,
    "use_time_features": false,
    "class_config": "all",
    "include_order": false,
    "name": "eye_gsr_ecg",
    "feature_groups": [
      "eye_tracking",
      "gsr",
      "ecg"
    ],
    "split_strategy": "lopo"
  },
  "metrics": {
    "test_acc_mean": 0.38129469933728133,
    "test_acc_std": 0.11317366175367244,
    "test_bal_acc_mean": 0.3850679048047469,
    "test_bal_acc_std": 0.11471341761580467,
    "test_f1_mean": 0.3335429826141759,
    "test_f1_std": 0.12201002464262851,
    "test_kappa_mean": 0.060638967299171787,
    "test_kappa_std": 0.1632647848235266
  },
  "participant_results": [
    {
      "participant": "3208",
      "n_seeds": 3,
      "test_acc_mean": 0.2962962962962963,
      "test_acc_std": 0.025660011963983372,
      "test_bal_acc_mean": 0.2962962962962963,
      "test_bal_acc_std": 0.025660011963983372,
      "test_f1_mean": 0.21724154740027757,
      "test_f1_std": 0.042699247999267415,
      "test_kappa_mean": -0.05555555555555566,
      "test_kappa_std": 0.03849001794597504
    },
    {
      "participant": "3209",
      "n_seeds": 3,
      "test_acc_mean": 0.3409090909090909,
      "test_acc_std": 0.022727272727272735,
      "test_bal_acc_mean": 0.3529100529100529,
      "test_bal_acc_std": 0.023827153966555985,
      "test_f1_mean": 0.258932670864489,
      "test_f1_std": 0.021377709854316515,
      "test_kappa_mean": 0.02693516575899102,
      "test_kappa_std": 0.03396357273301612
    },
    {
      "participant": "3210",
      "n_seeds": 3,
      "test_acc_mean": 0.4777777777777778,
      "test_acc_std": 0.01924500897298752,
      "test_bal_acc_mean": 0.4777777777777778,
      "test_bal_acc_std": 0.01924500897298752,
      "test_f1_mean": 0.32323232323232326,
      "test_f1_std": 0.008747731351357958,
      "test_kappa_mean": -0.04444444444444443,
      "test_kappa_std": 0.03849001794597504
    },
    {
      "participant": "3214",
      "n_seeds": 3,
      "test_acc_mean": 0.43703703703703706,
      "test_acc_std": 0.025660011963983372,
      "test_bal_acc_mean": 0.43703703703703706,
      "test_bal_acc_std": 0.02566001196398334,
      "test_f1_mean": 0.33649792467423584,
      "test_f1_std": 0.030410938723298524,
      "test_kappa_mean": 0.15555555555555547,
      "test_kappa_std": 0.03849001794597507
    },
    {
      "participant": "3215",
      "n_seeds": 3,
      "test_acc_mean": 0.34074074074074073,
      "test_acc_std": 0.012830005981991702,
      "test_bal_acc_mean": 0.34074074074074073,
      "test_bal_acc_std": 0.012830005981991702,
      "test_f1_mean": 0.25553797347399,
      "test_f1_std": 0.019969262148647943,
      "test_kappa_mean": 0.011111111111111108,
      "test_kappa_std": 0.01924500897298752
    },
    {
      "participant": "3216",
      "n_seeds": 3,
      "test_acc_mean": 0.3798449612403101,
      "test_acc_std": 0.048410837196886804,
      "test_bal_acc_mean": 0.3834757834757834,
      "test_bal_acc_std": 0.04878038683948601,
      "test_f1_mean": 0.3726456916513052,
      "test_f1_std": 0.04799454163475305,
      "test_kappa_mean": 0.0763778325823717,
      "test_kappa_std": 0.06975444674340035
    },
    {
      "participant": "3217",
      "n_seeds": 3,
      "test_acc_mean": 0.4666666666666666,
      "test_acc_std": 0.03849001794597504,
      "test_bal_acc_mean": 0.4666666666666666,
      "test_bal_acc_std": 0.03849001794597503,
      "test_f1_mean": 0.39820822029060016,
      "test_f1_std": 0.06160828837605351,
      "test_kappa_mean": 0.19999999999999998,
      "test_kappa_std": 0.05773502691896263
    },
    {
      "participant": "3218",
      "n_seeds": 3,
      "test_acc_mean": 0.4888888888888889,
      "test_acc_std": 0.0222222222222222,
      "test_bal_acc_mean": 0.4888888888888889,
      "test_bal_acc_std": 0.022222222222222227,
      "test_f1_mean": 0.4741460960578608,
      "test_f1_std": 0.023467741259165755,
      "test_kappa_mean": 0.2333333333333333,
      "test_kappa_std": 0.03333333333333338
    },
    {
      "participant": "3219",
      "n_seeds": 3,
      "test_acc_mean": 0.3859649122807018,
      "test_acc_std": 0.08459342772800836,
      "test_bal_acc_mean": 0.3968253968253968,
      "test_bal_acc_std": 0.09286731730990518,
      "test_f1_mean": 0.36366777731025945,
      "test_f1_std": 0.0783630905441157,
      "test_kappa_mean": 0.08491570165482276,
      "test_kappa_std": 0.13023545571924555
    },
    {
      "participant": "3220",
      "n_seeds": 3,
      "test_acc_mean": 0.35555555555555557,
      "test_acc_std": 0.022222222222222227,
      "test_bal_acc_mean": 0.35555555555555557,
      "test_bal_acc_std": 0.022222222222222227,
      "test_f1_mean": 0.280533461247747,
      "test_f1_std": 0.02669193112643959,
      "test_kappa_mean": 0.033333333333333326,
      "test_kappa_std": 0.033333333333333326
    },
    {
      "participant": "3221",
      "n_seeds": 3,
      "test_acc_mean": 0.4518518518518519,
      "test_acc_std": 0.012830005981991702,
      "test_bal_acc_mean": 0.4518518518518518,
      "test_bal_acc_std": 0.01283000598199167,
      "test_f1_mean": 0.4184012886752773,
      "test_f1_std": 0.013766511433104605,
      "test_kappa_mean": 0.17777777777777773,
      "test_kappa_std": 0.01924500897298752
    },
    {
      "participant": "3223",
      "n_seeds": 3,
      "test_acc_mean": 0.0,
      "test_acc_std": 0.0,
      "test_bal_acc_mean": 0.0,
      "test_bal_acc_std": 0.0,
      "test_f1_mean": 0.0,
      "test_f1_std": 0.0,
      "test_kappa_mean": -0.49999999999999983,
      "test_kappa_std": 1.3018518929051675e-16
    },
    {
      "participant": "3224",
      "n_seeds": 3,
      "test_acc_mean": 0.5666666666666667,
      "test_acc_std": 0.033333333333333326,
      "test_bal_acc_mean": 0.6693121693121693,
      "test_bal_acc_std": 0.018753236612113585,
      "test_f1_mean": 0.46797629385864675,
      "test_f1_std": 0.061153548041714835,
      "test_kappa_mean": 0.35016208205983146,
      "test_kappa_std": 0.04582540419678227
    },
    {
      "participant": "3225",
      "n_seeds": 3,
      "test_acc_mean": 0.32592592592592595,
      "test_acc_std": 0.025660011963983372,
      "test_bal_acc_mean": 0.32592592592592595,
      "test_bal_acc_std": 0.025660011963983372,
      "test_f1_mean": 0.32028969683132796,
      "test_f1_std": 0.02127445129742634,
      "test_kappa_mean": -0.011111111111111183,
      "test_kappa_std": 0.03849001794597511
    },
    {
      "participant": "3226",
      "n_seeds": 3,
      "test_acc_mean": 0.34074074074074073,
      "test_acc_std": 0.0559246995205241,
      "test_bal_acc_mean": 0.34074074074074073,
      "test_bal_acc_std": 0.05592469952052404,
      "test_f1_mean": 0.30614411147155796,
      "test_f1_std": 0.061264006411274594,
      "test_kappa_mean": 0.011111111111111183,
      "test_kappa_std": 0.08388704928078598
    },
    {
      "participant": "3227",
      "n_seeds": 3,
      "test_acc_mean": 0.40740740740740744,
      "test_acc_std": 0.03394500514782103,
      "test_bal_acc_mean": 0.4074074074074074,
      "test_bal_acc_std": 0.033945005147821034,
      "test_f1_mean": 0.3822457599545677,
      "test_f1_std": 0.04532534064966548,
      "test_kappa_mean": 0.11111111111111109,
      "test_kappa_std": 0.05091750772173154
    },
    {
      "participant": "3228",
      "n_seeds": 3,
      "test_acc_mean": 0.324074074074074,
      "test_acc_std": 0.01603750747748958,
      "test_bal_acc_mean": 0.4592592592592592,
      "test_bal_acc_std": 0.01283000598199167,
      "test_f1_mean": 0.27920378735596124,
      "test_f1_std": 0.019850201475669255,
      "test_kappa_mean": 0.1205023205023205,
      "test_kappa_std": 0.018948028371711903
    },
    {
      "participant": "3229",
      "n_seeds": 3,