{
  "name": "gsr",
  "config": {
    "n_seeds": 3,
    "feature_selection": "none",
    "use_pca": false,
    "pca_variance": 0.95,
    "write_cm": true,
    "tune_hyperparameters": false,
    "tune_n_iter": 30,
    "tune_cv_folds": 5,
    "use_pose_derivatives": false,
    "use_time_features": false,
    "class_config": "all",
    "include_order": false,
    "name": "gsr",
    "feature_groups": [
      "gsr"
    ],
    "split_strategy": "lopo"
  },
  "metrics": {
    "test_acc_mean": 0.349554539295393,
    "test_acc_std": 0.08001611306659029,
    "test_bal_acc_mean": 0.35095959595959597,
    "test_bal_acc_std": 0.08349331256969336,
    "test_f1_mean": 0.3266222306028942,
    "test_f1_std": 0.08398048643268885,
    "test_kappa_mean": 0.0247556439872556,
    "test_kappa_std": 0.12108199304736621
  },
  "participant_results": [
    {
      "participant": "3208",
      "n_seeds": 3,
      "test_acc_mean": 0.39999999999999997,
      "test_acc_std": 0.022222222222222227,
      "test_bal_acc_mean": 0.39999999999999997,
      "test_bal_acc_std": 0.022222222222222227,
      "test_f1_mean": 0.3499905194435638,
      "test_f1_std": 0.018515596036567272,
      "test_kappa_mean": 0.09999999999999994,
      "test_kappa_std": 0.033333333333333326
    },
    {
      "participant": "3209",
      "n_seeds": 3,
      "test_acc_mean": 0.43703703703703706,
      "test_acc_std": 0.03394500514782103,
      "test_bal_acc_mean": 0.43703703703703706,
      "test_bal_acc_std": 0.03394500514782098,
      "test_f1_mean": 0.4410830421793947,
      "test_f1_std": 0.032832050192576116,
      "test_kappa_mean": 0.15555555555555553,
      "test_kappa_std": 0.05091750772173154
    },
    {
      "participant": "3210",
      "n_seeds": 3,
      "test_acc_mean": 0.31851851851851853,
      "test_acc_std": 0.033945005147821054,
      "test_bal_acc_mean": 0.3185185185185186,
      "test_bal_acc_std": 0.033945005147821034,
      "test_f1_mean": 0.3107305375381015,
      "test_f1_std": 0.03252664701550504,
      "test_kappa_mean": -0.022222222222222254,
      "test_kappa_std": 0.05091750772173156
    },
    {
      "participant": "3214",
      "n_seeds": 3,
      "test_acc_mean": 0.26666666666666666,
      "test_acc_std": 0.022222222222222213,
      "test_bal_acc_mean": 0.26666666666666666,
      "test_bal_acc_std": 0.022222222222222227,
      "test_f1_mean": 0.2433132903721139,
      "test_f1_std": 0.0335555493001925,
      "test_kappa_mean": -0.10000000000000002,
      "test_kappa_std": 0.033333333333333326
    },
    {
      "participant": "3215",
      "n_seeds": 3,
      "test_acc_mean": 0.4444444444444444,
      "test_acc_std": 0.022222222222222227,
      "test_bal_acc_mean": 0.4444444444444444,
      "test_bal_acc_std": 0.0222222222222222,
      "test_f1_mean": 0.43697101333424376,
      "test_f1_std": 0.027062317956636096,
      "test_kappa_mean": 0.1666666666666666,
      "test_kappa_std": 0.03333333333333338
    },
    {
      "participant": "3216",
      "n_seeds": 3,
      "test_acc_mean": 0.3259259259259259,
      "test_acc_std": 0.04625924443258073,
      "test_bal_acc_mean": 0.3259259259259259,
      "test_bal_acc_std": 0.04625924443258073,
      "test_f1_mean": 0.28613683234583315,
      "test_f1_std": 0.04182808220787243,
      "test_kappa_mean": -0.011111111111110997,
      "test_kappa_std": 0.06938886664887098
    },
    {
      "participant": "3217",
      "n_seeds": 3,
      "test_acc_mean": 0.22962962962962963,
      "test_acc_std": 0.055924699520524056,
      "test_bal_acc_mean": 0.22962962962962966,
      "test_bal_acc_std": 0.055924699520524083,
      "test_f1_mean": 0.20599442601667298,
      "test_f1_std": 0.04996613580421189,
      "test_kappa_mean": -0.15555555555555559,
      "test_kappa_std": 0.08388704928078615
    },
    {
      "participant": "3218",
      "n_seeds": 3,
      "test_acc_mean": 0.26666666666666666,
      "test_acc_std": 0.03849001794597504,
      "test_bal_acc_mean": 0.26666666666666666,
      "test_bal_acc_std": 0.03849001794597506,
      "test_f1_mean": 0.25329926942830167,
      "test_f1_std": 0.048641783093246384,
      "test_kappa_mean": -0.10000000000000002,
      "test_kappa_std": 0.05773502691896263
    },
    {
      "participant": "3219",
      "n_seeds": 3,
      "test_acc_mean": 0.325,
      "test_acc_std": 0.0,
      "test_bal_acc_mean": 0.2888888888888889,
      "test_bal_acc_std": 0.0,
      "test_f1_mean": 0.29451354804615676,
      "test_f1_std": 0.012034108949460923,
      "test_kappa_mean": -0.04349449621716402,
      "test_kappa_std": 0.005041095037294485
    },
    {
      "participant": "3220",
      "n_seeds": 3,
      "test_acc_mean": 0.3037037037037037,
      "test_acc_std": 0.025660011963983372,
      "test_bal_acc_mean": 0.30370370370370375,
      "test_bal_acc_std": 0.02566001196398334,
      "test_f1_mean": 0.2956900833371422,
      "test_f1_std": 0.031084659671573752,
      "test_kappa_mean": -0.04444444444444443,
      "test_kappa_std": 0.03849001794597504
    },
    {
      "participant": "3221",
      "n_seeds": 3,
      "test_acc_mean": 0.2814814814814815,
      "test_acc_std": 0.025660011963983372,
      "test_bal_acc_mean": 0.2814814814814815,
      "test_bal_acc_std": 0.025660011963983372,
      "test_f1_mean": 0.2652524495531538,
      "test_f1_std": 0.021168259168835593,
      "test_kappa_mean": -0.07777777777777788,
      "test_kappa_std": 0.03849001794597504
    },
    {
      "participant": "3222",
      "n_seeds": 3,
      "test_acc_mean": 0.2682926829268293,
      "test_acc_std": 0.0422451416480214,
      "test_bal_acc_mean": 0.26060606060606056,
      "test_bal_acc_std": 0.03849001794597508,
      "test_f1_mean": 0.2650004508676785,
      "test_f1_std": 0.03675045896231907,
      "test_kappa_mean": -0.09480365550726193,
      "test_kappa_std": 0.059000190457331465
    },
    {
      "participant": "3223",
      "n_seeds": 3,
      "test_acc_mean": 0.34074074074074073,
      "test_acc_std": 0.051320023927966744,
      "test_bal_acc_mean": 0.34074074074074073,
      "test_bal_acc_std": 0.05132002392796671,
      "test_f1_mean": 0.3394932405059348,
      "test_f1_std": 0.05103360787053958,
      "test_kappa_mean": 0.011111111111111035,
      "test_kappa_std": 0.07698003589195015
    },
    {
      "participant": "3224",
      "n_seeds": 3,
      "test_acc_mean": 0.37777777777777777,
      "test_acc_std": 0.022222222222222227,
      "test_bal_acc_mean": 0.37777777777777777,
      "test_bal_acc_std": 0.0222222222222222,
      "test_f1_mean": 0.36327173923932615,
      "test_f1_std": 0.02997257122090879,
      "test_kappa_mean": 0.06666666666666665,
      "test_kappa_std": 0.033333333333333326
    },
    {
      "participant": "3225",
      "n_seeds": 3,
      "test_acc_mean": 0.3259259259259259,
      "test_acc_std": 0.04625924443258073,
      "test_bal_acc_mean": 0.32592592592592595,
      "test_bal_acc_std": 0.046259244432580705,
      "test_f1_mean": 0.304751912427351,
      "test_f1_std": 0.0481471732403916,
      "test_kappa_mean": -0.011111111111111146,
      "test_kappa_std": 0.06938886664887109
    },
    {
      "participant": "3226",
      "n_seeds": 3,
      "test_acc_mean": 0.2888888888888889,
      "test_acc_std": 0.03849001794597504,
      "test_bal_acc_mean": 0.2888888888888889,
      "test_bal_acc_std": 0.03849001794597504,
      "test_f1_mean": 0.26704298401213106,
      "test_f1_std": 0.040203866962268214,
      "test_kappa_mean": -0.06666666666666672,
      "test_kappa_std": 0.05773502691896263
    },
    {
      "participant": "3227",
      "n_seeds": 3,
      "test_acc_mean": 0.45925925925925926,
      "test_acc_std": 0.033945005147821034,
      "test_bal_acc_mean": 0.45925925925925926,
      "test_bal_acc_std": 0.03394500514782105,
      "test_f1_mean": 0.4600103877912554,
      "test_f1_std": 0.03186002739894596,
      "test_kappa_mean": 0.18888888888888886,
      "test_kappa_std": 0.05091750772173154
    },
    {
      "participant": "3228",
      "n_seeds": 3,