{
  "name": "gsr_ecg",
  "config": {
    "n_seeds": 3,
    "feature_selection": "none",
    "use_pca": false,
    "pca_variance": 0.95,
    "write_cm": true,
    "tune_hyperparameters": false,
    "tune_n_iter": 30,
    "tune_cv_folds": 5,
    "use_pose_derivatives": false,
    "use_time_features": false,
    "class_config": "all",
    "include_order": false,
    "name": "gsr_ecg",
    "feature_groups": [
      "gsr",
      "ecg"
    ],
    "split_strategy": "lopo"
  },
  "metrics": {
    "test_acc_mean": 0.3826510721247564,
    "test_acc_std": 0.09770322507059347,
    "test_bal_acc_mean": 0.38576998050682265,
    "test_bal_acc_std": 0.09281265666907135,
    "test_f1_mean": 0.33956911511804483,
    "test_f1_std": 0.11845358189494042,
    "test_kappa_mean": 0.07035419988108342,
    "test_kappa_std": 0.13499255772662724
  },
  "participant_results": [
    {
      "participant": "3208",
      "n_seeds": 3,
      "test_acc_mean": 0.3259259259259259,
      "test_acc_std": 0.01283000598199167,
      "test_bal_acc_mean": 0.3259259259259259,
      "test_bal_acc_std": 0.01283000598199167,
      "test_f1_mean": 0.18988648090815274,
      "test_f1_std": 0.022641187027044166,
      "test_kappa_mean": -0.011111111111111146,
      "test_kappa_std": 0.019245008972987584
    },
    {
      "participant": "3209",
      "n_seeds": 3,
      "test_acc_mean": 0.3925925925925926,
      "test_acc_std": 0.051320023927966744,
      "test_bal_acc_mean": 0.3925925925925926,
      "test_bal_acc_std": 0.051320023927966744,
      "test_f1_mean": 0.3860187309462672,
      "test_f1_std": 0.05358380844273255,
      "test_kappa_mean": 0.08888888888888884,
      "test_kappa_std": 0.07698003589195025
    },
    {
      "participant": "3210",
      "n_seeds": 3,
      "test_acc_mean": 0.5925925925925926,
      "test_acc_std": 0.06789001029564207,
      "test_bal_acc_mean": 0.5925925925925926,
      "test_bal_acc_std": 0.06789001029564205,
      "test_f1_mean": 0.590848958328633,
      "test_f1_std": 0.07325862686433392,
      "test_kappa_mean": 0.3888888888888889,
      "test_kappa_std": 0.10183501544346309
    },
    {
      "participant": "3214",
      "n_seeds": 3,
      "test_acc_mean": 0.4148148148148148,
      "test_acc_std": 0.01283000598199167,
      "test_bal_acc_mean": 0.4148148148148148,
      "test_bal_acc_std": 0.012830005981991702,
      "test_f1_mean": 0.304315095629116,
      "test_f1_std": 0.015552321526685219,
      "test_kappa_mean": 0.12222222222222219,
      "test_kappa_std": 0.01924500897298752
    },
    {
      "participant": "3215",
      "n_seeds": 3,
      "test_acc_mean": 0.40740740740740744,
      "test_acc_std": 0.03394500514782103,
      "test_bal_acc_mean": 0.4074074074074074,
      "test_bal_acc_std": 0.03394500514782106,
      "test_f1_mean": 0.3779700494676341,
      "test_f1_std": 0.02124088321254453,
      "test_kappa_mean": 0.11111111111111105,
      "test_kappa_std": 0.05091750772173156
    },
    {
      "participant": "3216",
      "n_seeds": 3,
      "test_acc_mean": 0.35555555555555557,
      "test_acc_std": 0.022222222222222227,
      "test_bal_acc_mean": 0.35555555555555557,
      "test_bal_acc_std": 0.022222222222222227,
      "test_f1_mean": 0.2788912809330112,
      "test_f1_std": 0.005517788171651333,
      "test_kappa_mean": 0.03333333333333329,
      "test_kappa_std": 0.03333333333333327
    },
    {
      "participant": "3217",
      "n_seeds": 3,
      "test_acc_mean": 0.3925925925925926,
      "test_acc_std": 0.0678900102956421,
      "test_bal_acc_mean": 0.39259259259259255,
      "test_bal_acc_std": 0.06789001029564205,
      "test_f1_mean": 0.38713105205989456,
      "test_f1_std": 0.07050023762161665,
      "test_kappa_mean": 0.08888888888888886,
      "test_kappa_std": 0.10183501544346309
    },
    {
      "participant": "3218",
      "n_seeds": 3,
      "test_acc_mean": 0.5703703703703704,
      "test_acc_std": 0.04625924443258073,
      "test_bal_acc_mean": 0.5703703703703703,
      "test_bal_acc_std": 0.04625924443258075,
      "test_f1_mean": 0.4917987928823842,
      "test_f1_std": 0.044512035540462645,
      "test_kappa_mean": 0.3555555555555556,
      "test_kappa_std": 0.06938886664887108
    },
    {
      "participant": "3219",
      "n_seeds": 3,
      "test_acc_mean": 0.43333333333333335,
      "test_acc_std": 0.02886751345948128,
      "test_bal_acc_mean": 0.3925925925925926,
      "test_bal_acc_std": 0.02312962221629036,
      "test_f1_mean": 0.33140143339033257,
      "test_f1_std": 0.02499724462422899,
      "test_kappa_mean": 0.09796101998259528,
      "test_kappa_std": 0.04202124418947433
    },
    {
      "participant": "3220",
      "n_seeds": 3,
      "test_acc_mean": 0.3333333333333333,
      "test_acc_std": 0.022222222222222227,
      "test_bal_acc_mean": 0.3333333333333333,
      "test_bal_acc_std": 0.022222222222222254,
      "test_f1_mean": 0.3257471817858291,
      "test_f1_std": 0.022933020989761677,
      "test_kappa_mean": -3.700743415417188e-17,
      "test_kappa_std": 0.03333333333333338
    },
    {
      "participant": "3221",
      "n_seeds": 3,
      "test_acc_mean": 0.3703703703703704,
      "test_acc_std": 0.025660011963983372,
      "test_bal_acc_mean": 0.3703703703703704,
      "test_bal_acc_std": 0.02566001196398334,
      "test_f1_mean": 0.35924966959238686,
      "test_f1_std": 0.0326389060690741,
      "test_kappa_mean": 0.055555555555555546,
      "test_kappa_std": 0.03849001794597504
    },
    {
      "participant": "3223",
      "n_seeds": 3,
      "test_acc_mean": 0.13333333333333333,
      "test_acc_std": 0.038490017945975064,
      "test_bal_acc_mean": 0.13333333333333333,
      "test_bal_acc_std": 0.038490017945975064,
      "test_f1_mean": 0.16925872481428036,
      "test_f1_std": 0.024748726861348037,
      "test_kappa_mean": -0.3,
      "test_kappa_std": 0.0577350269189625
    },
    {
      "participant": "3224",
      "n_seeds": 3,
      "test_acc_mean": 0.4666666666666666,
      "test_acc_std": 0.022222222222222227,
      "test_bal_acc_mean": 0.4666666666666666,
      "test_bal_acc_std": 0.022222222222222254,
      "test_f1_mean": 0.43471391740465587,
      "test_f1_std": 0.016460545322075457,
      "test_kappa_mean": 0.19999999999999996,
      "test_kappa_std": 0.033333333333333326
    },
    {
      "participant": "3225",
      "n_seeds": 3,
      "test_acc_mean": 0.4444444444444444,
      "test_acc_std": 0.03849001794597504,
      "test_bal_acc_mean": 0.4444444444444444,
      "test_bal_acc_std": 0.03849001794597504,
      "test_f1_mean": 0.3874095403507168,
      "test_f1_std": 0.03549889062667064,
      "test_kappa_mean": 0.16666666666666663,
      "test_kappa_std": 0.05773502691896256
    },
    {
      "participant": "3226",
      "n_seeds": 3,
      "test_acc_mean": 0.48148148148148145,
      "test_acc_std": 0.01283000598199167,
      "test_bal_acc_mean": 0.48148148148148145,
      "test_bal_acc_std": 0.012830005981991733,
      "test_f1_mean": 0.3831455581455581,
      "test_f1_std": 0.013741280342903147,
      "test_kappa_mean": 0.22222222222222218,
      "test_kappa_std": 0.01924500897298752
    },
    {
      "participant": "3227",
      "n_seeds": 3,
      "test_acc_mean": 0.4000000000000001,
      "test_acc_std": 0.044444444444444425,
      "test_bal_acc_mean": 0.39999999999999997,
      "test_bal_acc_std": 0.044444444444444425,
      "test_f1_mean": 0.3713857310982136,
      "test_f1_std": 0.03446243829269812,
      "test_kappa_mean": 0.09999999999999998,
      "test_kappa_std": 0.06666666666666665
    },
    {
      "participant": "3228",
      "n_seeds": 3,
      "test_acc_mean": 0.2037037037037037,
      "test_acc_std": 0.016037507477489596,
      "test_bal_acc_mean": 0.362962962962963,
      "test_bal_acc_std": 0.01283000598199167,
      "test_f1_mean": 0.11584722920507233,
      "test_f1_std": 0.031642631174948845,
      "test_kappa_mean": 0.019943019943019946,
      "test_kappa_std": 0.019738470741525724
    },
    {
      "participant": "3229",