{
  "name": "perf_gsr",
  "config": {
    "n_seeds": 3,
    "feature_selection": "none",
    "use_pca": false,
    "pca_variance": 0.95,
    "write_cm": true,
    "tune_hyperparameters": false,
    "tune_n_iter": 30,
    "tune_cv_folds": 5,
    "use_pose_derivatives": false,
    "use_time_features": false,
    "class_config": "all",
    "include_order": false,
    "name": "perf_gsr",
    "feature_groups": [
      "performance",
      "gsr"
    ],
    "split_strategy": "lopo"
  },
  "metrics": {
    "test_acc_mean": 0.7785811878952122,
    "test_acc_std": 0.1109733185566236,
    "test_bal_acc_mean": 0.7793097643097643,
    "test_bal_acc_std": 0.11115225444891937,
    "test_f1_mean": 0.7630924212019206,
    "test_f1_std": 0.1338633188362152,
    "test_kappa_mean": 0.6675037759406397,
    "test_kappa_std": 0.1662161248528169
  },
  "participant_results": [
    {
      "participant": "3208",
      "n_seeds": 3,
      "test_acc_mean": 0.6370370370370371,
      "test_acc_std": 0.012830005981991702,
      "test_bal_acc_mean": 0.6370370370370371,
      "test_bal_acc_std": 0.012830005981991702,
      "test_f1_mean": 0.613120477213179,
      "test_f1_std": 0.019552032096808038,
      "test_kappa_mean": 0.45555555555555555,
      "test_kappa_std": 0.01924500897298752
    },
    {
      "participant": "3209",
      "n_seeds": 3,
      "test_acc_mean": 0.851851851851852,
      "test_acc_std": 0.012830005981991702,
      "test_bal_acc_mean": 0.851851851851852,
      "test_bal_acc_std": 0.012830005981991702,
      "test_f1_mean": 0.8533307568035697,
      "test_f1_std": 0.012307191102546857,
      "test_kappa_mean": 0.7777777777777777,
      "test_kappa_std": 0.019245008972987587
    },
    {
      "participant": "3210",
      "n_seeds": 3,
      "test_acc_mean": 0.8000000000000002,
      "test_acc_std": 1.3597399555105182e-16,
      "test_bal_acc_mean": 0.7999999999999999,
      "test_bal_acc_std": 0.0,
      "test_f1_mean": 0.7913430672051364,
      "test_f1_std": 1.3597399555105182e-16,
      "test_kappa_mean": 0.6999999999999998,
      "test_kappa_std": 1.3597399555105182e-16
    },
    {
      "participant": "3214",
      "n_seeds": 3,
      "test_acc_mean": 0.8296296296296296,
      "test_acc_std": 0.012830005981991702,
      "test_bal_acc_mean": 0.8296296296296296,
      "test_bal_acc_std": 0.012830005981991638,
      "test_f1_mean": 0.8228800764782775,
      "test_f1_std": 0.016653039998364778,
      "test_kappa_mean": 0.7444444444444445,
      "test_kappa_std": 0.01924500897298746
    },
    {
      "participant": "3215",
      "n_seeds": 3,
      "test_acc_mean": 0.674074074074074,
      "test_acc_std": 0.012830005981991702,
      "test_bal_acc_mean": 0.674074074074074,
      "test_bal_acc_std": 0.01283000598199164,
      "test_f1_mean": 0.6817694132256963,
      "test_f1_std": 0.013575043840809679,
      "test_kappa_mean": 0.5111111111111111,
      "test_kappa_std": 0.01924500897298752
    },
    {
      "participant": "3216",
      "n_seeds": 3,
      "test_acc_mean": 0.7851851851851852,
      "test_acc_std": 0.051320023927966744,
      "test_bal_acc_mean": 0.7851851851851852,
      "test_bal_acc_std": 0.051320023927966744,
      "test_f1_mean": 0.7875701459034793,
      "test_f1_std": 0.050420951539077184,
      "test_kappa_mean": 0.6777777777777777,
      "test_kappa_std": 0.07698003589195009
    },
    {
      "participant": "3217",
      "n_seeds": 3,
      "test_acc_mean": 0.8592592592592592,
      "test_acc_std": 0.03394500514782104,
      "test_bal_acc_mean": 0.8592592592592593,
      "test_bal_acc_std": 0.03394500514782098,
      "test_f1_mean": 0.8584122452727366,
      "test_f1_std": 0.03329464634931089,
      "test_kappa_mean": 0.7888888888888889,
      "test_kappa_std": 0.05091750772173154
    },
    {
      "participant": "3218",
      "n_seeds": 3,
      "test_acc_mean": 0.8888888888888888,
      "test_acc_std": 0.0,
      "test_bal_acc_mean": 0.8888888888888888,
      "test_bal_acc_std": 0.0,
      "test_f1_mean": 0.8876644396357657,
      "test_f1_std": 0.0001768680173971708,
      "test_kappa_mean": 0.8333333333333334,
      "test_kappa_std": 0.0
    },
    {
      "participant": "3219",
      "n_seeds": 3,
      "test_acc_mean": 0.8083333333333332,
      "test_acc_std": 0.028867513459481253,
      "test_bal_acc_mean": 0.825925925925926,
      "test_bal_acc_std": 0.03207501495497923,
      "test_f1_mean": 0.8075611800765353,
      "test_f1_std": 0.02713366730845977,
      "test_kappa_mean": 0.7111052056574246,
      "test_kappa_std": 0.04393598011554284
    },
    {
      "participant": "3220",
      "n_seeds": 3,
      "test_acc_mean": 0.9185185185185185,
      "test_acc_std": 0.012830005981991702,
      "test_bal_acc_mean": 0.9185185185185185,
      "test_bal_acc_std": 0.01283000598199164,
      "test_f1_mean": 0.9187492275367691,
      "test_f1_std": 0.013229605723366301,
      "test_kappa_mean": 0.8777777777777778,
      "test_kappa_std": 0.01924500897298752
    },
    {
      "participant": "3221",
      "n_seeds": 3,
      "test_acc_mean": 0.9333333333333332,
      "test_acc_std": 0.022222222222222254,
      "test_bal_acc_mean": 0.9333333333333332,
      "test_bal_acc_std": 0.022222222222222254,
      "test_f1_mean": 0.9336393023406373,
      "test_f1_std": 0.02153029464692344,
      "test_kappa_mean": 0.9,
      "test_kappa_std": 0.033333333333333326
    },
    {
      "participant": "3222",
      "n_seeds": 3,
      "test_acc_mean": 0.7886178861788619,
      "test_acc_std": 0.014081713882673812,
      "test_bal_acc_mean": 0.8020202020202021,
      "test_bal_acc_std": 0.011248008813797996,
      "test_f1_mean": 0.7978744180418126,
      "test_f1_std": 0.012533584849077949,
      "test_kappa_mean": 0.688171924352685,
      "test_kappa_std": 0.019593157167579645
    },
    {
      "participant": "3223",
      "n_seeds": 3,
      "test_acc_mean": 0.7407407407407408,
      "test_acc_std": 0.012830005981991702,
      "test_bal_acc_mean": 0.7407407407407408,
      "test_bal_acc_std": 0.01283000598199164,
      "test_f1_mean": 0.7407910811940503,
      "test_f1_std": 0.01476287339102075,
      "test_kappa_mean": 0.6111111111111112,
      "test_kappa_std": 0.01924500897298752
    },
    {
      "participant": "3224",
      "n_seeds": 3,
      "test_acc_mean": 0.6518518518518519,
      "test_acc_std": 0.03394500514782103,
      "test_bal_acc_mean": 0.6518518518518518,
      "test_bal_acc_std": 0.033945005147820964,
      "test_f1_mean": 0.6403629292518181,
      "test_f1_std": 0.041487859915084614,
      "test_kappa_mean": 0.4777777777777778,
      "test_kappa_std": 0.05091750772173154
    },
    {
      "participant": "3225",
      "n_seeds": 3,
      "test_acc_mean": 0.6148148148148147,
      "test_acc_std": 0.04625924443258073,
      "test_bal_acc_mean": 0.6148148148148148,
      "test_bal_acc_std": 0.04625924443258069,
      "test_f1_mean": 0.543761459202604,
      "test_f1_std": 0.0750001197813406,
      "test_kappa_mean": 0.4222222222222222,
      "test_kappa_std": 0.06938886664887108
    },
    {
      "participant": "3226",
      "n_seeds": 3,
      "test_acc_mean": 0.6,
      "test_acc_std": 0.022222222222222254,
      "test_bal_acc_mean": 0.6000000000000001,
      "test_bal_acc_std": 0.022222222222222202,
      "test_f1_mean": 0.4879018952068465,
      "test_f1_std": 0.01893357943437553,
      "test_kappa_mean": 0.4000000000000001,
      "test_kappa_std": 0.033333333333333326
    },
    {
      "participant": "3227",
      "n_seeds": 3,
      "test_acc_mean": 0.7333333333333333,
      "test_acc_std": 0.0,
      "test_bal_acc_mean": 0.7333333333333334,
      "test_bal_acc_std": 0.0,
      "test_f1_mean": 0.7277777777777777,
      "test_f1_std": 0.0,
      "test_kappa_mean": 0.6,
      "test_kappa_std": 0.0
    },
    {
      "participant": "3228",
      "n_seeds": 3,
      "test_acc_mean": 0.8425925925925926,
      "test_acc_std": 0.04243125643477625,
      "test_bal_acc_mean": 0.8407407407407407,