{
  "name": "performance",
  "config": {
    "n_seeds": 3,
    "feature_selection": "none",
    "use_pca": false,
    "pca_variance": 0.95,
    "write_cm": true,
    "tune_hyperparameters": false,
    "tune_n_iter": 30,
    "tune_cv_folds": 5,
    "use_pose_derivatives": false,
    "use_time_features": false,
    "class_config": "all",
    "include_order": false,
    "name": "performance",
    "feature_groups": [
      "performance"
    ],
    "split_strategy": "lopo"
  },
  "metrics": {
    "test_acc_mean": 0.7293712316968131,
    "test_acc_std": 0.09764820709485007,
    "test_bal_acc_mean": 0.7293712316968131,
    "test_bal_acc_std": 0.09764820709485009,
    "test_f1_mean": 0.7168651119743181,
    "test_f1_std": 0.11672786959028322,
    "test_kappa_mean": 0.5940568475452196,
    "test_kappa_std": 0.14647231064227514
  },
  "participant_results": [
    {
      "participant": "3105",
      "n_seeds": 3,
      "test_acc_mean": 0.8222222222222223,
      "test_acc_std": 0.04444444444444445,
      "test_bal_acc_mean": 0.8222222222222223,
      "test_bal_acc_std": 0.044444444444444405,
      "test_f1_mean": 0.8257597398261135,
      "test_f1_std": 0.042411091535675426,
      "test_kappa_mean": 0.7333333333333334,
      "test_kappa_std": 0.06666666666666665
    },
    {
      "participant": "3206",
      "n_seeds": 3,
      "test_acc_mean": 0.6814814814814815,
      "test_acc_std": 0.012830005981991702,
      "test_bal_acc_mean": 0.6814814814814815,
      "test_bal_acc_std": 0.012830005981991638,
      "test_f1_mean": 0.6358395989974938,
      "test_f1_std": 0.020523304339805537,
      "test_kappa_mean": 0.5222222222222221,
      "test_kappa_std": 0.01924500897298752
    },
    {
      "participant": "3207",
      "n_seeds": 3,
      "test_acc_mean": 0.7925925925925926,
      "test_acc_std": 0.012830005981991702,
      "test_bal_acc_mean": 0.7925925925925926,
      "test_bal_acc_std": 0.012830005981991638,
      "test_f1_mean": 0.7920379663533822,
      "test_f1_std": 0.011978162482070127,
      "test_kappa_mean": 0.6888888888888888,
      "test_kappa_std": 0.01924500897298746
    },
    {
      "participant": "3208",
      "n_seeds": 3,
      "test_acc_mean": 0.5851851851851851,
      "test_acc_std": 0.012830005981991702,
      "test_bal_acc_mean": 0.5851851851851851,
      "test_bal_acc_std": 0.012830005981991638,
      "test_f1_mean": 0.5697738971083623,
      "test_f1_std": 0.024888282280855968,
      "test_kappa_mean": 0.37777777777777777,
      "test_kappa_std": 0.01924500897298752
    },
    {
      "participant": "3209",
      "n_seeds": 3,
      "test_acc_mean": 0.8000000000000002,
      "test_acc_std": 0.022222222222222202,
      "test_bal_acc_mean": 0.7999999999999999,
      "test_bal_acc_std": 0.02222222222222231,
      "test_f1_mean": 0.801381214633412,
      "test_f1_std": 0.022138709427456323,
      "test_kappa_mean": 0.7000000000000001,
      "test_kappa_std": 0.033333333333333326
    },
    {
      "participant": "3210",
      "n_seeds": 3,
      "test_acc_mean": 0.7333333333333333,
      "test_acc_std": 0.0,
      "test_bal_acc_mean": 0.7333333333333333,
      "test_bal_acc_std": 0.0,
      "test_f1_mean": 0.7276386598024024,
      "test_f1_std": 0.0004905760272017229,
      "test_kappa_mean": 0.6000000000000001,
      "test_kappa_std": 7.850462293418876e-17
    },
    {
      "participant": "3214",
      "n_seeds": 3,
      "test_acc_mean": 0.762962962962963,
      "test_acc_std": 0.012830005981991702,
      "test_bal_acc_mean": 0.762962962962963,
      "test_bal_acc_std": 0.012830005981991702,
      "test_f1_mean": 0.7546849285979721,
      "test_f1_std": 0.016734790411293575,
      "test_kappa_mean": 0.6444444444444445,
      "test_kappa_std": 0.019245008972987587
    },
    {
      "participant": "3215",
      "n_seeds": 3,
      "test_acc_mean": 0.6962962962962963,
      "test_acc_std": 0.025660011963983403,
      "test_bal_acc_mean": 0.6962962962962963,
      "test_bal_acc_std": 0.025660011963983403,
      "test_f1_mean": 0.69281045751634,
      "test_f1_std": 0.024479147494409548,
      "test_kappa_mean": 0.5444444444444444,
      "test_kappa_std": 0.03849001794597504
    },
    {
      "participant": "3216",
      "n_seeds": 3,
      "test_acc_mean": 0.7555555555555555,
      "test_acc_std": 0.022222222222222254,
      "test_bal_acc_mean": 0.7555555555555555,
      "test_bal_acc_std": 0.022222222222222143,
      "test_f1_mean": 0.7571908646908647,
      "test_f1_std": 0.022353298404291927,
      "test_kappa_mean": 0.6333333333333334,
      "test_kappa_std": 0.03333333333333338
    },
    {
      "participant": "3217",
      "n_seeds": 3,
      "test_acc_mean": 0.7481481481481481,
      "test_acc_std": 0.012830005981991702,
      "test_bal_acc_mean": 0.7481481481481481,
      "test_bal_acc_std": 0.01283000598199164,
      "test_f1_mean": 0.7508320383320384,
      "test_f1_std": 0.013211317348589331,
      "test_kappa_mean": 0.6222222222222222,
      "test_kappa_std": 0.01924500897298752
    },
    {
      "participant": "3218",
      "n_seeds": 3,
      "test_acc_mean": 0.837037037037037,
      "test_acc_std": 0.012830005981991702,
      "test_bal_acc_mean": 0.837037037037037,
      "test_bal_acc_std": 0.01283000598199164,
      "test_f1_mean": 0.8353044060975714,
      "test_f1_std": 0.013474672956481403,
      "test_kappa_mean": 0.7555555555555555,
      "test_kappa_std": 0.01924500897298746
    },
    {
      "participant": "3219",
      "n_seeds": 3,
      "test_acc_mean": 0.7703703703703703,
      "test_acc_std": 0.012830005981991702,
      "test_bal_acc_mean": 0.7703703703703703,
      "test_bal_acc_std": 0.01283000598199164,
      "test_f1_mean": 0.7691442449601843,
      "test_f1_std": 0.013217656838704595,
      "test_kappa_mean": 0.6555555555555556,
      "test_kappa_std": 0.019245008972987587
    },
    {
      "participant": "3220",
      "n_seeds": 3,
      "test_acc_mean": 0.8222222222222223,
      "test_acc_std": 1.3597399555105182e-16,
      "test_bal_acc_mean": 0.8222222222222223,
      "test_bal_acc_std": 0.0,
      "test_f1_mean": 0.8206154987022618,
      "test_f1_std": 0.0,
      "test_kappa_mean": 0.7333333333333334,
      "test_kappa_std": 0.0
    },
    {
      "participant": "3221",
      "n_seeds": 3,
      "test_acc_mean": 0.8444444444444444,
      "test_acc_std": 0.0,
      "test_bal_acc_mean": 0.8444444444444444,
      "test_bal_acc_std": 0.0,
      "test_f1_mean": 0.8464607464607465,
      "test_f1_std": 0.0,
      "test_kappa_mean": 0.7666666666666666,
      "test_kappa_std": 0.0
    },
    {
      "participant": "3222",
      "n_seeds": 3,
      "test_acc_mean": 0.8074074074074075,
      "test_acc_std": 0.01283000598199164,
      "test_bal_acc_mean": 0.8074074074074074,
      "test_bal_acc_std": 0.012830005981991766,
      "test_f1_mean": 0.8108479105098443,
      "test_f1_std": 0.011682557774352056,
      "test_kappa_mean": 0.7111111111111111,
      "test_kappa_std": 0.019245008972987587
    },
    {
      "participant": "3223",
      "n_seeds": 3,
      "test_acc_mean": 0.7111111111111111,
      "test_acc_std": 0.0,
      "test_bal_acc_mean": 0.7111111111111111,
      "test_bal_acc_std": 0.0,
      "test_f1_mean": 0.7001763668430335,
      "test_f1_std": 1.3597399555105182e-16,
      "test_kappa_mean": 0.5666666666666667,
      "test_kappa_std": 0.0
    },
    {
      "participant": "3224",
      "n_seeds": 3,
      "test_acc_mean": 0.6296296296296297,
      "test_acc_std": 0.025660011963983403,
      "test_bal_acc_mean": 0.6296296296296297,
      "test_bal_acc_std": 0.025660011963983403,
      "test_f1_mean": 0.5909604760863342,
      "test_f1_std": 0.03180657257413309,
      "test_kappa_mean": 0.4444444444444445,
      "test_kappa_std": 0.03849001794597504
    },
    {
      "participant": "3225",
      "n_seeds": 3,
      "test_acc_mean": 0.762962962962963,
      "test_acc_std": 0.012830005981991702,
      "test_bal_acc_mean": 0.762962962962963,
      "test_bal_acc_std": 0.012830005981991702,