{
  "name": "perf_eye_gsr",
  "config": {
    "n_seeds": 3,
    "feature_selection": "none",
    "use_pca": false,
    "pca_variance": 0.95,
    "write_cm": true,
    "tune_hyperparameters": false,
    "tune_n_iter": 30,
    "tune_cv_folds": 5,
    "use_pose_derivatives": false,
    "use_time_features": false,
    "class_config": "all",
    "include_order": false,
    "name": "perf_eye_gsr",
    "feature_groups": [
      "performance",
      "eye_tracking",
      "gsr"
    ],
    "split_strategy": "lopo"
  },
  "metrics": {
    "test_acc_mean": 0.7357049709834661,
    "test_acc_std": 0.11302184449688693,
    "test_bal_acc_mean": 0.7355753968253967,
    "test_bal_acc_std": 0.11130026968736902,
    "test_f1_mean": 0.7142742220364962,
    "test_f1_std": 0.13957840956064138,
    "test_kappa_mean": 0.5981339980321511,
    "test_kappa_std": 0.1713923419451457
  },
  "participant_results": [
    {
      "participant": "3208",
      "n_seeds": 3,
      "test_acc_mean": 0.5851851851851851,
      "test_acc_std": 0.012830005981991702,
      "test_bal_acc_mean": 0.5851851851851851,
      "test_bal_acc_std": 0.012830005981991638,
      "test_f1_mean": 0.5014390371533229,
      "test_f1_std": 0.02651098174850319,
      "test_kappa_mean": 0.37777777777777777,
      "test_kappa_std": 0.01924500897298752
    },
    {
      "participant": "3209",
      "n_seeds": 3,
      "test_acc_mean": 0.6060606060606061,
      "test_acc_std": 0.026243194054073875,
      "test_bal_acc_mean": 0.6148148148148148,
      "test_bal_acc_std": 0.025660011963983403,
      "test_f1_mean": 0.5521339260521347,
      "test_f1_std": 0.04431562450824312,
      "test_kappa_mean": 0.41620022259549466,
      "test_kappa_std": 0.03839625461175323
    },
    {
      "participant": "3210",
      "n_seeds": 3,
      "test_acc_mean": 0.7333333333333333,
      "test_acc_std": 0.0,
      "test_bal_acc_mean": 0.7333333333333334,
      "test_bal_acc_std": 0.0,
      "test_f1_mean": 0.7160198475987949,
      "test_f1_std": 0.005371413987675841,
      "test_kappa_mean": 0.4666666666666666,
      "test_kappa_std": 6.798699777552591e-17
    },
    {
      "participant": "3214",
      "n_seeds": 3,
      "test_acc_mean": 0.8148148148148149,
      "test_acc_std": 0.012830005981991638,
      "test_bal_acc_mean": 0.8148148148148149,
      "test_bal_acc_std": 0.012830005981991766,
      "test_f1_mean": 0.8121735775555924,
      "test_f1_std": 0.014347682160161468,
      "test_kappa_mean": 0.7222222222222223,
      "test_kappa_std": 0.019245008972987587
    },
    {
      "participant": "3215",
      "n_seeds": 3,
      "test_acc_mean": 0.6444444444444445,
      "test_acc_std": 0.0,
      "test_bal_acc_mean": 0.6444444444444445,
      "test_bal_acc_std": 0.0,
      "test_f1_mean": 0.6425974025974025,
      "test_f1_std": 0.0,
      "test_kappa_mean": 0.4666666666666666,
      "test_kappa_std": 6.798699777552591e-17
    },
    {
      "participant": "3216",
      "n_seeds": 3,
      "test_acc_mean": 0.751937984496124,
      "test_acc_std": 0.013426750446270392,
      "test_bal_acc_mean": 0.7333333333333334,
      "test_bal_acc_std": 0.011965811965811923,
      "test_f1_mean": 0.7311004866397494,
      "test_f1_std": 0.009634743400811297,
      "test_kappa_mean": 0.6217764692449476,
      "test_kappa_std": 0.020300494110198467
    },
    {
      "participant": "3217",
      "n_seeds": 3,
      "test_acc_mean": 0.7703703703703703,
      "test_acc_std": 0.03394500514782109,
      "test_bal_acc_mean": 0.7703703703703703,
      "test_bal_acc_std": 0.03394500514782098,
      "test_f1_mean": 0.7681466486729644,
      "test_f1_std": 0.035192202974944235,
      "test_kappa_mean": 0.6555555555555556,
      "test_kappa_std": 0.05091750772173156
    },
    {
      "participant": "3218",
      "n_seeds": 3,
      "test_acc_mean": 0.7999999999999999,
      "test_acc_std": 0.022222222222222202,
      "test_bal_acc_mean": 0.7999999999999999,
      "test_bal_acc_std": 0.022222222222222254,
      "test_f1_mean": 0.795777794650907,
      "test_f1_std": 0.022977474075670894,
      "test_kappa_mean": 0.7000000000000001,
      "test_kappa_std": 0.033333333333333326
    },
    {
      "participant": "3219",
      "n_seeds": 3,
      "test_acc_mean": 0.7719298245614036,
      "test_acc_std": 0.04019803241189334,
      "test_bal_acc_mean": 0.7936507936507936,
      "test_bal_acc_std": 0.03636964837266544,
      "test_f1_mean": 0.766795056571221,
      "test_f1_std": 0.04292344211546607,
      "test_kappa_mean": 0.6565579962807997,
      "test_kappa_std": 0.059832467292513174
    },
    {
      "participant": "3220",
      "n_seeds": 3,
      "test_acc_mean": 0.9481481481481482,
      "test_acc_std": 0.03394500514782104,
      "test_bal_acc_mean": 0.9481481481481482,
      "test_bal_acc_std": 0.03394500514782109,
      "test_f1_mean": 0.9481069501091749,
      "test_f1_std": 0.03397197687997575,
      "test_kappa_mean": 0.9222222222222222,
      "test_kappa_std": 0.05091750772173154
    },
    {
      "participant": "3221",
      "n_seeds": 3,
      "test_acc_mean": 0.8666666666666667,
      "test_acc_std": 0.0,
      "test_bal_acc_mean": 0.8666666666666666,
      "test_bal_acc_std": 0.0,
      "test_f1_mean": 0.8679538226529436,
      "test_f1_std": 1.3597399555105182e-16,
      "test_kappa_mean": 0.8000000000000002,
      "test_kappa_std": 1.3597399555105182e-16
    },
    {
      "participant": "3222",
      "n_seeds": 3,
      "test_acc_mean": 0.8536585365853658,
      "test_acc_std": 0.024390243902439046,
      "test_bal_acc_mean": 0.8666666666666667,
      "test_bal_acc_std": 0.022222222222222202,
      "test_f1_mean": 0.8525869018001,
      "test_f1_std": 0.026866032890597264,
      "test_kappa_mean": 0.7831520057699609,
      "test_kappa_std": 0.03539052706445954
    },
    {
      "participant": "3223",
      "n_seeds": 3,
      "test_acc_mean": 0.7111111111111111,
      "test_acc_std": 0.022222222222222202,
      "test_bal_acc_mean": 0.7111111111111111,
      "test_bal_acc_std": 0.022222222222222254,
      "test_f1_mean": 0.7045628327918889,
      "test_f1_std": 0.025665494231171433,
      "test_kappa_mean": 0.5666666666666668,
      "test_kappa_std": 0.033333333333333326
    },
    {
      "participant": "3224",
      "n_seeds": 3,
      "test_acc_mean": 0.5666666666666667,
      "test_acc_std": 0.0,
      "test_bal_acc_mean": 0.6269841269841269,
      "test_bal_acc_std": 0.0,
      "test_f1_mean": 0.5161344537815126,
      "test_f1_std": 0.0,
      "test_kappa_mean": 0.31095406360424016,
      "test_kappa_std": 0.0
    },
    {
      "participant": "3225",
      "n_seeds": 3,
      "test_acc_mean": 0.6962962962962963,
      "test_acc_std": 0.03394500514782103,
      "test_bal_acc_mean": 0.6962962962962962,
      "test_bal_acc_std": 0.033945005147821096,
      "test_f1_mean": 0.6671596893234707,
      "test_f1_std": 0.058197055836496654,
      "test_kappa_mean": 0.5444444444444444,
      "test_kappa_std": 0.05091750772173153
    },
    {
      "participant": "3226",
      "n_seeds": 3,
      "test_acc_mean": 0.40740740740740744,
      "test_acc_std": 0.025660011963983372,
      "test_bal_acc_mean": 0.40740740740740744,
      "test_bal_acc_std": 0.025660011963983372,
      "test_f1_mean": 0.322379248053798,
      "test_f1_std": 0.023105838346721946,
      "test_kappa_mean": 0.11111111111111105,
      "test_kappa_std": 0.038490017945975105
    },
    {
      "participant": "3227",
      "n_seeds": 3,
      "test_acc_mean": 0.7407407407407408,
      "test_acc_std": 0.02566001196398334,
      "test_bal_acc_mean": 0.7407407407407408,
      "test_bal_acc_std": 0.02566001196398334,
      "test_f1_mean": 0.7322282430659949,
      "test_f1_std": 0.028229651364076454,
      "test_kappa_mean": 0.611111111111111,
      "test_kappa_std": 0.03849001794597504
    },
    {
      "participant": "3228",
      "n_seeds": 3,
      "test_acc_mean": 0.8240740740740741,
      "test_acc_std": 0.06990587440065507,