{
  "name": "perf_gsr_ecg",
  "config": {
    "n_seeds": 3,
    "feature_selection": "none",
    "use_pca": false,
    "pca_variance": 0.95,
    "write_cm": true,
    "tune_hyperparameters": false,
    "tune_n_iter": 30,
    "tune_cv_folds": 5,
    "use_pose_derivatives": false,
    "use_time_features": false,
    "class_config": "all",
    "include_order": false,
    "name": "perf_gsr_ecg",
    "feature_groups": [
      "performance",
      "gsr",
      "ecg"
    ],
    "split_strategy": "lopo"
  },
  "metrics": {
    "test_acc_mean": 0.6663742690058478,
    "test_acc_std": 0.1397849150428818,
    "test_bal_acc_mean": 0.6678362573099415,
    "test_bal_acc_std": 0.1402026097529148,
    "test_f1_mean": 0.6452184911970961,
    "test_f1_std": 0.16137987471132664,
    "test_kappa_mean": 0.5032028846071963,
    "test_kappa_std": 0.19646200223037869
  },
  "participant_results": [
    {
      "participant": "3208",
      "n_seeds": 3,
      "test_acc_mean": 0.48148148148148145,
      "test_acc_std": 0.01283000598199167,
      "test_bal_acc_mean": 0.48148148148148145,
      "test_bal_acc_std": 0.012830005981991733,
      "test_f1_mean": 0.39132475402316674,
      "test_f1_std": 0.009018139243222222,
      "test_kappa_mean": 0.22222222222222218,
      "test_kappa_std": 0.01924500897298752
    },
    {
      "participant": "3209",
      "n_seeds": 3,
      "test_acc_mean": 0.7333333333333334,
      "test_acc_std": 0.022222222222222202,
      "test_bal_acc_mean": 0.7333333333333334,
      "test_bal_acc_std": 0.022222222222222202,
      "test_f1_mean": 0.7350647273454292,
      "test_f1_std": 0.019999483829716933,
      "test_kappa_mean": 0.6,
      "test_kappa_std": 0.033333333333333326
    },
    {
      "participant": "3210",
      "n_seeds": 3,
      "test_acc_mean": 0.762962962962963,
      "test_acc_std": 0.012830005981991702,
      "test_bal_acc_mean": 0.762962962962963,
      "test_bal_acc_std": 0.012830005981991702,
      "test_f1_mean": 0.7600239916029391,
      "test_f1_std": 0.013816929519067917,
      "test_kappa_mean": 0.6444444444444445,
      "test_kappa_std": 0.019245008972987587
    },
    {
      "participant": "3214",
      "n_seeds": 3,
      "test_acc_mean": 0.7407407407407408,
      "test_acc_std": 0.012830005981991702,
      "test_bal_acc_mean": 0.7407407407407408,
      "test_bal_acc_std": 0.01283000598199164,
      "test_f1_mean": 0.7368142578668895,
      "test_f1_std": 0.016230439898271325,
      "test_kappa_mean": 0.6111111111111112,
      "test_kappa_std": 0.01924500897298752
    },
    {
      "participant": "3215",
      "n_seeds": 3,
      "test_acc_mean": 0.6296296296296297,
      "test_acc_std": 0.012830005981991702,
      "test_bal_acc_mean": 0.6296296296296297,
      "test_bal_acc_std": 0.012830005981991735,
      "test_f1_mean": 0.6193467329993804,
      "test_f1_std": 0.020334573379632164,
      "test_kappa_mean": 0.4444444444444444,
      "test_kappa_std": 0.019245008972987553
    },
    {
      "participant": "3216",
      "n_seeds": 3,
      "test_acc_mean": 0.7185185185185184,
      "test_acc_std": 0.012830005981991638,
      "test_bal_acc_mean": 0.7185185185185187,
      "test_bal_acc_std": 0.012830005981991702,
      "test_f1_mean": 0.7274288876628058,
      "test_f1_std": 0.012333881690770999,
      "test_kappa_mean": 0.5777777777777777,
      "test_kappa_std": 0.01924500897298752
    },
    {
      "participant": "3217",
      "n_seeds": 3,
      "test_acc_mean": 0.7185185185185184,
      "test_acc_std": 0.02566001196398334,
      "test_bal_acc_mean": 0.7185185185185184,
      "test_bal_acc_std": 0.025660011963983435,
      "test_f1_mean": 0.721401338313103,
      "test_f1_std": 0.024083794766324173,
      "test_kappa_mean": 0.5777777777777778,
      "test_kappa_std": 0.03849001794597508
    },
    {
      "participant": "3218",
      "n_seeds": 3,
      "test_acc_mean": 0.9111111111111111,
      "test_acc_std": 0.022222222222222254,
      "test_bal_acc_mean": 0.9111111111111111,
      "test_bal_acc_std": 0.022222222222222143,
      "test_f1_mean": 0.9110451942487537,
      "test_f1_std": 0.022247014286443875,
      "test_kappa_mean": 0.8666666666666667,
      "test_kappa_std": 0.033333333333333326
    },
    {
      "participant": "3219",
      "n_seeds": 3,
      "test_acc_mean": 0.7999999999999999,
      "test_acc_std": 0.024999999999999967,
      "test_bal_acc_mean": 0.7925925925925926,
      "test_bal_acc_std": 0.023129622216290432,
      "test_f1_mean": 0.8023600462881983,
      "test_f1_std": 0.02399280565699865,
      "test_kappa_mean": 0.692241016039643,
      "test_kappa_std": 0.03932025082480725
    },
    {
      "participant": "3220",
      "n_seeds": 3,
      "test_acc_mean": 0.725925925925926,
      "test_acc_std": 0.02566001196398334,
      "test_bal_acc_mean": 0.725925925925926,
      "test_bal_acc_std": 0.02566001196398334,
      "test_f1_mean": 0.7327311577311577,
      "test_f1_std": 0.024693197847536652,
      "test_kappa_mean": 0.5888888888888889,
      "test_kappa_std": 0.03849001794597504
    },
    {
      "participant": "3221",
      "n_seeds": 3,
      "test_acc_mean": 0.8740740740740741,
      "test_acc_std": 0.01283000598199164,
      "test_bal_acc_mean": 0.8740740740740741,
      "test_bal_acc_std": 0.012830005981991702,
      "test_f1_mean": 0.872601462655226,
      "test_f1_std": 0.013133354730466193,
      "test_kappa_mean": 0.8111111111111112,
      "test_kappa_std": 0.01924500897298752
    },
    {
      "participant": "3223",
      "n_seeds": 3,
      "test_acc_mean": 0.5333333333333333,
      "test_acc_std": 0.022222222222222254,
      "test_bal_acc_mean": 0.5333333333333333,
      "test_bal_acc_std": 0.022222222222222254,
      "test_f1_mean": 0.4818052146699852,
      "test_f1_std": 0.03249751712798193,
      "test_kappa_mean": 0.30000000000000004,
      "test_kappa_std": 0.033333333333333326
    },
    {
      "participant": "3224",
      "n_seeds": 3,
      "test_acc_mean": 0.6666666666666666,
      "test_acc_std": 0.022222222222222202,
      "test_bal_acc_mean": 0.6666666666666666,
      "test_bal_acc_std": 0.022222222222222143,
      "test_f1_mean": 0.6633472419380277,
      "test_f1_std": 0.02822099260120146,
      "test_kappa_mean": 0.5,
      "test_kappa_std": 0.033333333333333326
    },
    {
      "participant": "3225",
      "n_seeds": 3,
      "test_acc_mean": 0.6444444444444444,
      "test_acc_std": 0.03849001794597504,
      "test_bal_acc_mean": 0.6444444444444444,
      "test_bal_acc_std": 0.03849001794597504,
      "test_f1_mean": 0.5658848330269973,
      "test_f1_std": 0.05687253694292722,
      "test_kappa_mean": 0.4666666666666666,
      "test_kappa_std": 0.05773502691896257
    },
    {
      "participant": "3226",
      "n_seeds": 3,
      "test_acc_mean": 0.5259259259259259,
      "test_acc_std": 0.012830005981991702,
      "test_bal_acc_mean": 0.5259259259259259,
      "test_bal_acc_std": 0.012830005981991702,
      "test_f1_mean": 0.430497456142451,
      "test_f1_std": 0.010489018304667065,
      "test_kappa_mean": 0.2888888888888889,
      "test_kappa_std": 0.01924500897298752
    },
    {
      "participant": "3227",
      "n_seeds": 3,
      "test_acc_mean": 0.7407407407407408,
      "test_acc_std": 0.03394500514782104,
      "test_bal_acc_mean": 0.7407407407407408,
      "test_bal_acc_std": 0.03394500514782104,
      "test_f1_mean": 0.7367702699599251,
      "test_f1_std": 0.037340362674670696,
      "test_kappa_mean": 0.611111111111111,
      "test_kappa_std": 0.050917507721731606
    },
    {
      "participant": "3228",
      "n_seeds": 3,
      "test_acc_mean": 0.6851851851851851,
      "test_acc_std": 0.08018753738744806,
      "test_bal_acc_mean": 0.7481481481481481,
      "test_bal_acc_std": 0.06415002990995845,
      "test_f1_mean": 0.6797353549145663,
      "test_f1_std": 0.08318892447552907,
      "test_kappa_mean": 0.5072463768115942,
      "test_kappa_std": 0.12551092808470124
    },
    {
      "participant": "3229",