{
  "name": "perf_eye_gsr_ecg",
  "config": {
    "n_seeds": 3,
    "feature_selection": "none",
    "use_pca": false,
    "pca_variance": 0.95,
    "write_cm": true,
    "tune_hyperparameters": false,
    "tune_n_iter": 30,
    "tune_cv_folds": 5,
    "use_pose_derivatives": false,
    "use_time_features": false,
    "class_config": "all",
    "include_order": false,
    "name": "perf_eye_gsr_ecg",
    "feature_groups": [
      "performance",
      "eye_tracking",
      "gsr",
      "ecg"
    ],
    "split_strategy": "lopo"
  },
  "metrics": {
    "test_acc_mean": 0.6643629563506518,
    "test_acc_std": 0.15251262591626477,
    "test_bal_acc_mean": 0.6629227984491142,
    "test_bal_acc_std": 0.15363239112644042,
    "test_f1_mean": 0.6448373211443067,
    "test_f1_std": 0.17032529985659575,
    "test_kappa_mean": 0.49607575603701537,
    "test_kappa_std": 0.21118063711005203
  },
  "participant_results": [
    {
      "participant": "3208",
      "n_seeds": 3,
      "test_acc_mean": 0.5185185185185185,
      "test_acc_std": 0.012830005981991702,
      "test_bal_acc_mean": 0.5185185185185185,
      "test_bal_acc_std": 0.012830005981991702,
      "test_f1_mean": 0.4238779956427015,
      "test_f1_std": 0.014181249451916593,
      "test_kappa_mean": 0.27777777777777785,
      "test_kappa_std": 0.01924500897298752
    },
    {
      "participant": "3209",
      "n_seeds": 3,
      "test_acc_mean": 0.6666666666666666,
      "test_acc_std": 0.026243194054073875,
      "test_bal_acc_mean": 0.674074074074074,
      "test_bal_acc_std": 0.02566001196398328,
      "test_f1_mean": 0.6517501246249005,
      "test_f1_std": 0.041954534084207136,
      "test_kappa_mean": 0.5050086792537901,
      "test_kappa_std": 0.03851412492521979
    },
    {
      "participant": "3210",
      "n_seeds": 3,
      "test_acc_mean": 0.7444444444444445,
      "test_acc_std": 0.050917507721731606,
      "test_bal_acc_mean": 0.7444444444444445,
      "test_bal_acc_std": 0.05091750772173159,
      "test_f1_mean": 0.7249716657611395,
      "test_f1_std": 0.061559912895806805,
      "test_kappa_mean": 0.48888888888888893,
      "test_kappa_std": 0.10183501544346309
    },
    {
      "participant": "3214",
      "n_seeds": 3,
      "test_acc_mean": 0.7481481481481481,
      "test_acc_std": 0.046259244432580754,
      "test_bal_acc_mean": 0.7481481481481481,
      "test_bal_acc_std": 0.04625924443258067,
      "test_f1_mean": 0.744417159359688,
      "test_f1_std": 0.0462616225015391,
      "test_kappa_mean": 0.6222222222222222,
      "test_kappa_std": 0.06938886664887108
    },
    {
      "participant": "3215",
      "n_seeds": 3,
      "test_acc_mean": 0.6518518518518519,
      "test_acc_std": 0.03394500514782103,
      "test_bal_acc_mean": 0.6518518518518518,
      "test_bal_acc_std": 0.03394500514782098,
      "test_f1_mean": 0.6604030732100908,
      "test_f1_std": 0.03547111744368466,
      "test_kappa_mean": 0.4777777777777778,
      "test_kappa_std": 0.05091750772173154
    },
    {
      "participant": "3216",
      "n_seeds": 3,
      "test_acc_mean": 0.6976744186046512,
      "test_acc_std": 0.023255813953488358,
      "test_bal_acc_mean": 0.6905982905982907,
      "test_bal_acc_std": 0.024114078597719493,
      "test_f1_mean": 0.7011446000408985,
      "test_f1_std": 0.024205293182597364,
      "test_kappa_mean": 0.541030723005932,
      "test_kappa_std": 0.03571650164330057
    },
    {
      "participant": "3217",
      "n_seeds": 3,
      "test_acc_mean": 0.7851851851851852,
      "test_acc_std": 0.025660011963983403,
      "test_bal_acc_mean": 0.7851851851851851,
      "test_bal_acc_std": 0.02566001196398334,
      "test_f1_mean": 0.7845551298424861,
      "test_f1_std": 0.02733972684813276,
      "test_kappa_mean": 0.6777777777777777,
      "test_kappa_std": 0.03849001794597504
    },
    {
      "participant": "3218",
      "n_seeds": 3,
      "test_acc_mean": 0.8962962962962963,
      "test_acc_std": 0.02566001196398334,
      "test_bal_acc_mean": 0.8962962962962963,
      "test_bal_acc_std": 0.025660011963983403,
      "test_f1_mean": 0.894375285267126,
      "test_f1_std": 0.026086406908638036,
      "test_kappa_mean": 0.8444444444444444,
      "test_kappa_std": 0.03849001794597504
    },
    {
      "participant": "3219",
      "n_seeds": 3,
      "test_acc_mean": 0.763157894736842,
      "test_acc_std": 0.026315789473684237,
      "test_bal_acc_mean": 0.7793650793650793,
      "test_bal_acc_std": 0.024436197330699422,
      "test_f1_mean": 0.7627494688500196,
      "test_f1_std": 0.02384322055148891,
      "test_kappa_mean": 0.6411413001900794,
      "test_kappa_std": 0.04143744042699089
    },
    {
      "participant": "3220",
      "n_seeds": 3,
      "test_acc_mean": 0.7925925925925926,
      "test_acc_std": 0.0559246995205241,
      "test_bal_acc_mean": 0.7925925925925926,
      "test_bal_acc_std": 0.05592469952052409,
      "test_f1_mean": 0.7971167381623445,
      "test_f1_std": 0.053118850321969203,
      "test_kappa_mean": 0.6888888888888888,
      "test_kappa_std": 0.08388704928078608
    },
    {
      "participant": "3221",
      "n_seeds": 3,
      "test_acc_mean": 0.8666666666666667,
      "test_acc_std": 0.0,
      "test_bal_acc_mean": 0.8666666666666667,
      "test_bal_acc_std": 0.0,
      "test_f1_mean": 0.8611111111111112,
      "test_f1_std": 0.0,
      "test_kappa_mean": 0.8000000000000002,
      "test_kappa_std": 1.3597399555105182e-16
    },
    {
      "participant": "3223",
      "n_seeds": 3,
      "test_acc_mean": 0.5037037037037037,
      "test_acc_std": 0.025660011963983372,
      "test_bal_acc_mean": 0.5037037037037037,
      "test_bal_acc_std": 0.02566001196398334,
      "test_f1_mean": 0.4101786084298948,
      "test_f1_std": 0.040658733455855536,
      "test_kappa_mean": 0.25555555555555554,
      "test_kappa_std": 0.03849001794597511
    },
    {
      "participant": "3224",
      "n_seeds": 3,
      "test_acc_mean": 0.5555555555555555,
      "test_acc_std": 0.05091750772173154,
      "test_bal_acc_mean": 0.6124338624338624,
      "test_bal_acc_std": 0.03687132239356182,
      "test_f1_mean": 0.5337178979335842,
      "test_f1_std": 0.06891972878957513,
      "test_kappa_mean": 0.31015665125834624,
      "test_kappa_std": 0.06920579367155631
    },
    {
      "participant": "3225",
      "n_seeds": 3,
      "test_acc_mean": 0.6592592592592593,
      "test_acc_std": 0.02566001196398334,
      "test_bal_acc_mean": 0.6592592592592593,
      "test_bal_acc_std": 0.02566001196398328,
      "test_f1_mean": 0.6168601062036697,
      "test_f1_std": 0.028423971389601083,
      "test_kappa_mean": 0.48888888888888893,
      "test_kappa_std": 0.03849001794597501
    },
    {
      "participant": "3226",
      "n_seeds": 3,
      "test_acc_mean": 0.30370370370370364,
      "test_acc_std": 0.033945005147821034,
      "test_bal_acc_mean": 0.30370370370370364,
      "test_bal_acc_std": 0.033945005147821034,
      "test_f1_mean": 0.23580674129824575,
      "test_f1_std": 0.021765419653736677,
      "test_kappa_mean": -0.04444444444444443,
      "test_kappa_std": 0.05091750772173147
    },
    {
      "participant": "3227",
      "n_seeds": 3,
      "test_acc_mean": 0.7555555555555555,
      "test_acc_std": 0.022222222222222254,
      "test_bal_acc_mean": 0.7555555555555555,
      "test_bal_acc_std": 0.022222222222222202,
      "test_f1_mean": 0.7511406721933037,
      "test_f1_std": 0.024287497133150603,
      "test_kappa_mean": 0.6333333333333333,
      "test_kappa_std": 0.03333333333333338
    },
    {
      "participant": "3228",
      "n_seeds": 3,
      "test_acc_mean": 0.7222222222222222,
      "test_acc_std": 0.02777777777777779,
      "test_bal_acc_mean": 0.7444444444444445,
      "test_bal_acc_std": 0.022222222222222202,
      "test_f1_mean": 0.7226670818161364,
      "test_f1_std": 0.028326456074272446,
      "test_kappa_mean": 0.5604395604395604,
      "test_kappa_std": 0.04395604395604402
    },
    {
      "participant": "3229",