{
  "name": "perf_eye",
  "config": {
    "n_seeds": 3,
    "feature_selection": "none",
    "use_pca": false,
    "pca_variance": 0.95,
    "write_cm": true,
    "tune_hyperparameters": false,
    "tune_n_iter": 30,
    "tune_cv_folds": 5,
    "use_pose_derivatives": false,
    "use_time_features": false,
    "class_config": "all",
    "include_order": false,
    "name": "perf_eye",
    "feature_groups": [
      "performance",
      "eye_tracking"
    ],
    "split_strategy": "lopo"
  },
  "metrics": {
    "test_acc_mean": 0.7043002517398697,
    "test_acc_std": 0.12782075748821115,
    "test_bal_acc_mean": 0.7029299296741157,
    "test_bal_acc_std": 0.12510906052929185,
    "test_f1_mean": 0.6862934713317184,
    "test_f1_std": 0.14937708941575506,
    "test_kappa_mean": 0.5519667386579369,
    "test_kappa_std": 0.19205842131815606
  },
  "participant_results": [
    {
      "participant": "3105",
      "n_seeds": 3,
      "test_acc_mean": 0.8222222222222223,
      "test_acc_std": 0.022222222222222202,
      "test_bal_acc_mean": 0.8222222222222223,
      "test_bal_acc_std": 0.022222222222222254,
      "test_f1_mean": 0.8189009616428972,
      "test_f1_std": 0.02289661644864855,
      "test_kappa_mean": 0.7333333333333334,
      "test_kappa_std": 0.03333333333333338
    },
    {
      "participant": "3206",
      "n_seeds": 3,
      "test_acc_mean": 0.5203252032520326,
      "test_acc_std": 0.03725671296712068,
      "test_bal_acc_mean": 0.5333333333333333,
      "test_bal_acc_std": 0.0462886433833923,
      "test_f1_mean": 0.4113570395730113,
      "test_f1_std": 0.028744035483792885,
      "test_kappa_mean": 0.2963044800483282,
      "test_kappa_std": 0.05617539549058981
    },
    {
      "participant": "3207",
      "n_seeds": 3,
      "test_acc_mean": 0.7751937984496124,
      "test_acc_std": 0.013426750446270326,
      "test_bal_acc_mean": 0.7730158730158729,
      "test_bal_acc_std": 0.013746434980705392,
      "test_f1_mean": 0.7583796710027029,
      "test_f1_std": 0.017906603941223405,
      "test_kappa_mean": 0.6626931462697886,
      "test_kappa_std": 0.020298111772272445
    },
    {
      "participant": "3208",
      "n_seeds": 3,
      "test_acc_mean": 0.5851851851851851,
      "test_acc_std": 0.03394500514782104,
      "test_bal_acc_mean": 0.5851851851851851,
      "test_bal_acc_std": 0.033945005147821075,
      "test_f1_mean": 0.5308813659360855,
      "test_f1_std": 0.05133344672478538,
      "test_kappa_mean": 0.37777777777777777,
      "test_kappa_std": 0.05091750772173159
    },
    {
      "participant": "3209",
      "n_seeds": 3,
      "test_acc_mean": 0.6439393939393939,
      "test_acc_std": 0.013121597027036937,
      "test_bal_acc_mean": 0.6518518518518518,
      "test_bal_acc_std": 0.012830005981991702,
      "test_f1_mean": 0.6265814289070103,
      "test_f1_std": 0.017844209467554075,
      "test_kappa_mean": 0.4716459425365709,
      "test_kappa_std": 0.019242294776672313
    },
    {
      "participant": "3210",
      "n_seeds": 3,
      "test_acc_mean": 0.7222222222222222,
      "test_acc_std": 0.01924500897298752,
      "test_bal_acc_mean": 0.7222222222222223,
      "test_bal_acc_std": 0.019245008972987587,
      "test_f1_mean": 0.6987223303012776,
      "test_f1_std": 0.024588764816425576,
      "test_kappa_mean": 0.4444444444444445,
      "test_kappa_std": 0.03849001794597504
    },
    {
      "participant": "3214",
      "n_seeds": 3,
      "test_acc_mean": 0.7777777777777778,
      "test_acc_std": 0.0,
      "test_bal_acc_mean": 0.7777777777777778,
      "test_bal_acc_std": 0.0,
      "test_f1_mean": 0.7727214187660435,
      "test_f1_std": 0.00022053104247123757,
      "test_kappa_mean": 0.6666666666666666,
      "test_kappa_std": 1.3597399555105182e-16
    },
    {
      "participant": "3215",
      "n_seeds": 3,
      "test_acc_mean": 0.6370370370370371,
      "test_acc_std": 0.012830005981991702,
      "test_bal_acc_mean": 0.6370370370370371,
      "test_bal_acc_std": 0.012830005981991702,
      "test_f1_mean": 0.6318112805069327,
      "test_f1_std": 0.013752955028917524,
      "test_kappa_mean": 0.45555555555555555,
      "test_kappa_std": 0.01924500897298752
    },
    {
      "participant": "3216",
      "n_seeds": 3,
      "test_acc_mean": 0.7596899224806202,
      "test_acc_std": 0.013426750446270392,
      "test_bal_acc_mean": 0.750997150997151,
      "test_bal_acc_std": 0.013922269769653075,
      "test_f1_mean": 0.7618670010346876,
      "test_f1_std": 0.01361428276895501,
      "test_kappa_mean": 0.6353872244205766,
      "test_kappa_std": 0.0205517531803354
    },
    {
      "participant": "3217",
      "n_seeds": 3,
      "test_acc_mean": 0.7259259259259259,
      "test_acc_std": 0.01283000598199164,
      "test_bal_acc_mean": 0.7259259259259259,
      "test_bal_acc_std": 0.01283000598199164,
      "test_f1_mean": 0.7257686476399926,
      "test_f1_std": 0.013852105300388677,
      "test_kappa_mean": 0.5888888888888889,
      "test_kappa_std": 0.01924500897298752
    },
    {
      "participant": "3218",
      "n_seeds": 3,
      "test_acc_mean": 0.7481481481481481,
      "test_acc_std": 0.025660011963983403,
      "test_bal_acc_mean": 0.7481481481481481,
      "test_bal_acc_std": 0.02566001196398337,
      "test_f1_mean": 0.7383778772667662,
      "test_f1_std": 0.02777705995473397,
      "test_kappa_mean": 0.6222222222222222,
      "test_kappa_std": 0.038490017945975105
    },
    {
      "participant": "3219",
      "n_seeds": 3,
      "test_acc_mean": 0.7131782945736433,
      "test_acc_std": 0.013426750446270326,
      "test_bal_acc_mean": 0.7063492063492064,
      "test_bal_acc_std": 0.013746434980705454,
      "test_f1_mean": 0.7074719362618924,
      "test_f1_std": 0.013008607220858486,
      "test_kappa_mean": 0.5691849444895748,
      "test_kappa_std": 0.020167393643504363
    },
    {
      "participant": "3220",
      "n_seeds": 3,
      "test_acc_mean": 0.8740740740740741,
      "test_acc_std": 0.01283000598199164,
      "test_bal_acc_mean": 0.8740740740740741,
      "test_bal_acc_std": 0.012830005981991702,
      "test_f1_mean": 0.8744613356404235,
      "test_f1_std": 0.013714833980749743,
      "test_kappa_mean": 0.8111111111111112,
      "test_kappa_std": 0.01924500897298752
    },
    {
      "participant": "3221",
      "n_seeds": 3,
      "test_acc_mean": 0.8592592592592593,
      "test_acc_std": 0.012830005981991702,
      "test_bal_acc_mean": 0.8592592592592593,
      "test_bal_acc_std": 0.012830005981991702,
      "test_f1_mean": 0.8582254668461565,
      "test_f1_std": 0.013956965966896388,
      "test_kappa_mean": 0.7888888888888889,
      "test_kappa_std": 0.019245008972987587
    },
    {
      "participant": "3222",
      "n_seeds": 3,
      "test_acc_mean": 0.7555555555555555,
      "test_acc_std": 0.0,
      "test_bal_acc_mean": 0.7555555555555555,
      "test_bal_acc_std": 0.0,
      "test_f1_mean": 0.7567035551293423,
      "test_f1_std": 0.002938206017615097,
      "test_kappa_mean": 0.6333333333333333,
      "test_kappa_std": 0.0
    },
    {
      "participant": "3223",
      "n_seeds": 3,
      "test_acc_mean": 0.7259259259259259,
      "test_acc_std": 0.01283000598199164,
      "test_bal_acc_mean": 0.725925925925926,
      "test_bal_acc_std": 0.01283000598199167,
      "test_f1_mean": 0.7221709090956175,
      "test_f1_std": 0.012579517795246756,
      "test_kappa_mean": 0.5888888888888889,
      "test_kappa_std": 0.01924500897298752
    },
    {
      "participant": "3224",
      "n_seeds": 3,
      "test_acc_mean": 0.6111111111111112,
      "test_acc_std": 0.01924500897298752,
      "test_bal_acc_mean": 0.6626984126984127,
      "test_bal_acc_std": 0.013746434980705326,
      "test_f1_mean": 0.5624317875298267,
      "test_f1_std": 0.029052596178829354,
      "test_kappa_mean": 0.3720507464995744,
      "test_kappa_std": 0.029812122277719136
    },
    {
      "participant": "3225",
      "n_seeds": 3,
      "test_acc_mean": 0.7481481481481481,