{
  "name": "perf_eye_ecg",
  "config": {
    "n_seeds": 3,
    "feature_selection": "none",
    "use_pca": false,
    "pca_variance": 0.95,
    "write_cm": true,
    "tune_hyperparameters": false,
    "tune_n_iter": 30,
    "tune_cv_folds": 5,
    "use_pose_derivatives": false,
    "use_time_features": false,
    "class_config": "all",
    "include_order": false,
    "name": "perf_eye_ecg",
    "feature_groups": [
      "performance",
      "eye_tracking",
      "ecg"
    ],
    "split_strategy": "lopo"
  },
  "metrics": {
    "test_acc_mean": 0.6727029931742293,
    "test_acc_std": 0.15812574301385754,
    "test_bal_acc_mean": 0.6702616584195532,
    "test_bal_acc_std": 0.1576898480212877,
    "test_f1_mean": 0.6531501949915365,
    "test_f1_std": 0.17665658999608874,
    "test_kappa_mean": 0.5104993536967024,
    "test_kappa_std": 0.21467569097472158
  },
  "participant_results": [
    {
      "participant": "3208",
      "n_seeds": 3,
      "test_acc_mean": 0.5481481481481482,
      "test_acc_std": 0.012830005981991702,
      "test_bal_acc_mean": 0.5481481481481482,
      "test_bal_acc_std": 0.012830005981991638,
      "test_f1_mean": 0.44992909096204053,
      "test_f1_std": 0.014397298128320463,
      "test_kappa_mean": 0.32222222222222224,
      "test_kappa_std": 0.01924500897298752
    },
    {
      "participant": "3209",
      "n_seeds": 3,
      "test_acc_mean": 0.6439393939393939,
      "test_acc_std": 0.05719571541871781,
      "test_bal_acc_mean": 0.6518518518518519,
      "test_bal_acc_std": 0.05592469952052409,
      "test_f1_mean": 0.6126216953634334,
      "test_f1_std": 0.07127344466498962,
      "test_kappa_mean": 0.47174813879449556,
      "test_kappa_std": 0.08388570842215247
    },
    {
      "participant": "3210",
      "n_seeds": 3,
      "test_acc_mean": 0.7111111111111109,
      "test_acc_std": 0.019245008972987525,
      "test_bal_acc_mean": 0.7111111111111111,
      "test_bal_acc_std": 0.019245008972987587,
      "test_f1_mean": 0.684526000315474,
      "test_f1_std": 0.024588764816425576,
      "test_kappa_mean": 0.4222222222222222,
      "test_kappa_std": 0.03849001794597504
    },
    {
      "participant": "3214",
      "n_seeds": 3,
      "test_acc_mean": 0.7481481481481481,
      "test_acc_std": 0.012830005981991702,
      "test_bal_acc_mean": 0.7481481481481481,
      "test_bal_acc_std": 0.01283000598199164,
      "test_f1_mean": 0.7479778629203917,
      "test_f1_std": 0.013124948648244383,
      "test_kappa_mean": 0.6222222222222222,
      "test_kappa_std": 0.01924500897298752
    },
    {
      "participant": "3215",
      "n_seeds": 3,
      "test_acc_mean": 0.6444444444444445,
      "test_acc_std": 0.0,
      "test_bal_acc_mean": 0.6444444444444444,
      "test_bal_acc_std": 0.0,
      "test_f1_mean": 0.6507936507936508,
      "test_f1_std": 0.0,
      "test_kappa_mean": 0.4666666666666666,
      "test_kappa_std": 6.798699777552591e-17
    },
    {
      "participant": "3216",
      "n_seeds": 3,
      "test_acc_mean": 0.6511627906976744,
      "test_acc_std": 0.04028025133881111,
      "test_bal_acc_mean": 0.6404558404558404,
      "test_bal_acc_std": 0.03754203170377003,
      "test_f1_mean": 0.6489475357314268,
      "test_f1_std": 0.03603092883339999,
      "test_kappa_mean": 0.4693189021712569,
      "test_kappa_std": 0.060819261410669144
    },
    {
      "participant": "3217",
      "n_seeds": 3,
      "test_acc_mean": 0.7555555555555555,
      "test_acc_std": 0.0,
      "test_bal_acc_mean": 0.7555555555555555,
      "test_bal_acc_std": 0.0,
      "test_f1_mean": 0.7492099726971765,
      "test_f1_std": 0.0053547230299591676,
      "test_kappa_mean": 0.6333333333333333,
      "test_kappa_std": 0.0
    },
    {
      "participant": "3218",
      "n_seeds": 3,
      "test_acc_mean": 0.8888888888888888,
      "test_acc_std": 0.022222222222222202,
      "test_bal_acc_mean": 0.8888888888888888,
      "test_bal_acc_std": 0.022222222222222254,
      "test_f1_mean": 0.8857245656476102,
      "test_f1_std": 0.02384179545289508,
      "test_kappa_mean": 0.8333333333333334,
      "test_kappa_std": 0.033333333333333326
    },
    {
      "participant": "3219",
      "n_seeds": 3,
      "test_acc_mean": 0.8062015503875969,
      "test_acc_std": 0.04841083719688679,
      "test_bal_acc_mean": 0.8031746031746031,
      "test_bal_acc_std": 0.049563476177765076,
      "test_f1_mean": 0.8091280802320631,
      "test_f1_std": 0.04768129337400936,
      "test_kappa_mean": 0.709380913760476,
      "test_kappa_std": 0.07259662447448799
    },
    {
      "participant": "3220",
      "n_seeds": 3,
      "test_acc_mean": 0.8592592592592593,
      "test_acc_std": 0.012830005981991702,
      "test_bal_acc_mean": 0.8592592592592593,
      "test_bal_acc_std": 0.012830005981991702,
      "test_f1_mean": 0.8618236245011094,
      "test_f1_std": 0.013384597905010731,
      "test_kappa_mean": 0.7888888888888889,
      "test_kappa_std": 0.019245008972987587
    },
    {
      "participant": "3221",
      "n_seeds": 3,
      "test_acc_mean": 0.8666666666666667,
      "test_acc_std": 0.022222222222222202,
      "test_bal_acc_mean": 0.8666666666666667,
      "test_bal_acc_std": 0.022222222222222202,
      "test_f1_mean": 0.8607710194666717,
      "test_f1_std": 0.025115039117266383,
      "test_kappa_mean": 0.8000000000000002,
      "test_kappa_std": 0.03333333333333338
    },
    {
      "participant": "3223",
      "n_seeds": 3,
      "test_acc_mean": 0.5111111111111111,
      "test_acc_std": 0.022222222222222227,
      "test_bal_acc_mean": 0.5111111111111111,
      "test_bal_acc_std": 0.022222222222222202,
      "test_f1_mean": 0.409193101299176,
      "test_f1_std": 0.023055600063754008,
      "test_kappa_mean": 0.26666666666666666,
      "test_kappa_std": 0.03333333333333338
    },
    {
      "participant": "3224",
      "n_seeds": 3,
      "test_acc_mean": 0.5888888888888889,
      "test_acc_std": 0.01924500897298752,
      "test_bal_acc_mean": 0.6415343915343915,
      "test_bal_acc_std": 0.016037507477489547,
      "test_f1_mean": 0.5570608041196277,
      "test_f1_std": 0.01588313574775984,
      "test_kappa_mean": 0.3471953578336558,
      "test_kappa_std": 0.025126462392198366
    },
    {
      "participant": "3225",
      "n_seeds": 3,
      "test_acc_mean": 0.8148148148148149,
      "test_acc_std": 0.02566001196398334,
      "test_bal_acc_mean": 0.8148148148148149,
      "test_bal_acc_std": 0.02566001196398334,
      "test_f1_mean": 0.8120803431897885,
      "test_f1_std": 0.026016761949489063,
      "test_kappa_mean": 0.7222222222222222,
      "test_kappa_std": 0.03849001794597504
    },
    {
      "participant": "3226",
      "n_seeds": 3,
      "test_acc_mean": 0.3185185185185185,
      "test_acc_std": 0.025660011963983372,
      "test_bal_acc_mean": 0.3185185185185185,
      "test_bal_acc_std": 0.02566001196398334,
      "test_f1_mean": 0.24582138973046153,
      "test_f1_std": 0.02135316999398221,
      "test_kappa_mean": -0.022222222222222216,
      "test_kappa_std": 0.03849001794597505
    },
    {
      "participant": "3227",
      "n_seeds": 3,
      "test_acc_mean": 0.7703703703703703,
      "test_acc_std": 0.05592469952052405,
      "test_bal_acc_mean": 0.7703703703703705,
      "test_bal_acc_std": 0.05592469952052409,
      "test_f1_mean": 0.7645388356304443,
      "test_f1_std": 0.05712449976778427,
      "test_kappa_mean": 0.6555555555555556,
      "test_kappa_std": 0.08388704928078615
    },
    {
      "participant": "3228",
      "n_seeds": 3,
      "test_acc_mean": 0.7333333333333333,
      "test_acc_std": 0.0,
      "test_bal_acc_mean": 0.7333333333333334,
      "test_bal_acc_std": 7.850462293418876e-17,
      "test_f1_mean": 0.7371907766938194,
      "test_f1_std": 0.0021223581651242914,
      "test_kappa_mean": 0.6,
      "test_kappa_std": 0.0
    },
    {
      "participant": "3229",
      "n_seeds": 3,
      "test_acc_mean": 0.8740740740740741,
      "test_acc_std": 0.03394500514782103,