{
  "name": "pose_eye_gsr",
  "config": {
    "n_seeds": 3,
    "feature_selection": "none",
    "use_pca": false,
    "pca_variance": 0.95,
    "write_cm": true,
    "tune_hyperparameters": false,
    "tune_n_iter": 30,
    "tune_cv_folds": 5,
    "use_pose_derivatives": false,
    "use_time_features": false,
    "class_config": "all",
    "include_order": false,
    "name": "pose_eye_gsr",
    "feature_groups": [
      "pose",
      "eye_tracking",
      "gsr"
    ],
    "split_strategy": "lopo"
  },
  "metrics": {
    "test_acc_mean": 0.41813453304193143,
    "test_acc_std": 0.1212745018115179,
    "test_bal_acc_mean": 0.41309065934065936,
    "test_bal_acc_std": 0.12486892179485592,
    "test_f1_mean": 0.3446201058006569,
    "test_f1_std": 0.13367250433158626,
    "test_kappa_mean": 0.1119766033510409,
    "test_kappa_std": 0.18651863484857975
  },
  "participant_results": [
    {
      "participant": "3208",
      "n_seeds": 3,
      "test_acc_mean": 0.3185185185185185,
      "test_acc_std": 0.025660011963983372,
      "test_bal_acc_mean": 0.3185185185185185,
      "test_bal_acc_std": 0.02566001196398334,
      "test_f1_mean": 0.18017703237829022,
      "test_f1_std": 0.01183002959582854,
      "test_kappa_mean": -0.022222222222222216,
      "test_kappa_std": 0.03849001794597485
    },
    {
      "participant": "3209",
      "n_seeds": 3,
      "test_acc_mean": 0.40151515151515155,
      "test_acc_std": 0.0694329650750885,
      "test_bal_acc_mean": 0.4105820105820106,
      "test_bal_acc_std": 0.06409108954028957,
      "test_f1_mean": 0.3369893361496987,
      "test_f1_std": 0.13345999003611198,
      "test_kappa_mean": 0.11116262090725178,
      "test_kappa_std": 0.09794743030319598
    },
    {
      "participant": "3210",
      "n_seeds": 3,
      "test_acc_mean": 0.4777777777777778,
      "test_acc_std": 0.01924500897298752,
      "test_bal_acc_mean": 0.4777777777777778,
      "test_bal_acc_std": 0.01924500897298752,
      "test_f1_mean": 0.32323232323232326,
      "test_f1_std": 0.008747731351357958,
      "test_kappa_mean": -0.03297491039426522,
      "test_kappa_std": 0.03333911384726447
    },
    {
      "participant": "3214",
      "n_seeds": 3,
      "test_acc_mean": 0.7925925925925926,
      "test_acc_std": 0.04625924443258073,
      "test_bal_acc_mean": 0.7925925925925926,
      "test_bal_acc_std": 0.04625924443258075,
      "test_f1_mean": 0.7841378048353546,
      "test_f1_std": 0.045706710860058244,
      "test_kappa_mean": 0.6888888888888888,
      "test_kappa_std": 0.06938886664887106
    },
    {
      "participant": "3215",
      "n_seeds": 3,
      "test_acc_mean": 0.4518518518518519,
      "test_acc_std": 0.09251848886516147,
      "test_bal_acc_mean": 0.4518518518518518,
      "test_bal_acc_std": 0.09251848886516141,
      "test_f1_mean": 0.38567356085265736,
      "test_f1_std": 0.1231526548670315,
      "test_kappa_mean": 0.17777777777777778,
      "test_kappa_std": 0.13877773329774212
    },
    {
      "participant": "3216",
      "n_seeds": 3,
      "test_acc_mean": 0.3178294573643411,
      "test_acc_std": 0.04841083719688681,
      "test_bal_acc_mean": 0.31054131054131057,
      "test_bal_acc_std": 0.05202687969761128,
      "test_f1_mean": 0.29824297366212205,
      "test_f1_std": 0.06466572746452826,
      "test_kappa_mean": -0.040375356351392444,
      "test_kappa_std": 0.0783154959673116
    },
    {
      "participant": "3217",
      "n_seeds": 3,
      "test_acc_mean": 0.48148148148148145,
      "test_acc_std": 0.08981004187394179,
      "test_bal_acc_mean": 0.48148148148148145,
      "test_bal_acc_std": 0.08981004187394179,
      "test_f1_mean": 0.45064405034731986,
      "test_f1_std": 0.10890657167850423,
      "test_kappa_mean": 0.22222222222222224,
      "test_kappa_std": 0.13471506281091272
    },
    {
      "participant": "3218",
      "n_seeds": 3,
      "test_acc_mean": 0.6444444444444445,
      "test_acc_std": 0.03849001794597504,
      "test_bal_acc_mean": 0.6444444444444444,
      "test_bal_acc_std": 0.03849001794597497,
      "test_f1_mean": 0.5476006191950465,
      "test_f1_std": 0.033100352049441804,
      "test_kappa_mean": 0.4666666666666666,
      "test_kappa_std": 0.05773502691896256
    },
    {
      "participant": "3219",
      "n_seeds": 3,
      "test_acc_mean": 0.5526315789473685,
      "test_acc_std": 0.0,
      "test_bal_acc_mean": 0.5476190476190476,
      "test_bal_acc_std": 0.0,
      "test_f1_mean": 0.4828651012523724,
      "test_f1_std": 0.0005638359373822776,
      "test_kappa_mean": 0.32424402250351625,
      "test_kappa_std": 0.004917830615723842
    },
    {
      "participant": "3220",
      "n_seeds": 3,
      "test_acc_mean": 0.35555555555555557,
      "test_acc_std": 0.03849001794597504,
      "test_bal_acc_mean": 0.35555555555555557,
      "test_bal_acc_std": 0.03849001794597504,
      "test_f1_mean": 0.2694100627488481,
      "test_f1_std": 0.03932022656118713,
      "test_kappa_mean": 0.033333333333333326,
      "test_kappa_std": 0.05773502691896247
    },
    {
      "participant": "3221",
      "n_seeds": 3,
      "test_acc_mean": 0.14814814814814814,
      "test_acc_std": 0.03394500514782105,
      "test_bal_acc_mean": 0.14814814814814814,
      "test_bal_acc_std": 0.03394500514782105,
      "test_f1_mean": 0.1585414605468806,
      "test_f1_std": 0.03039242459655767,
      "test_kappa_mean": -0.27777777777777773,
      "test_kappa_std": 0.050917507721731495
    },
    {
      "participant": "3222",
      "n_seeds": 3,
      "test_acc_mean": 0.4796747967479675,
      "test_acc_std": 0.03725671296712065,
      "test_bal_acc_mean": 0.43973063973063975,
      "test_bal_acc_std": 0.03512673765857226,
      "test_f1_mean": 0.421199460583403,
      "test_f1_std": 0.02194383422964527,
      "test_kappa_mean": 0.18672515735266074,
      "test_kappa_std": 0.0556563833523521
    },
    {
      "participant": "3223",
      "n_seeds": 3,
      "test_acc_mean": 0.19999999999999998,
      "test_acc_std": 0.022222222222222213,
      "test_bal_acc_mean": 0.19999999999999998,
      "test_bal_acc_std": 0.022222222222222213,
      "test_f1_mean": 0.11522633744855966,
      "test_f1_std": 0.009670774318779071,
      "test_kappa_mean": -0.20000000000000004,
      "test_kappa_std": 0.033333333333333215
    },
    {
      "participant": "3224",
      "n_seeds": 3,
      "test_acc_mean": 0.4666666666666666,
      "test_acc_std": 6.798699777552591e-17,
      "test_bal_acc_mean": 0.3333333333333333,
      "test_bal_acc_std": 0.0,
      "test_f1_mean": 0.2992717876438806,
      "test_f1_std": 0.00398733801131667,
      "test_kappa_mean": 0.0013831258644536604,
      "test_kappa_std": 0.0023956442704963637
    },
    {
      "participant": "3225",
      "n_seeds": 3,
      "test_acc_mean": 0.30370370370370375,
      "test_acc_std": 0.04625924443258074,
      "test_bal_acc_mean": 0.30370370370370375,
      "test_bal_acc_std": 0.04625924443258074,
      "test_f1_mean": 0.23743400185429167,
      "test_f1_std": 0.023626332074061847,
      "test_kappa_mean": -0.044444444444444474,
      "test_kappa_std": 0.06938886664887113
    },
    {
      "participant": "3226",
      "n_seeds": 3,
      "test_acc_mean": 0.45925925925925926,
      "test_acc_std": 0.012830005981991702,
      "test_bal_acc_mean": 0.45925925925925926,
      "test_bal_acc_std": 0.01283000598199164,
      "test_f1_mean": 0.38678790660887846,
      "test_f1_std": 0.01935144884580099,
      "test_kappa_mean": 0.18888888888888886,
      "test_kappa_std": 0.01924500897298752
    },
    {
      "participant": "3227",
      "n_seeds": 3,
      "test_acc_mean": 0.3037037037037037,
      "test_acc_std": 0.012830005981991702,
      "test_bal_acc_mean": 0.30370370370370375,
      "test_bal_acc_std": 0.01283000598199167,
      "test_f1_mean": 0.19093180482069372,
      "test_f1_std": 0.009787995660852523,
      "test_kappa_mean": -0.04444444444444451,