{
  "name": "pose_perf_eye_gsr",
  "config": {
    "n_seeds": 3,
    "feature_selection": "none",
    "use_pca": false,
    "pca_variance": 0.95,
    "write_cm": true,
    "tune_hyperparameters": false,
    "tune_n_iter": 30,
    "tune_cv_folds": 5,
    "use_pose_derivatives": false,
    "use_time_features": false,
    "class_config": "all",
    "include_order": false,
    "name": "pose_perf_eye_gsr",
    "feature_groups": [
      "pose",
      "performance",
      "eye_tracking",
      "gsr"
    ],
    "split_strategy": "lopo"
  },
  "metrics": {
    "test_acc_mean": 0.662917195159187,
    "test_acc_std": 0.11328737126767464,
    "test_bal_acc_mean": 0.6605988918488919,
    "test_bal_acc_std": 0.1131637084428252,
    "test_f1_mean": 0.6275015800855761,
    "test_f1_std": 0.14173446748865112,
    "test_kappa_mean": 0.48515436438929777,
    "test_kappa_std": 0.18022752500695075
  },
  "participant_results": [
    {
      "participant": "3208",
      "n_seeds": 3,
      "test_acc_mean": 0.5111111111111111,
      "test_acc_std": 0.03849001794597504,
      "test_bal_acc_mean": 0.5111111111111111,
      "test_bal_acc_std": 0.03849001794597508,
      "test_f1_mean": 0.4490681909062892,
      "test_f1_std": 0.045501712721772294,
      "test_kappa_mean": 0.2666666666666667,
      "test_kappa_std": 0.05773502691896256
    },
    {
      "participant": "3209",
      "n_seeds": 3,
      "test_acc_mean": 0.5378787878787878,
      "test_acc_std": 0.013121597027036937,
      "test_bal_acc_mean": 0.5481481481481482,
      "test_bal_acc_std": 0.01283000598199167,
      "test_f1_mean": 0.4928598744164892,
      "test_f1_std": 0.02636831205955813,
      "test_kappa_mean": 0.31584856346961654,
      "test_kappa_std": 0.01835468538017942
    },
    {
      "participant": "3210",
      "n_seeds": 3,
      "test_acc_mean": 0.5111111111111111,
      "test_acc_std": 0.01924500897298752,
      "test_bal_acc_mean": 0.5111111111111111,
      "test_bal_acc_std": 0.01924500897298752,
      "test_f1_mean": 0.3697963857847579,
      "test_f1_std": 0.043349934203579195,
      "test_kappa_mean": 0.073252688172043,
      "test_kappa_std": 0.0472967427685831
    },
    {
      "participant": "3214",
      "n_seeds": 3,
      "test_acc_mean": 0.7777777777777777,
      "test_acc_std": 0.05879447357921311,
      "test_bal_acc_mean": 0.7777777777777778,
      "test_bal_acc_std": 0.05879447357921313,
      "test_f1_mean": 0.7715215902769623,
      "test_f1_std": 0.0632905243303616,
      "test_kappa_mean": 0.6666666666666666,
      "test_kappa_std": 0.0881917103688197
    },
    {
      "participant": "3215",
      "n_seeds": 3,
      "test_acc_mean": 0.6962962962962963,
      "test_acc_std": 0.06789001029564207,
      "test_bal_acc_mean": 0.6962962962962963,
      "test_bal_acc_std": 0.06789001029564207,
      "test_f1_mean": 0.6918332752815513,
      "test_f1_std": 0.06622187404635768,
      "test_kappa_mean": 0.5444444444444444,
      "test_kappa_std": 0.10183501544346309
    },
    {
      "participant": "3216",
      "n_seeds": 3,
      "test_acc_mean": 0.6744186046511628,
      "test_acc_std": 0.06152910025731605,
      "test_bal_acc_mean": 0.6683760683760683,
      "test_bal_acc_std": 0.05953529834963414,
      "test_f1_mean": 0.6713744159917864,
      "test_f1_std": 0.05610649541883888,
      "test_kappa_mean": 0.5057268194038893,
      "test_kappa_std": 0.09359622806020837
    },
    {
      "participant": "3217",
      "n_seeds": 3,
      "test_acc_mean": 0.7555555555555555,
      "test_acc_std": 0.022222222222222254,
      "test_bal_acc_mean": 0.7555555555555555,
      "test_bal_acc_std": 0.022222222222222202,
      "test_f1_mean": 0.7511571495311333,
      "test_f1_std": 0.026861359412581123,
      "test_kappa_mean": 0.6333333333333334,
      "test_kappa_std": 0.03333333333333338
    },
    {
      "participant": "3218",
      "n_seeds": 3,
      "test_acc_mean": 0.8666666666666667,
      "test_acc_std": 0.0,
      "test_bal_acc_mean": 0.8666666666666667,
      "test_bal_acc_std": 0.0,
      "test_f1_mean": 0.8601723843659328,
      "test_f1_std": 0.0016259224170727536,
      "test_kappa_mean": 0.8000000000000002,
      "test_kappa_std": 1.3597399555105182e-16
    },
    {
      "participant": "3219",
      "n_seeds": 3,
      "test_acc_mean": 0.7807017543859649,
      "test_acc_std": 0.015193428136569083,
      "test_bal_acc_mean": 0.8015873015873015,
      "test_bal_acc_std": 0.013746434980705326,
      "test_f1_mean": 0.7508784526997921,
      "test_f1_std": 0.021735263490207306,
      "test_kappa_mean": 0.6728614387115023,
      "test_kappa_std": 0.022698609023430388
    },
    {
      "participant": "3220",
      "n_seeds": 3,
      "test_acc_mean": 0.6148148148148148,
      "test_acc_std": 0.04625924443258073,
      "test_bal_acc_mean": 0.6148148148148148,
      "test_bal_acc_std": 0.04625924443258069,
      "test_f1_mean": 0.5238938731692354,
      "test_f1_std": 0.02881824600921711,
      "test_kappa_mean": 0.4222222222222222,
      "test_kappa_std": 0.06938886664887109
    },
    {
      "participant": "3221",
      "n_seeds": 3,
      "test_acc_mean": 0.688888888888889,
      "test_acc_std": 0.03849001794597504,
      "test_bal_acc_mean": 0.6888888888888888,
      "test_bal_acc_std": 0.038490017945975105,
      "test_f1_mean": 0.6994448375612633,
      "test_f1_std": 0.035283551527376986,
      "test_kappa_mean": 0.5333333333333333,
      "test_kappa_std": 0.0577350269189625
    },
    {
      "participant": "3222",
      "n_seeds": 3,
      "test_acc_mean": 0.804878048780488,
      "test_acc_std": 0.02439024390243899,
      "test_bal_acc_mean": 0.8087542087542089,
      "test_bal_acc_std": 0.024101724132219896,
      "test_f1_mean": 0.8130427267906128,
      "test_f1_std": 0.022526332801298843,
      "test_kappa_mean": 0.7094611953255944,
      "test_kappa_std": 0.03522150138214723
    },
    {
      "participant": "3223",
      "n_seeds": 3,
      "test_acc_mean": 0.5703703703703704,
      "test_acc_std": 0.04625924443258073,
      "test_bal_acc_mean": 0.5703703703703703,
      "test_bal_acc_std": 0.04625924443258069,
      "test_f1_mean": 0.5048396068962978,
      "test_f1_std": 0.07272016960581322,
      "test_kappa_mean": 0.35555555555555557,
      "test_kappa_std": 0.069388866648871
    },
    {
      "participant": "3224",
      "n_seeds": 3,
      "test_acc_mean": 0.6,
      "test_acc_std": 0.033333333333333326,
      "test_bal_acc_mean": 0.6111111111111112,
      "test_bal_acc_std": 0.027777777777777735,
      "test_f1_mean": 0.4969620214806351,
      "test_f1_std": 0.06535570251627718,
      "test_kappa_mean": 0.3055263473400829,
      "test_kappa_std": 0.06324475283406726
    },
    {
      "participant": "3225",
      "n_seeds": 3,
      "test_acc_mean": 0.5925925925925926,
      "test_acc_std": 0.07143445008142933,
      "test_bal_acc_mean": 0.5925925925925926,
      "test_bal_acc_std": 0.07143445008142933,
      "test_f1_mean": 0.5848803081567154,
      "test_f1_std": 0.07596785803573064,
      "test_kappa_mean": 0.3888888888888889,
      "test_kappa_std": 0.10715167512214392
    },
    {
      "participant": "3226",
      "n_seeds": 3,
      "test_acc_mean": 0.5407407407407406,
      "test_acc_std": 0.03394500514782103,
      "test_bal_acc_mean": 0.5407407407407407,
      "test_bal_acc_std": 0.03394500514782109,
      "test_f1_mean": 0.4529593375811864,
      "test_f1_std": 0.03032439309547133,
      "test_kappa_mean": 0.31111111111111117,
      "test_kappa_std": 0.05091750772173154
    },
    {
      "participant": "3227",
      "n_seeds": 3,
      "test_acc_mean": 0.4148148148148148,
      "test_acc_std": 0.033945005147821034,
      "test_bal_acc_mean": 0.4148148148148148,
      "test_bal_acc_std": 0.033945005147821054,
      "test_f1_mean": 0.3300094966761633,
      "test_f1_std": 0.03218028276326199,
      "test_kappa_mean": 0.12222222222222219,
      "test_kappa_std": 0.05091750772173154
    },
    {
      "participant": "3228",