{
  "name": "pose",
  "config": {
    "n_seeds": 3,
    "feature_selection": "none",
    "use_pca": false,
    "pca_variance": 0.95,
    "write_cm": true,
    "tune_hyperparameters": false,
    "tune_n_iter": 30,
    "tune_cv_folds": 5,
    "use_pose_derivatives": false,
    "use_time_features": false,
    "class_config": "all",
    "include_order": false,
    "name": "pose",
    "feature_groups": [
      "pose"
    ],
    "split_strategy": "lopo"
  },
  "metrics": {
    "test_acc_mean": 0.3579524239686842,
    "test_acc_std": 0.10690880678077994,
    "test_bal_acc_mean": 0.35817433595211373,
    "test_bal_acc_std": 0.1071427992596311,
    "test_f1_mean": 0.2968854996623969,
    "test_f1_std": 0.10265766531693576,
    "test_kappa_mean": 0.03735392143176181,
    "test_kappa_std": 0.1608170106806343
  },
  "participant_results": [
    {
      "participant": "3105",
      "n_seeds": 3,
      "test_acc_mean": 0.2518518518518518,
      "test_acc_std": 0.025660011963983372,
      "test_bal_acc_mean": 0.2518518518518518,
      "test_bal_acc_std": 0.02566001196398336,
      "test_f1_mean": 0.23259312226703532,
      "test_f1_std": 0.04252405739486233,
      "test_kappa_mean": -0.1222222222222223,
      "test_kappa_std": 0.03849001794597504
    },
    {
      "participant": "3206",
      "n_seeds": 3,
      "test_acc_mean": 0.2222222222222222,
      "test_acc_std": 0.022222222222222213,
      "test_bal_acc_mean": 0.2222222222222222,
      "test_bal_acc_std": 0.02222222222222224,
      "test_f1_mean": 0.20366282866282867,
      "test_f1_std": 0.04015314611702983,
      "test_kappa_mean": -0.16666666666666666,
      "test_kappa_std": 0.033333333333333326
    },
    {
      "participant": "3207",
      "n_seeds": 3,
      "test_acc_mean": 0.26666666666666666,
      "test_acc_std": 0.022222222222222213,
      "test_bal_acc_mean": 0.26666666666666666,
      "test_bal_acc_std": 0.022222222222222227,
      "test_f1_mean": 0.2202711294665318,
      "test_f1_std": 0.013570735174108759,
      "test_kappa_mean": -0.09999999999999994,
      "test_kappa_std": 0.03333333333333344
    },
    {
      "participant": "3208",
      "n_seeds": 3,
      "test_acc_mean": 0.4148148148148148,
      "test_acc_std": 0.02566001196398334,
      "test_bal_acc_mean": 0.4148148148148148,
      "test_bal_acc_std": 0.02566001196398334,
      "test_f1_mean": 0.3446388232203835,
      "test_f1_std": 0.022338730363112805,
      "test_kappa_mean": 0.12222222222222219,
      "test_kappa_std": 0.03849001794597504
    },
    {
      "participant": "3209",
      "n_seeds": 3,
      "test_acc_mean": 0.2518518518518518,
      "test_acc_std": 0.025660011963983372,
      "test_bal_acc_mean": 0.2518518518518518,
      "test_bal_acc_std": 0.025660011963983372,
      "test_f1_mean": 0.2128430483822641,
      "test_f1_std": 0.0073245379795402864,
      "test_kappa_mean": -0.1222222222222223,
      "test_kappa_std": 0.03849001794597504
    },
    {
      "participant": "3210",
      "n_seeds": 3,
      "test_acc_mean": 0.3703703703703704,
      "test_acc_std": 0.14286890016285858,
      "test_bal_acc_mean": 0.3703703703703704,
      "test_bal_acc_std": 0.14286890016285858,
      "test_f1_mean": 0.3164008661956678,
      "test_f1_std": 0.10480783631279923,
      "test_kappa_mean": 0.05555555555555558,
      "test_kappa_std": 0.2143033502442879
    },
    {
      "participant": "3211",
      "n_seeds": 3,
      "test_acc_mean": 0.23703703703703702,
      "test_acc_std": 0.046259244432580705,
      "test_bal_acc_mean": 0.23703703703703702,
      "test_bal_acc_std": 0.046259244432580754,
      "test_f1_mean": 0.16000395287607028,
      "test_f1_std": 0.022866025483663704,
      "test_kappa_mean": -0.14444444444444446,
      "test_kappa_std": 0.06938886664887109
    },
    {
      "participant": "3213",
      "n_seeds": 3,
      "test_acc_mean": 0.43703703703703706,
      "test_acc_std": 0.046259244432580705,
      "test_bal_acc_mean": 0.43703703703703706,
      "test_bal_acc_std": 0.04625924443258076,
      "test_f1_mean": 0.33963994330318953,
      "test_f1_std": 0.05755132928669901,
      "test_kappa_mean": 0.15555555555555553,
      "test_kappa_std": 0.06938886664887108
    },
    {
      "participant": "3214",
      "n_seeds": 3,
      "test_acc_mean": 0.688888888888889,
      "test_acc_std": 0.044444444444444405,
      "test_bal_acc_mean": 0.6888888888888888,
      "test_bal_acc_std": 0.04444444444444445,
      "test_f1_mean": 0.6129160545827212,
      "test_f1_std": 0.06777568195110867,
      "test_kappa_mean": 0.5333333333333333,
      "test_kappa_std": 0.06666666666666665
    },
    {
      "participant": "3215",
      "n_seeds": 3,
      "test_acc_mean": 0.3333333333333333,
      "test_acc_std": 0.06666666666666668,
      "test_bal_acc_mean": 0.3333333333333333,
      "test_bal_acc_std": 0.06666666666666671,
      "test_f1_mean": 0.2934624094573841,
      "test_f1_std": 0.08953689365302815,
      "test_kappa_mean": -3.700743415417188e-17,
      "test_kappa_std": 0.10000000000000003
    },
    {
      "participant": "3216",
      "n_seeds": 3,
      "test_acc_mean": 0.26666666666666666,
      "test_acc_std": 0.13517250067329376,
      "test_bal_acc_mean": 0.26666666666666666,
      "test_bal_acc_std": 0.13517250067329376,
      "test_f1_mean": 0.2418047839100471,
      "test_f1_std": 0.11886332971616174,
      "test_kappa_mean": -0.09999999999999994,
      "test_kappa_std": 0.20275875100994056
    },
    {
      "participant": "3217",
      "n_seeds": 3,
      "test_acc_mean": 0.36296296296296293,
      "test_acc_std": 0.11403558754326408,
      "test_bal_acc_mean": 0.362962962962963,
      "test_bal_acc_std": 0.11403558754326412,
      "test_f1_mean": 0.26762113628239387,
      "test_f1_std": 0.14089043675302368,
      "test_kappa_mean": 0.04444444444444443,
      "test_kappa_std": 0.1710533813148962
    },
    {
      "participant": "3218",
      "n_seeds": 3,
      "test_acc_mean": 0.43703703703703706,
      "test_acc_std": 0.08981004187394179,
      "test_bal_acc_mean": 0.43703703703703706,
      "test_bal_acc_std": 0.08981004187394181,
      "test_f1_mean": 0.32778966137086496,
      "test_f1_std": 0.08757509159966259,
      "test_kappa_mean": 0.15555555555555553,
      "test_kappa_std": 0.13471506281091267
    },
    {
      "participant": "3219",
      "n_seeds": 3,
      "test_acc_mean": 0.48148148148148145,
      "test_acc_std": 0.02566001196398334,
      "test_bal_acc_mean": 0.4814814814814814,
      "test_bal_acc_std": 0.025660011963983372,
      "test_f1_mean": 0.39333727019296,
      "test_f1_std": 0.045813321318869206,
      "test_kappa_mean": 0.2222222222222222,
      "test_kappa_std": 0.03849001794597511
    },
    {
      "participant": "3220",
      "n_seeds": 3,
      "test_acc_mean": 0.5111111111111112,
      "test_acc_std": 0.08012336167697752,
      "test_bal_acc_mean": 0.5111111111111112,
      "test_bal_acc_std": 0.08012336167697756,
      "test_f1_mean": 0.43460274441743213,
      "test_f1_std": 0.0694262332118128,
      "test_kappa_mean": 0.26666666666666666,
      "test_kappa_std": 0.1201850425154663
    },
    {
      "participant": "3221",
      "n_seeds": 3,
      "test_acc_mean": 0.19259259259259257,
      "test_acc_std": 0.033945005147821034,
      "test_bal_acc_mean": 0.19259259259259257,
      "test_bal_acc_std": 0.03394500514782103,
      "test_f1_mean": 0.16834215167548497,
      "test_f1_std": 0.03448332615300051,
      "test_kappa_mean": -0.2111111111111111,
      "test_kappa_std": 0.050917507721731495
    },
    {
      "participant": "3222",
      "n_seeds": 3,
      "test_acc_mean": 0.43703703703703706,
      "test_acc_std": 0.03394500514782103,
      "test_bal_acc_mean": 0.43703703703703706,
      "test_bal_acc_std": 0.03394500514782098,
      "test_f1_mean": 0.42444089485831776,
      "test_f1_std": 0.01912321852749589,
      "test_kappa_mean": 0.15555555555555553,
      "test_kappa_std": 0.05091750772173154
    },
    {
      "participant": "3223",