{
  "name": "pose_ecg",
  "config": {
    "n_seeds": 3,
    "feature_selection": "none",
    "use_pca": false,
    "pca_variance": 0.95,
    "write_cm": true,
    "tune_hyperparameters": false,
    "tune_n_iter": 30,
    "tune_cv_folds": 5,
    "use_pose_derivatives": false,
    "use_time_features": false,
    "class_config": "all",
    "include_order": false,
    "name": "pose_ecg",
    "feature_groups": [
      "pose",
      "ecg"
    ],
    "split_strategy": "lopo"
  },
  "metrics": {
    "test_acc_mean": 0.3429800789235962,
    "test_acc_std": 0.13387537196175842,
    "test_bal_acc_mean": 0.3421761474393053,
    "test_bal_acc_std": 0.1337758495158935,
    "test_f1_mean": 0.27272448063218374,
    "test_f1_std": 0.13387012346048932,
    "test_kappa_mean": 0.024765619095017986,
    "test_kappa_std": 0.18640031614794816
  },
  "participant_results": [
    {
      "participant": "3208",
      "n_seeds": 3,
      "test_acc_mean": 0.362962962962963,
      "test_acc_std": 0.04625924443258073,
      "test_bal_acc_mean": 0.36296296296296293,
      "test_bal_acc_std": 0.046259244432580705,
      "test_f1_mean": 0.23909465020576134,
      "test_f1_std": 0.05882470987515844,
      "test_kappa_mean": 0.0444444444444444,
      "test_kappa_std": 0.06938886664887113
    },
    {
      "participant": "3209",
      "n_seeds": 3,
      "test_acc_mean": 0.2814814814814815,
      "test_acc_std": 0.03394500514782104,
      "test_bal_acc_mean": 0.2814814814814815,
      "test_bal_acc_std": 0.03394500514782105,
      "test_f1_mean": 0.14706375165786403,
      "test_f1_std": 0.014287176009649571,
      "test_kappa_mean": -0.07777777777777788,
      "test_kappa_std": 0.05091750772173161
    },
    {
      "participant": "3210",
      "n_seeds": 3,
      "test_acc_mean": 0.4148148148148148,
      "test_acc_std": 0.08413197549333737,
      "test_bal_acc_mean": 0.4148148148148148,
      "test_bal_acc_std": 0.08413197549333737,
      "test_f1_mean": 0.3157743123240199,
      "test_f1_std": 0.10615021958943913,
      "test_kappa_mean": 0.12222222222222223,
      "test_kappa_std": 0.12619796324000612
    },
    {
      "participant": "3214",
      "n_seeds": 3,
      "test_acc_mean": 0.7037037037037037,
      "test_acc_std": 0.05132002392796668,
      "test_bal_acc_mean": 0.7037037037037037,
      "test_bal_acc_std": 0.05132002392796681,
      "test_f1_mean": 0.6773108526092328,
      "test_f1_std": 0.059799192393367215,
      "test_kappa_mean": 0.5555555555555555,
      "test_kappa_std": 0.07698003589195009
    },
    {
      "participant": "3215",
      "n_seeds": 3,
      "test_acc_mean": 0.25925925925925924,
      "test_acc_std": 0.012830005981991686,
      "test_bal_acc_mean": 0.25925925925925924,
      "test_bal_acc_std": 0.01283000598199167,
      "test_f1_mean": 0.20981840086684947,
      "test_f1_std": 0.056838833511988165,
      "test_kappa_mean": -0.11111111111111116,
      "test_kappa_std": 0.01924500897298746
    },
    {
      "participant": "3216",
      "n_seeds": 3,
      "test_acc_mean": 0.19259259259259257,
      "test_acc_std": 0.033945005147821034,
      "test_bal_acc_mean": 0.19259259259259257,
      "test_bal_acc_std": 0.03394500514782103,
      "test_f1_mean": 0.15098759265425932,
      "test_f1_std": 0.00466972316206382,
      "test_kappa_mean": -0.2111111111111111,
      "test_kappa_std": 0.0509175077217315
    },
    {
      "participant": "3217",
      "n_seeds": 3,
      "test_acc_mean": 0.3259259259259259,
      "test_acc_std": 0.05592469952052407,
      "test_bal_acc_mean": 0.3259259259259259,
      "test_bal_acc_std": 0.05592469952052407,
      "test_f1_mean": 0.21425352703548192,
      "test_f1_std": 0.055325980395467246,
      "test_kappa_mean": -0.011111111111111146,
      "test_kappa_std": 0.08388704928078615
    },
    {
      "participant": "3218",
      "n_seeds": 3,
      "test_acc_mean": 0.4074074074074074,
      "test_acc_std": 0.06415002990995841,
      "test_bal_acc_mean": 0.40740740740740744,
      "test_bal_acc_std": 0.06415002990995845,
      "test_f1_mean": 0.32097944310343013,
      "test_f1_std": 0.052954982116272434,
      "test_kappa_mean": 0.11111111111111109,
      "test_kappa_std": 0.0962250448649376
    },
    {
      "participant": "3219",
      "n_seeds": 3,
      "test_acc_mean": 0.4666666666666666,
      "test_acc_std": 0.022222222222222227,
      "test_bal_acc_mean": 0.4666666666666666,
      "test_bal_acc_std": 0.022222222222222227,
      "test_f1_mean": 0.39489594032818015,
      "test_f1_std": 0.03830299498892335,
      "test_kappa_mean": 0.19999999999999998,
      "test_kappa_std": 0.03333333333333327
    },
    {
      "participant": "3220",
      "n_seeds": 3,
      "test_acc_mean": 0.34074074074074073,
      "test_acc_std": 0.051320023927966744,
      "test_bal_acc_mean": 0.34074074074074073,
      "test_bal_acc_std": 0.05132002392796671,
      "test_f1_mean": 0.26347180660681807,
      "test_f1_std": 0.08328184821130878,
      "test_kappa_mean": 0.011111111111111035,
      "test_kappa_std": 0.07698003589195015
    },
    {
      "participant": "3221",
      "n_seeds": 3,
      "test_acc_mean": 0.17777777777777778,
      "test_acc_std": 0.03849001794597504,
      "test_bal_acc_mean": 0.17777777777777778,
      "test_bal_acc_std": 0.03849001794597505,
      "test_f1_mean": 0.16883538167113965,
      "test_f1_std": 0.028534215109824394,
      "test_kappa_mean": -0.2333333333333334,
      "test_kappa_std": 0.05773502691896257
    },
    {
      "participant": "3223",
      "n_seeds": 3,
      "test_acc_mean": 0.022222222222222223,
      "test_acc_std": 0.03849001794597505,
      "test_bal_acc_mean": 0.022222222222222223,
      "test_bal_acc_std": 0.03849001794597505,
      "test_f1_mean": 0.020833333333333332,
      "test_f1_std": 0.036084391824351615,
      "test_kappa_mean": -0.4666666666666666,
      "test_kappa_std": 0.05773502691896263
    },
    {
      "participant": "3224",
      "n_seeds": 3,
      "test_acc_mean": 0.4518518518518519,
      "test_acc_std": 0.04625924443258071,
      "test_bal_acc_mean": 0.4518518518518518,
      "test_bal_acc_std": 0.046259244432580754,
      "test_f1_mean": 0.34794165043862174,
      "test_f1_std": 0.05408910767191415,
      "test_kappa_mean": 0.17777777777777773,
      "test_kappa_std": 0.06938886664887108
    },
    {
      "participant": "3225",
      "n_seeds": 3,
      "test_acc_mean": 0.3037037037037037,
      "test_acc_std": 0.13021033949071814,
      "test_bal_acc_mean": 0.3037037037037037,
      "test_bal_acc_std": 0.1302103394907181,
      "test_f1_mean": 0.2343864026472722,
      "test_f1_std": 0.07896182787778322,
      "test_kappa_mean": -0.04444444444444443,
      "test_kappa_std": 0.19531550923607713
    },
    {
      "participant": "3226",
      "n_seeds": 3,
      "test_acc_mean": 0.562962962962963,
      "test_acc_std": 0.01283000598199164,
      "test_bal_acc_mean": 0.5629629629629629,
      "test_bal_acc_std": 0.012830005981991766,
      "test_f1_mean": 0.4772937380080237,
      "test_f1_std": 0.011337032365955386,
      "test_kappa_mean": 0.3444444444444445,
      "test_kappa_std": 0.01924500897298752
    },
    {
      "participant": "3227",
      "n_seeds": 3,
      "test_acc_mean": 0.2518518518518518,
      "test_acc_std": 0.012830005981991686,
      "test_bal_acc_mean": 0.2518518518518518,
      "test_bal_acc_std": 0.012830005981991686,
      "test_f1_mean": 0.13658008658008658,
      "test_f1_std": 0.0077771620013946715,
      "test_kappa_mean": -0.12222222222222223,
      "test_kappa_std": 0.01924500897298746
    },
    {
      "participant": "3228",
      "n_seeds": 3,
      "test_acc_mean": 0.2074074074074074,
      "test_acc_std": 0.025660011963983355,
      "test_bal_acc_mean": 0.2074074074074074,
      "test_bal_acc_std": 0.025660011963983365,
      "test_f1_mean": 0.177713229724724,
      "test_f1_std": 0.03402007329842155,
      "test_kappa_mean": -0.18888888888888897,