{
  "name": "pose_perf_gsr",
  "config": {
    "n_seeds": 3,
    "feature_selection": "none",
    "use_pca": false,
    "pca_variance": 0.95,
    "write_cm": true,
    "tune_hyperparameters": false,
    "tune_n_iter": 30,
    "tune_cv_folds": 5,
    "use_pose_derivatives": false,
    "use_time_features": false,
    "class_config": "all",
    "include_order": false,
    "name": "pose_perf_gsr",
    "feature_groups": [
      "pose",
      "performance",
      "gsr"
    ],
    "split_strategy": "lopo"
  },
  "metrics": {
    "test_acc_mean": 0.6509078590785908,
    "test_acc_std": 0.11464337761732338,
    "test_bal_acc_mean": 0.6506228956228955,
    "test_bal_acc_std": 0.11582580801713922,
    "test_f1_mean": 0.6148240234330291,
    "test_f1_std": 0.13873233510055952,
    "test_kappa_mean": 0.474970135686881,
    "test_kappa_std": 0.17172814802178218
  },
  "participant_results": [
    {
      "participant": "3208",
      "n_seeds": 3,
      "test_acc_mean": 0.5111111111111111,
      "test_acc_std": 0.022222222222222227,
      "test_bal_acc_mean": 0.5111111111111111,
      "test_bal_acc_std": 0.022222222222222202,
      "test_f1_mean": 0.4227158555729984,
      "test_f1_std": 0.028199488479669833,
      "test_kappa_mean": 0.26666666666666666,
      "test_kappa_std": 0.03333333333333338
    },
    {
      "participant": "3209",
      "n_seeds": 3,
      "test_acc_mean": 0.562962962962963,
      "test_acc_std": 0.03394500514782103,
      "test_bal_acc_mean": 0.562962962962963,
      "test_bal_acc_std": 0.03394500514782103,
      "test_f1_mean": 0.5302821172386389,
      "test_f1_std": 0.039767819639388,
      "test_kappa_mean": 0.3444444444444445,
      "test_kappa_std": 0.05091750772173154
    },
    {
      "participant": "3210",
      "n_seeds": 3,
      "test_acc_mean": 0.6148148148148148,
      "test_acc_std": 0.025660011963983403,
      "test_bal_acc_mean": 0.6148148148148148,
      "test_bal_acc_std": 0.025660011963983403,
      "test_f1_mean": 0.5033166881745508,
      "test_f1_std": 0.03890240363209764,
      "test_kappa_mean": 0.4222222222222222,
      "test_kappa_std": 0.03849001794597498
    },
    {
      "participant": "3214",
      "n_seeds": 3,
      "test_acc_mean": 0.7925925925925926,
      "test_acc_std": 0.03394500514782104,
      "test_bal_acc_mean": 0.7925925925925926,
      "test_bal_acc_std": 0.033945005147821075,
      "test_f1_mean": 0.7875980575395781,
      "test_f1_std": 0.03640301483552996,
      "test_kappa_mean": 0.6888888888888888,
      "test_kappa_std": 0.05091750772173159
    },
    {
      "participant": "3215",
      "n_seeds": 3,
      "test_acc_mean": 0.6148148148148148,
      "test_acc_std": 0.03394500514782109,
      "test_bal_acc_mean": 0.6148148148148148,
      "test_bal_acc_std": 0.03394500514782103,
      "test_f1_mean": 0.6044682756108438,
      "test_f1_std": 0.03390410519760635,
      "test_kappa_mean": 0.4222222222222222,
      "test_kappa_std": 0.05091750772173154
    },
    {
      "participant": "3216",
      "n_seeds": 3,
      "test_acc_mean": 0.5333333333333333,
      "test_acc_std": 0.05879447357921313,
      "test_bal_acc_mean": 0.5333333333333333,
      "test_bal_acc_std": 0.05879447357921308,
      "test_f1_mean": 0.514116677484837,
      "test_f1_std": 0.08554903589569145,
      "test_kappa_mean": 0.3,
      "test_kappa_std": 0.0881917103688197
    },
    {
      "participant": "3217",
      "n_seeds": 3,
      "test_acc_mean": 0.837037037037037,
      "test_acc_std": 0.03394500514782103,
      "test_bal_acc_mean": 0.837037037037037,
      "test_bal_acc_std": 0.03394500514782109,
      "test_f1_mean": 0.8299085242538752,
      "test_f1_std": 0.036042339513567286,
      "test_kappa_mean": 0.7555555555555555,
      "test_kappa_std": 0.05091750772173159
    },
    {
      "participant": "3218",
      "n_seeds": 3,
      "test_acc_mean": 0.8888888888888888,
      "test_acc_std": 0.0,
      "test_bal_acc_mean": 0.8888888888888888,
      "test_bal_acc_std": 0.0,
      "test_f1_mean": 0.8857142857142857,
      "test_f1_std": 0.0,
      "test_kappa_mean": 0.8333333333333334,
      "test_kappa_std": 0.0
    },
    {
      "participant": "3219",
      "n_seeds": 3,
      "test_acc_mean": 0.75,
      "test_acc_std": 0.025000000000000022,
      "test_bal_acc_mean": 0.7777777777777777,
      "test_bal_acc_std": 0.022222222222222202,
      "test_f1_mean": 0.7081536832680997,
      "test_f1_std": 0.036425625858907386,
      "test_kappa_mean": 0.6244131455399061,
      "test_kappa_std": 0.03755868544600938
    },
    {
      "participant": "3220",
      "n_seeds": 3,
      "test_acc_mean": 0.6074074074074073,
      "test_acc_std": 0.03394500514782109,
      "test_bal_acc_mean": 0.6074074074074075,
      "test_bal_acc_std": 0.03394500514782104,
      "test_f1_mean": 0.5205268698022322,
      "test_f1_std": 0.02333851890049585,
      "test_kappa_mean": 0.41111111111111115,
      "test_kappa_std": 0.05091750772173156
    },
    {
      "participant": "3221",
      "n_seeds": 3,
      "test_acc_mean": 0.6814814814814816,
      "test_acc_std": 0.03394500514782103,
      "test_bal_acc_mean": 0.6814814814814816,
      "test_bal_acc_std": 0.03394500514782104,
      "test_f1_mean": 0.6827302798567167,
      "test_f1_std": 0.03470497275030889,
      "test_kappa_mean": 0.5222222222222223,
      "test_kappa_std": 0.05091750772173154
    },
    {
      "participant": "3222",
      "n_seeds": 3,
      "test_acc_mean": 0.6666666666666666,
      "test_acc_std": 0.037256712967120624,
      "test_bal_acc_mean": 0.6693602693602694,
      "test_bal_acc_std": 0.04171280987460892,
      "test_f1_mean": 0.6815114876090486,
      "test_f1_std": 0.038037904532978735,
      "test_kappa_mean": 0.5076103747039913,
      "test_kappa_std": 0.054203385062740764
    },
    {
      "participant": "3223",
      "n_seeds": 3,
      "test_acc_mean": 0.5777777777777777,
      "test_acc_std": 0.022222222222222202,
      "test_bal_acc_mean": 0.5777777777777776,
      "test_bal_acc_std": 0.022222222222222254,
      "test_f1_mean": 0.5015694605452031,
      "test_f1_std": 0.04426358938415439,
      "test_kappa_mean": 0.3666666666666667,
      "test_kappa_std": 0.03333333333333338
    },
    {
      "participant": "3224",
      "n_seeds": 3,
      "test_acc_mean": 0.6148148148148147,
      "test_acc_std": 0.04625924443258073,
      "test_bal_acc_mean": 0.6148148148148148,
      "test_bal_acc_std": 0.04625924443258069,
      "test_f1_mean": 0.5678078979112572,
      "test_f1_std": 0.07671371151689652,
      "test_kappa_mean": 0.4222222222222222,
      "test_kappa_std": 0.06938886664887108
    },
    {
      "participant": "3225",
      "n_seeds": 3,
      "test_acc_mean": 0.5333333333333333,
      "test_acc_std": 0.044444444444444425,
      "test_bal_acc_mean": 0.5333333333333333,
      "test_bal_acc_std": 0.04444444444444448,
      "test_f1_mean": 0.5152082042324727,
      "test_f1_std": 0.04853571845822767,
      "test_kappa_mean": 0.3,
      "test_kappa_std": 0.06666666666666671
    },
    {
      "participant": "3226",
      "n_seeds": 3,
      "test_acc_mean": 0.5481481481481482,
      "test_acc_std": 0.02566001196398334,
      "test_bal_acc_mean": 0.5481481481481482,
      "test_bal_acc_std": 0.025660011963983403,
      "test_f1_mean": 0.46243924920395507,
      "test_f1_std": 0.02431893924022855,
      "test_kappa_mean": 0.32222222222222224,
      "test_kappa_std": 0.03849001794597504
    },
    {
      "participant": "3227",
      "n_seeds": 3,
      "test_acc_mean": 0.39999999999999997,
      "test_acc_std": 0.05879447357921313,
      "test_bal_acc_mean": 0.39999999999999997,
      "test_bal_acc_std": 0.05879447357921315,
      "test_f1_mean": 0.31025641025641026,
      "test_f1_std": 0.06483782190829745,
      "test_kappa_mean": 0.09999999999999998,
      "test_kappa_std": 0.08819171036881966
    },
    {
      "participant": "3228",
      "n_seeds": 3,
      "test_acc_mean": 0.6944444444444443,
      "test_acc_std": 0.05555555555555558,