{
  "name": "pose_eye",
  "config": {
    "n_seeds": 3,
    "feature_selection": "none",
    "use_pca": false,
    "pca_variance": 0.95,
    "write_cm": true,
    "tune_hyperparameters": false,
    "tune_n_iter": 30,
    "tune_cv_folds": 5,
    "use_pose_derivatives": false,
    "use_time_features": false,
    "class_config": "all",
    "include_order": false,
    "name": "pose_eye",
    "feature_groups": [
      "pose",
      "eye_tracking"
    ],
    "split_strategy": "lopo"
  },
  "metrics": {
    "test_acc_mean": 0.40322464764285654,
    "test_acc_std": 0.1342357448287364,
    "test_bal_acc_mean": 0.4018780530408437,
    "test_bal_acc_std": 0.1347944156001809,
    "test_f1_mean": 0.3387461650653175,
    "test_f1_std": 0.1383939516884381,
    "test_kappa_mean": 0.09682995063603651,
    "test_kappa_std": 0.2013418528191123
  },
  "participant_results": [
    {
      "participant": "3105",
      "n_seeds": 3,
      "test_acc_mean": 0.2074074074074074,
      "test_acc_std": 0.04625924443258072,
      "test_bal_acc_mean": 0.2074074074074074,
      "test_bal_acc_std": 0.04625924443258073,
      "test_f1_mean": 0.19179270957499492,
      "test_f1_std": 0.03599400812828046,
      "test_kappa_mean": -0.18888888888888902,
      "test_kappa_std": 0.06938886664887109
    },
    {
      "participant": "3206",
      "n_seeds": 3,
      "test_acc_mean": 0.2682926829268293,
      "test_acc_std": 0.02439024390243902,
      "test_bal_acc_mean": 0.2686868686868687,
      "test_bal_acc_std": 0.014141414141414121,
      "test_f1_mean": 0.23805995902943652,
      "test_f1_std": 0.030639048989894717,
      "test_kappa_mean": -0.06938751800811249,
      "test_kappa_std": 0.022856771931022573
    },
    {
      "participant": "3207",
      "n_seeds": 3,
      "test_acc_mean": 0.2558139534883721,
      "test_acc_std": 0.0,
      "test_bal_acc_mean": 0.2560846560846561,
      "test_bal_acc_std": 0.0009164289987136884,
      "test_f1_mean": 0.20404693674187516,
      "test_f1_std": 0.006398924595949029,
      "test_kappa_mean": -0.12204668360427988,
      "test_kappa_std": 0.0021107161167166696
    },
    {
      "participant": "3208",
      "n_seeds": 3,
      "test_acc_mean": 0.39999999999999997,
      "test_acc_std": 0.03849001794597504,
      "test_bal_acc_mean": 0.39999999999999997,
      "test_bal_acc_std": 0.03849001794597504,
      "test_f1_mean": 0.30963908086715103,
      "test_f1_std": 0.024675964101527514,
      "test_kappa_mean": 0.09999999999999998,
      "test_kappa_std": 0.05773502691896256
    },
    {
      "participant": "3209",
      "n_seeds": 3,
      "test_acc_mean": 0.29545454545454547,
      "test_acc_std": 0.09906588508046986,
      "test_bal_acc_mean": 0.3058201058201058,
      "test_bal_acc_std": 0.10160383463348271,
      "test_f1_mean": 0.2189870639058682,
      "test_f1_std": 0.07423145312448584,
      "test_kappa_mean": -0.04314633748143611,
      "test_kappa_std": 0.14983469121777554
    },
    {
      "participant": "3210",
      "n_seeds": 3,
      "test_acc_mean": 0.4777777777777778,
      "test_acc_std": 0.01924500897298752,
      "test_bal_acc_mean": 0.4777777777777778,
      "test_bal_acc_std": 0.01924500897298752,
      "test_f1_mean": 0.32816537467700263,
      "test_f1_std": 0.004475583482090098,
      "test_kappa_mean": -0.021505376344086002,
      "test_kappa_std": 0.018624202231923397
    },
    {
      "participant": "3214",
      "n_seeds": 3,
      "test_acc_mean": 0.837037037037037,
      "test_acc_std": 0.025660011963983403,
      "test_bal_acc_mean": 0.837037037037037,
      "test_bal_acc_std": 0.02566001196398328,
      "test_f1_mean": 0.8318765238592825,
      "test_f1_std": 0.025745016598612683,
      "test_kappa_mean": 0.7555555555555555,
      "test_kappa_std": 0.03849001794597504
    },
    {
      "participant": "3215",
      "n_seeds": 3,
      "test_acc_mean": 0.39999999999999997,
      "test_acc_std": 0.03849001794597504,
      "test_bal_acc_mean": 0.39999999999999997,
      "test_bal_acc_std": 0.03849001794597504,
      "test_f1_mean": 0.31720988563093827,
      "test_f1_std": 0.06304977544039493,
      "test_kappa_mean": 0.10000000000000005,
      "test_kappa_std": 0.0577350269189625
    },
    {
      "participant": "3216",
      "n_seeds": 3,
      "test_acc_mean": 0.40310077519379844,
      "test_acc_std": 0.04841083719688681,
      "test_bal_acc_mean": 0.39658119658119667,
      "test_bal_acc_std": 0.04532332849081316,
      "test_f1_mean": 0.39266891444576096,
      "test_f1_std": 0.052668905068061135,
      "test_kappa_mean": 0.09158230544186947,
      "test_kappa_std": 0.0694700464384879
    },
    {
      "participant": "3217",
      "n_seeds": 3,
      "test_acc_mean": 0.562962962962963,
      "test_acc_std": 0.07143445008142935,
      "test_bal_acc_mean": 0.5629629629629629,
      "test_bal_acc_std": 0.07143445008142928,
      "test_f1_mean": 0.5335030113409885,
      "test_f1_std": 0.0785369835425671,
      "test_kappa_mean": 0.3444444444444445,
      "test_kappa_std": 0.10715167512214392
    },
    {
      "participant": "3218",
      "n_seeds": 3,
      "test_acc_mean": 0.4740740740740741,
      "test_acc_std": 0.025660011963983372,
      "test_bal_acc_mean": 0.4740740740740741,
      "test_bal_acc_std": 0.025660011963983372,
      "test_f1_mean": 0.3795225725050287,
      "test_f1_std": 0.016839136340234137,
      "test_kappa_mean": 0.21111111111111105,
      "test_kappa_std": 0.03849001794597504
    },
    {
      "participant": "3219",
      "n_seeds": 3,
      "test_acc_mean": 0.6046511627906977,
      "test_acc_std": 0.023255813953488358,
      "test_bal_acc_mean": 0.6042328042328042,
      "test_bal_acc_std": 0.02143346994764987,
      "test_f1_mean": 0.5538053838426436,
      "test_f1_std": 0.015711664265295574,
      "test_kappa_mean": 0.40717301579147075,
      "test_kappa_std": 0.033948901010984835
    },
    {
      "participant": "3220",
      "n_seeds": 3,
      "test_acc_mean": 0.5037037037037037,
      "test_acc_std": 0.051320023927966744,
      "test_bal_acc_mean": 0.5037037037037037,
      "test_bal_acc_std": 0.05132002392796672,
      "test_f1_mean": 0.4129711682652859,
      "test_f1_std": 0.03922941618057838,
      "test_kappa_mean": 0.25555555555555554,
      "test_kappa_std": 0.07698003589195022
    },
    {
      "participant": "3221",
      "n_seeds": 3,
      "test_acc_mean": 0.15555555555555556,
      "test_acc_std": 0.022222222222222227,
      "test_bal_acc_mean": 0.15555555555555556,
      "test_bal_acc_std": 0.022222222222222227,
      "test_f1_mean": 0.14475308641975307,
      "test_f1_std": 0.030292545573617196,
      "test_kappa_mean": -0.26666666666666666,
      "test_kappa_std": 0.033333333333333326
    },
    {
      "participant": "3222",
      "n_seeds": 3,
      "test_acc_mean": 0.4666666666666666,
      "test_acc_std": 0.022222222222222227,
      "test_bal_acc_mean": 0.4666666666666666,
      "test_bal_acc_std": 0.022222222222222227,
      "test_f1_mean": 0.3939289649243882,
      "test_f1_std": 0.0341576556860512,
      "test_kappa_mean": 0.19999999999999996,
      "test_kappa_std": 0.033333333333333326
    },
    {
      "participant": "3223",
      "n_seeds": 3,
      "test_acc_mean": 0.2814814814814815,
      "test_acc_std": 0.01283000598199167,
      "test_bal_acc_mean": 0.2814814814814815,
      "test_bal_acc_std": 0.012830005981991702,
      "test_f1_mean": 0.14810973794639856,
      "test_f1_std": 0.004733959975684884,
      "test_kappa_mean": -0.07777777777777779,
      "test_kappa_std": 0.019245008972987584
    },
    {
      "participant": "3224",
      "n_seeds": 3,
      "test_acc_mean": 0.4666666666666666,
      "test_acc_std": 6.798699777552591e-17,
      "test_bal_acc_mean": 0.3333333333333333,
      "test_bal_acc_std": 0.0,
      "test_f1_mean": 0.2992717876438806,
      "test_f1_std": 0.00398733801131667,
      "test_kappa_mean": 0.0013831258644536604,
      "test_kappa_std": 0.0023956442704963637
    },
    {
      "participant": "3225",