{
  "name": "pose_perf",
  "config": {
    "n_seeds": 3,
    "feature_selection": "none",
    "use_pca": false,
    "pca_variance": 0.95,
    "write_cm": true,
    "tune_hyperparameters": false,
    "tune_n_iter": 30,
    "tune_cv_folds": 5,
    "use_pose_derivatives": false,
    "use_time_features": false,
    "class_config": "all",
    "include_order": false,
    "name": "pose_perf",
    "feature_groups": [
      "pose",
      "performance"
    ],
    "split_strategy": "lopo"
  },
  "metrics": {
    "test_acc_mean": 0.648667044809983,
    "test_acc_std": 0.11424856652941975,
    "test_bal_acc_mean": 0.6474982381959127,
    "test_bal_acc_std": 0.11474182801265087,
    "test_f1_mean": 0.6163719121611652,
    "test_f1_std": 0.13844800627405604,
    "test_kappa_mean": 0.4723649819715892,
    "test_kappa_std": 0.1715524471746104
  },
  "participant_results": [
    {
      "participant": "3105",
      "n_seeds": 3,
      "test_acc_mean": 0.6444444444444444,
      "test_acc_std": 0.06666666666666671,
      "test_bal_acc_mean": 0.6444444444444445,
      "test_bal_acc_std": 0.06666666666666665,
      "test_f1_mean": 0.6550490059110748,
      "test_f1_std": 0.06359532211788871,
      "test_kappa_mean": 0.4666666666666666,
      "test_kappa_std": 0.09999999999999998
    },
    {
      "participant": "3206",
      "n_seeds": 3,
      "test_acc_mean": 0.39999999999999997,
      "test_acc_std": 0.03849001794597504,
      "test_bal_acc_mean": 0.39999999999999997,
      "test_bal_acc_std": 0.03849001794597504,
      "test_f1_mean": 0.34091362424695754,
      "test_f1_std": 0.04261974983660209,
      "test_kappa_mean": 0.09999999999999998,
      "test_kappa_std": 0.05773502691896256
    },
    {
      "participant": "3207",
      "n_seeds": 3,
      "test_acc_mean": 0.5925925925925926,
      "test_acc_std": 0.05592469952052409,
      "test_bal_acc_mean": 0.5925925925925926,
      "test_bal_acc_std": 0.05592469952052409,
      "test_f1_mean": 0.5047094713761381,
      "test_f1_std": 0.05008767830965879,
      "test_kappa_mean": 0.3888888888888889,
      "test_kappa_std": 0.0838870492807861
    },
    {
      "participant": "3208",
      "n_seeds": 3,
      "test_acc_mean": 0.48888888888888893,
      "test_acc_std": 0.05879447357921315,
      "test_bal_acc_mean": 0.4888888888888889,
      "test_bal_acc_std": 0.058794473579213094,
      "test_f1_mean": 0.3881800364069868,
      "test_f1_std": 0.05250007472002912,
      "test_kappa_mean": 0.2333333333333333,
      "test_kappa_std": 0.08819171036881973
    },
    {
      "participant": "3209",
      "n_seeds": 3,
      "test_acc_mean": 0.5555555555555556,
      "test_acc_std": 0.022222222222222202,
      "test_bal_acc_mean": 0.5555555555555555,
      "test_bal_acc_std": 0.022222222222222254,
      "test_f1_mean": 0.5163449307893752,
      "test_f1_std": 0.011090460996091225,
      "test_kappa_mean": 0.3333333333333333,
      "test_kappa_std": 0.033333333333333326
    },
    {
      "participant": "3210",
      "n_seeds": 3,
      "test_acc_mean": 0.6222222222222222,
      "test_acc_std": 0.022222222222222254,
      "test_bal_acc_mean": 0.6222222222222222,
      "test_bal_acc_std": 0.022222222222222254,
      "test_f1_mean": 0.5193515021510041,
      "test_f1_std": 0.035500554552427455,
      "test_kappa_mean": 0.43333333333333335,
      "test_kappa_std": 0.033333333333333326
    },
    {
      "participant": "3214",
      "n_seeds": 3,
      "test_acc_mean": 0.7037037037037037,
      "test_acc_std": 0.02566001196398334,
      "test_bal_acc_mean": 0.7037037037037036,
      "test_bal_acc_std": 0.025660011963983466,
      "test_f1_mean": 0.6913705929329824,
      "test_f1_std": 0.02497670834730277,
      "test_kappa_mean": 0.5555555555555555,
      "test_kappa_std": 0.03849001794597504
    },
    {
      "participant": "3215",
      "n_seeds": 3,
      "test_acc_mean": 0.6222222222222222,
      "test_acc_std": 0.0587944735792131,
      "test_bal_acc_mean": 0.6222222222222221,
      "test_bal_acc_std": 0.05879447357921315,
      "test_f1_mean": 0.6008176395949647,
      "test_f1_std": 0.08081801065548483,
      "test_kappa_mean": 0.43333333333333335,
      "test_kappa_std": 0.08819171036881966
    },
    {
      "participant": "3216",
      "n_seeds": 3,
      "test_acc_mean": 0.5629629629629629,
      "test_acc_std": 0.051320023927966744,
      "test_bal_acc_mean": 0.5629629629629629,
      "test_bal_acc_std": 0.051320023927966744,
      "test_f1_mean": 0.5313167177202264,
      "test_f1_std": 0.07797316831835513,
      "test_kappa_mean": 0.3444444444444445,
      "test_kappa_std": 0.07698003589195009
    },
    {
      "participant": "3217",
      "n_seeds": 3,
      "test_acc_mean": 0.7851851851851852,
      "test_acc_std": 0.025660011963983403,
      "test_bal_acc_mean": 0.7851851851851851,
      "test_bal_acc_std": 0.02566001196398334,
      "test_f1_mean": 0.7715076936409204,
      "test_f1_std": 0.03872496055977071,
      "test_kappa_mean": 0.6777777777777777,
      "test_kappa_std": 0.03849001794597504
    },
    {
      "participant": "3218",
      "n_seeds": 3,
      "test_acc_mean": 0.8740740740740741,
      "test_acc_std": 0.01283000598199164,
      "test_bal_acc_mean": 0.8740740740740741,
      "test_bal_acc_std": 0.01283000598199164,
      "test_f1_mean": 0.8693121693121694,
      "test_f1_std": 0.01420464948006217,
      "test_kappa_mean": 0.8111111111111112,
      "test_kappa_std": 0.01924500897298752
    },
    {
      "participant": "3219",
      "n_seeds": 3,
      "test_acc_mean": 0.8074074074074074,
      "test_acc_std": 0.051320023927966744,
      "test_bal_acc_mean": 0.8074074074074074,
      "test_bal_acc_std": 0.051320023927966744,
      "test_f1_mean": 0.7848583877995643,
      "test_f1_std": 0.06301230365192687,
      "test_kappa_mean": 0.7111111111111112,
      "test_kappa_std": 0.07698003589195009
    },
    {
      "participant": "3220",
      "n_seeds": 3,
      "test_acc_mean": 0.7407407407407408,
      "test_acc_std": 0.07804187965076102,
      "test_bal_acc_mean": 0.7407407407407408,
      "test_bal_acc_std": 0.07804187965076108,
      "test_f1_mean": 0.7218890091794972,
      "test_f1_std": 0.09295552964509478,
      "test_kappa_mean": 0.6111111111111112,
      "test_kappa_std": 0.11706281947614157
    },
    {
      "participant": "3221",
      "n_seeds": 3,
      "test_acc_mean": 0.6592592592592593,
      "test_acc_std": 0.012830005981991638,
      "test_bal_acc_mean": 0.6592592592592593,
      "test_bal_acc_std": 0.012830005981991638,
      "test_f1_mean": 0.6493795476554096,
      "test_f1_std": 0.01952430133225492,
      "test_kappa_mean": 0.48888888888888893,
      "test_kappa_std": 0.01924500897298752
    },
    {
      "participant": "3222",
      "n_seeds": 3,
      "test_acc_mean": 0.7111111111111111,
      "test_acc_std": 0.08012336167697753,
      "test_bal_acc_mean": 0.7111111111111111,
      "test_bal_acc_std": 0.0801233616769775,
      "test_f1_mean": 0.7174808194963234,
      "test_f1_std": 0.08137842448128592,
      "test_kappa_mean": 0.5666666666666665,
      "test_kappa_std": 0.12018504251546627
    },
    {
      "participant": "3223",
      "n_seeds": 3,
      "test_acc_mean": 0.6074074074074074,
      "test_acc_std": 0.012830005981991702,
      "test_bal_acc_mean": 0.6074074074074073,
      "test_bal_acc_std": 0.012830005981991638,
      "test_f1_mean": 0.558987829437002,
      "test_f1_std": 0.027328216051476374,
      "test_kappa_mean": 0.41111111111111115,
      "test_kappa_std": 0.01924500897298752
    },
    {
      "participant": "3224",
      "n_seeds": 3,
      "test_acc_mean": 0.5333333333333333,
      "test_acc_std": 0.022222222222222254,
      "test_bal_acc_mean": 0.5333333333333333,
      "test_bal_acc_std": 0.022222222222222202,
      "test_f1_mean": 0.44786086117836216,
      "test_f1_std": 0.028706846155734937,
      "test_kappa_mean": 0.30000000000000004,
      "test_kappa_std": 0.033333333333333326
    },
    {
      "participant": "3225",