{
  "name": "pose_perf_eye_ecg",
  "config": {
    "n_seeds": 3,
    "feature_selection": "none",
    "use_pca": false,
    "pca_variance": 0.95,
    "write_cm": true,
    "tune_hyperparameters": false,
    "tune_n_iter": 30,
    "tune_cv_folds": 5,
    "use_pose_derivatives": false,
    "use_time_features": false,
    "class_config": "all",
    "include_order": false,
    "name": "pose_perf_eye_ecg",
    "feature_groups": [
      "pose",
      "performance",
      "eye_tracking",
      "ecg"
    ],
    "split_strategy": "lopo"
  },
  "metrics": {
    "test_acc_mean": 0.6291690516598717,
    "test_acc_std": 0.15340962265039074,
    "test_bal_acc_mean": 0.6263366750208855,
    "test_bal_acc_std": 0.15359066738116836,
    "test_f1_mean": 0.5913164427547278,
    "test_f1_std": 0.17125506578371788,
    "test_kappa_mean": 0.44282617864937707,
    "test_kappa_std": 0.21254953645593141
  },
  "participant_results": [
    {
      "participant": "3208",
      "n_seeds": 3,
      "test_acc_mean": 0.4740740740740741,
      "test_acc_std": 0.05592469952052407,
      "test_bal_acc_mean": 0.4740740740740741,
      "test_bal_acc_std": 0.05592469952052407,
      "test_f1_mean": 0.4239294607649107,
      "test_f1_std": 0.03162839928175618,
      "test_kappa_mean": 0.2111111111111111,
      "test_kappa_std": 0.08388704928078608
    },
    {
      "participant": "3209",
      "n_seeds": 3,
      "test_acc_mean": 0.4696969696969697,
      "test_acc_std": 0.06560798513518472,
      "test_bal_acc_mean": 0.48148148148148145,
      "test_bal_acc_std": 0.06415002990995845,
      "test_f1_mean": 0.3991863084437684,
      "test_f1_std": 0.07461465936092626,
      "test_kappa_mean": 0.2173929739450997,
      "test_kappa_std": 0.09555561361974131
    },
    {
      "participant": "3210",
      "n_seeds": 3,
      "test_acc_mean": 0.5,
      "test_acc_std": 0.0,
      "test_bal_acc_mean": 0.5,
      "test_bal_acc_std": 0.0,
      "test_f1_mean": 0.3410265445149166,
      "test_f1_std": 0.007752605305806245,
      "test_kappa_mean": 0.03158602150537634,
      "test_kappa_std": 0.031255419231810445
    },
    {
      "participant": "3214",
      "n_seeds": 3,
      "test_acc_mean": 0.7777777777777777,
      "test_acc_std": 0.04444444444444445,
      "test_bal_acc_mean": 0.7777777777777778,
      "test_bal_acc_std": 0.04444444444444451,
      "test_f1_mean": 0.7735955774552266,
      "test_f1_std": 0.045799822331931715,
      "test_kappa_mean": 0.6666666666666666,
      "test_kappa_std": 0.06666666666666671
    },
    {
      "participant": "3215",
      "n_seeds": 3,
      "test_acc_mean": 0.6814814814814815,
      "test_acc_std": 0.06415002990995838,
      "test_bal_acc_mean": 0.6814814814814815,
      "test_bal_acc_std": 0.06415002990995841,
      "test_f1_mean": 0.6628944409304941,
      "test_f1_std": 0.06811964156365462,
      "test_kappa_mean": 0.5222222222222223,
      "test_kappa_std": 0.0962250448649376
    },
    {
      "participant": "3216",
      "n_seeds": 3,
      "test_acc_mean": 0.5581395348837209,
      "test_acc_std": 0.046511627906976716,
      "test_bal_acc_mean": 0.562962962962963,
      "test_bal_acc_std": 0.046164396810322667,
      "test_f1_mean": 0.4813215965515319,
      "test_f1_std": 0.06430993310741549,
      "test_kappa_mean": 0.33102009605323174,
      "test_kappa_std": 0.07098299229042607
    },
    {
      "participant": "3217",
      "n_seeds": 3,
      "test_acc_mean": 0.6518518518518519,
      "test_acc_std": 0.07143445008142928,
      "test_bal_acc_mean": 0.6518518518518519,
      "test_bal_acc_std": 0.07143445008142928,
      "test_f1_mean": 0.5940008952793574,
      "test_f1_std": 0.12300417085692768,
      "test_kappa_mean": 0.4777777777777777,
      "test_kappa_std": 0.10715167512214395
    },
    {
      "participant": "3218",
      "n_seeds": 3,
      "test_acc_mean": 0.8814814814814814,
      "test_acc_std": 0.01283000598199164,
      "test_bal_acc_mean": 0.8814814814814814,
      "test_bal_acc_std": 0.01283000598199164,
      "test_f1_mean": 0.8767301185707258,
      "test_f1_std": 0.013577366447630093,
      "test_kappa_mean": 0.8222222222222223,
      "test_kappa_std": 0.01924500897298752
    },
    {
      "participant": "3219",
      "n_seeds": 3,
      "test_acc_mean": 0.813953488372093,
      "test_acc_std": 0.04028025133881111,
      "test_bal_acc_mean": 0.8095238095238094,
      "test_bal_acc_std": 0.041239304942116105,
      "test_f1_mean": 0.7873078379009332,
      "test_f1_std": 0.053171566180281016,
      "test_kappa_mean": 0.7201545310815192,
      "test_kappa_std": 0.06069917613088103
    },
    {
      "participant": "3220",
      "n_seeds": 3,
      "test_acc_mean": 0.6148148148148148,
      "test_acc_std": 0.03394500514782109,
      "test_bal_acc_mean": 0.6148148148148148,
      "test_bal_acc_std": 0.03394500514782103,
      "test_f1_mean": 0.5477994050357196,
      "test_f1_std": 0.04526042655781185,
      "test_kappa_mean": 0.4222222222222223,
      "test_kappa_std": 0.05091750772173159
    },
    {
      "participant": "3221",
      "n_seeds": 3,
      "test_acc_mean": 0.688888888888889,
      "test_acc_std": 0.022222222222222254,
      "test_bal_acc_mean": 0.6888888888888888,
      "test_bal_acc_std": 0.022222222222222254,
      "test_f1_mean": 0.6994949083582424,
      "test_f1_std": 0.022406050631734824,
      "test_kappa_mean": 0.5333333333333333,
      "test_kappa_std": 0.033333333333333326
    },
    {
      "participant": "3223",
      "n_seeds": 3,
      "test_acc_mean": 0.48148148148148145,
      "test_acc_std": 0.02566001196398334,
      "test_bal_acc_mean": 0.48148148148148145,
      "test_bal_acc_std": 0.025660011963983438,
      "test_f1_mean": 0.3916588966588967,
      "test_f1_std": 0.03515199884147605,
      "test_kappa_mean": 0.2222222222222222,
      "test_kappa_std": 0.03849001794597511
    },
    {
      "participant": "3224",
      "n_seeds": 3,
      "test_acc_mean": 0.5777777777777777,
      "test_acc_std": 0.01924500897298752,
      "test_bal_acc_mean": 0.5925925925925927,
      "test_bal_acc_std": 0.016037507477489613,
      "test_f1_mean": 0.45615354834867033,
      "test_f1_std": 0.04012927386975296,
      "test_kappa_mean": 0.2558210784313726,
      "test_kappa_std": 0.035553739003405235
    },
    {
      "participant": "3225",
      "n_seeds": 3,
      "test_acc_mean": 0.5407407407407407,
      "test_acc_std": 0.051320023927966744,
      "test_bal_acc_mean": 0.5407407407407407,
      "test_bal_acc_std": 0.051320023927966744,
      "test_f1_mean": 0.5263397999208113,
      "test_f1_std": 0.053696126576034245,
      "test_kappa_mean": 0.31111111111111117,
      "test_kappa_std": 0.07698003589195009
    },
    {
      "participant": "3226",
      "n_seeds": 3,
      "test_acc_mean": 0.562962962962963,
      "test_acc_std": 0.01283000598199164,
      "test_bal_acc_mean": 0.5629629629629629,
      "test_bal_acc_std": 0.012830005981991766,
      "test_f1_mean": 0.4759331937903366,
      "test_f1_std": 0.012680600177054857,
      "test_kappa_mean": 0.3444444444444445,
      "test_kappa_std": 0.01924500897298752
    },
    {
      "participant": "3227",
      "n_seeds": 3,
      "test_acc_mean": 0.4148148148148148,
      "test_acc_std": 0.04625924443258073,
      "test_bal_acc_mean": 0.41481481481481475,
      "test_bal_acc_std": 0.04625924443258071,
      "test_f1_mean": 0.33326589013434,
      "test_f1_std": 0.06924239153049054,
      "test_kappa_mean": 0.12222222222222219,
      "test_kappa_std": 0.06938886664887108
    },
    {
      "participant": "3228",
      "n_seeds": 3,
      "test_acc_mean": 0.6,
      "test_acc_std": 0.03849001794597511,
      "test_bal_acc_mean": 0.6000000000000001,
      "test_bal_acc_std": 0.03849001794597498,
      "test_f1_mean": 0.6112083660293427,
      "test_f1_std": 0.04120151605574084,
      "test_kappa_mean": 0.4000000000000001,
      "test_kappa_std": 0.05773502691896263
    },
    {
      "participant": "3229",
      "n_seeds": 3,