{
  "name": "pose_gsr",
  "config": {
    "n_seeds": 3,
    "feature_selection": "none",
    "use_pca": false,
    "pca_variance": 0.95,
    "write_cm": true,
    "tune_hyperparameters": false,
    "tune_n_iter": 30,
    "tune_cv_folds": 5,
    "use_pose_derivatives": false,
    "use_time_features": false,
    "class_config": "all",
    "include_order": false,
    "name": "pose_gsr",
    "feature_groups": [
      "pose",
      "gsr"
    ],
    "split_strategy": "lopo"
  },
  "metrics": {
    "test_acc_mean": 0.3713521906052394,
    "test_acc_std": 0.10554810883453389,
    "test_bal_acc_mean": 0.3686363636363636,
    "test_bal_acc_std": 0.10594861634205067,
    "test_f1_mean": 0.29983425703999966,
    "test_f1_std": 0.11193085521475692,
    "test_kappa_mean": 0.05319521733494161,
    "test_kappa_std": 0.1599813652715463
  },
  "participant_results": [
    {
      "participant": "3208",
      "n_seeds": 3,
      "test_acc_mean": 0.40740740740740744,
      "test_acc_std": 0.05592469952052407,
      "test_bal_acc_mean": 0.4074074074074074,
      "test_bal_acc_std": 0.05592469952052404,
      "test_f1_mean": 0.2859736698113862,
      "test_f1_std": 0.06730266326998444,
      "test_kappa_mean": 0.11111111111111116,
      "test_kappa_std": 0.08388704928078602
    },
    {
      "participant": "3209",
      "n_seeds": 3,
      "test_acc_mean": 0.34074074074074073,
      "test_acc_std": 0.04625924443258074,
      "test_bal_acc_mean": 0.34074074074074073,
      "test_bal_acc_std": 0.046259244432580705,
      "test_f1_mean": 0.2903745284697666,
      "test_f1_std": 0.036280636078679436,
      "test_kappa_mean": 0.011111111111111108,
      "test_kappa_std": 0.06938886664887108
    },
    {
      "participant": "3210",
      "n_seeds": 3,
      "test_acc_mean": 0.22222222222222224,
      "test_acc_std": 0.03849001794597504,
      "test_bal_acc_mean": 0.2222222222222222,
      "test_bal_acc_std": 0.038490017945975064,
      "test_f1_mean": 0.12630579297245967,
      "test_f1_std": 0.018916034460628756,
      "test_kappa_mean": -0.16666666666666666,
      "test_kappa_std": 0.0577350269189625
    },
    {
      "participant": "3214",
      "n_seeds": 3,
      "test_acc_mean": 0.6444444444444444,
      "test_acc_std": 0.03849001794597504,
      "test_bal_acc_mean": 0.6444444444444444,
      "test_bal_acc_std": 0.03849001794597504,
      "test_f1_mean": 0.5336952263422852,
      "test_f1_std": 0.039663045817316216,
      "test_kappa_mean": 0.4666666666666666,
      "test_kappa_std": 0.05773502691896256
    },
    {
      "participant": "3215",
      "n_seeds": 3,
      "test_acc_mean": 0.4222222222222222,
      "test_acc_std": 0.10183501544346309,
      "test_bal_acc_mean": 0.4222222222222222,
      "test_bal_acc_std": 0.10183501544346309,
      "test_f1_mean": 0.4089085044438013,
      "test_f1_std": 0.11004279037576967,
      "test_kappa_mean": 0.1333333333333333,
      "test_kappa_std": 0.15275252316519475
    },
    {
      "participant": "3216",
      "n_seeds": 3,
      "test_acc_mean": 0.21481481481481482,
      "test_acc_std": 0.05132002392796673,
      "test_bal_acc_mean": 0.21481481481481482,
      "test_bal_acc_std": 0.05132002392796674,
      "test_f1_mean": 0.16824639128655292,
      "test_f1_std": 0.06543275800524079,
      "test_kappa_mean": -0.17777777777777773,
      "test_kappa_std": 0.07698003589195009
    },
    {
      "participant": "3217",
      "n_seeds": 3,
      "test_acc_mean": 0.37777777777777777,
      "test_acc_std": 0.05879447357921313,
      "test_bal_acc_mean": 0.37777777777777777,
      "test_bal_acc_std": 0.05879447357921312,
      "test_f1_mean": 0.25748690880269826,
      "test_f1_std": 0.08373909605396793,
      "test_kappa_mean": 0.06666666666666658,
      "test_kappa_std": 0.0881917103688197
    },
    {
      "participant": "3218",
      "n_seeds": 3,
      "test_acc_mean": 0.39999999999999997,
      "test_acc_std": 0.05879447357921313,
      "test_bal_acc_mean": 0.39999999999999997,
      "test_bal_acc_std": 0.05879447357921313,
      "test_f1_mean": 0.31875395845984084,
      "test_f1_std": 0.07554384425300555,
      "test_kappa_mean": 0.10000000000000002,
      "test_kappa_std": 0.0881917103688197
    },
    {
      "participant": "3219",
      "n_seeds": 3,
      "test_acc_mean": 0.44166666666666665,
      "test_acc_std": 0.014433756729740658,
      "test_bal_acc_mean": 0.4000000000000001,
      "test_bal_acc_std": 0.019245008972987556,
      "test_f1_mean": 0.3467680955360868,
      "test_f1_std": 0.02092126972794853,
      "test_kappa_mean": 0.13123372010419135,
      "test_kappa_std": 0.024936937982521407
    },
    {
      "participant": "3220",
      "n_seeds": 3,
      "test_acc_mean": 0.2888888888888889,
      "test_acc_std": 0.022222222222222227,
      "test_bal_acc_mean": 0.2888888888888889,
      "test_bal_acc_std": 0.022222222222222227,
      "test_f1_mean": 0.15280695643672051,
      "test_f1_std": 0.007760471176239645,
      "test_kappa_mean": -0.06666666666666658,
      "test_kappa_std": 0.033333333333333326
    },
    {
      "participant": "3221",
      "n_seeds": 3,
      "test_acc_mean": 0.1851851851851852,
      "test_acc_std": 0.03394500514782103,
      "test_bal_acc_mean": 0.1851851851851852,
      "test_bal_acc_std": 0.03394500514782103,
      "test_f1_mean": 0.1673723486840458,
      "test_f1_std": 0.0274963241011263,
      "test_kappa_mean": -0.22222222222222218,
      "test_kappa_std": 0.05091750772173147
    },
    {
      "participant": "3222",
      "n_seeds": 3,
      "test_acc_mean": 0.4552845528455285,
      "test_acc_std": 0.014081713882673812,
      "test_bal_acc_mean": 0.465993265993266,
      "test_bal_acc_std": 0.03704927866256948,
      "test_f1_mean": 0.4509390461474608,
      "test_f1_std": 0.019697862486797047,
      "test_kappa_mean": 0.19185616354834645,
      "test_kappa_std": 0.04128969377592341
    },
    {
      "participant": "3223",
      "n_seeds": 3,
      "test_acc_mean": 0.3333333333333333,
      "test_acc_std": 0.09686442096757054,
      "test_bal_acc_mean": 0.3333333333333333,
      "test_bal_acc_std": 0.09686442096757054,
      "test_f1_mean": 0.3016113516113516,
      "test_f1_std": 0.07879013619827306,
      "test_kappa_mean": 3.700743415417188e-17,
      "test_kappa_std": 0.14529663145135568
    },
    {
      "participant": "3224",
      "n_seeds": 3,
      "test_acc_mean": 0.4296296296296296,
      "test_acc_std": 0.033945005147821034,
      "test_bal_acc_mean": 0.4296296296296296,
      "test_bal_acc_std": 0.03394500514782103,
      "test_f1_mean": 0.3247605896239375,
      "test_f1_std": 0.036816406452555905,
      "test_kappa_mean": 0.1444444444444444,
      "test_kappa_std": 0.05091750772173154
    },
    {
      "participant": "3225",
      "n_seeds": 3,
      "test_acc_mean": 0.22962962962962963,
      "test_acc_std": 0.04625924443258072,
      "test_bal_acc_mean": 0.22962962962962963,
      "test_bal_acc_std": 0.046259244432580726,
      "test_f1_mean": 0.21494949494949497,
      "test_f1_std": 0.056530652950301664,
      "test_kappa_mean": -0.15555555555555559,
      "test_kappa_std": 0.06938886664887109
    },
    {
      "participant": "3226",
      "n_seeds": 3,
      "test_acc_mean": 0.48148148148148145,
      "test_acc_std": 0.01283000598199167,
      "test_bal_acc_mean": 0.48148148148148145,
      "test_bal_acc_std": 0.012830005981991733,
      "test_f1_mean": 0.4043599207118824,
      "test_f1_std": 0.016060171011561528,
      "test_kappa_mean": 0.22222222222222218,
      "test_kappa_std": 0.01924500897298752
    },
    {
      "participant": "3227",
      "n_seeds": 3,
      "test_acc_mean": 0.2740740740740741,
      "test_acc_std": 0.03394500514782105,
      "test_bal_acc_mean": 0.2740740740740741,
      "test_bal_acc_std": 0.03394500514782105,
      "test_f1_mean": 0.16524862556608588,
      "test_f1_std": 0.0234686229615515,
      "test_kappa_mean": -0.08888888888888886,