{
  "name": "pose_perf_ecg",
  "config": {
    "n_seeds": 3,
    "feature_selection": "none",
    "use_pca": false,
    "pca_variance": 0.95,
    "write_cm": true,
    "tune_hyperparameters": false,
    "tune_n_iter": 30,
    "tune_cv_folds": 5,
    "use_pose_derivatives": false,
    "use_time_features": false,
    "class_config": "all",
    "include_order": false,
    "name": "pose_perf_ecg",
    "feature_groups": [
      "pose",
      "performance",
      "ecg"
    ],
    "split_strategy": "lopo"
  },
  "metrics": {
    "test_acc_mean": 0.6160985118623116,
    "test_acc_std": 0.1521176803609699,
    "test_bal_acc_mean": 0.6152046783625731,
    "test_bal_acc_std": 0.15362206902319783,
    "test_f1_mean": 0.5777367517630746,
    "test_f1_std": 0.17215148327423002,
    "test_kappa_mean": 0.4325461088618983,
    "test_kappa_std": 0.2022738169111722
  },
  "participant_results": [
    {
      "participant": "3208",
      "n_seeds": 3,
      "test_acc_mean": 0.5259259259259258,
      "test_acc_std": 0.012830005981991702,
      "test_bal_acc_mean": 0.5259259259259258,
      "test_bal_acc_std": 0.012830005981991702,
      "test_f1_mean": 0.44179121126037196,
      "test_f1_std": 0.015034382759326299,
      "test_kappa_mean": 0.2888888888888889,
      "test_kappa_std": 0.01924500897298752
    },
    {
      "participant": "3209",
      "n_seeds": 3,
      "test_acc_mean": 0.5037037037037037,
      "test_acc_std": 0.0714344500814293,
      "test_bal_acc_mean": 0.5037037037037037,
      "test_bal_acc_std": 0.0714344500814293,
      "test_f1_mean": 0.4591206210653534,
      "test_f1_std": 0.08775924387152352,
      "test_kappa_mean": 0.2555555555555556,
      "test_kappa_std": 0.10715167512214399
    },
    {
      "participant": "3210",
      "n_seeds": 3,
      "test_acc_mean": 0.6518518518518519,
      "test_acc_std": 0.01283000598199164,
      "test_bal_acc_mean": 0.6518518518518519,
      "test_bal_acc_std": 0.01283000598199164,
      "test_f1_mean": 0.583761342674542,
      "test_f1_std": 0.02273920571240767,
      "test_kappa_mean": 0.4777777777777777,
      "test_kappa_std": 0.019245008972987556
    },
    {
      "participant": "3214",
      "n_seeds": 3,
      "test_acc_mean": 0.7703703703703705,
      "test_acc_std": 0.03394500514782109,
      "test_bal_acc_mean": 0.7703703703703703,
      "test_bal_acc_std": 0.03394500514782104,
      "test_f1_mean": 0.7664347802944295,
      "test_f1_std": 0.03590915203212128,
      "test_kappa_mean": 0.6555555555555556,
      "test_kappa_std": 0.05091750772173156
    },
    {
      "participant": "3215",
      "n_seeds": 3,
      "test_acc_mean": 0.5481481481481482,
      "test_acc_std": 0.02566001196398334,
      "test_bal_acc_mean": 0.5481481481481482,
      "test_bal_acc_std": 0.02566001196398334,
      "test_f1_mean": 0.4910419830336789,
      "test_f1_std": 0.05273940106610433,
      "test_kappa_mean": 0.32222222222222224,
      "test_kappa_std": 0.03849001794597508
    },
    {
      "participant": "3216",
      "n_seeds": 3,
      "test_acc_mean": 0.5037037037037037,
      "test_acc_std": 0.03394500514782103,
      "test_bal_acc_mean": 0.5037037037037037,
      "test_bal_acc_std": 0.033945005147821054,
      "test_f1_mean": 0.4369085551786754,
      "test_f1_std": 0.01807847430061912,
      "test_kappa_mean": 0.25555555555555554,
      "test_kappa_std": 0.05091750772173156
    },
    {
      "participant": "3217",
      "n_seeds": 3,
      "test_acc_mean": 0.6962962962962962,
      "test_acc_std": 0.051320023927966744,
      "test_bal_acc_mean": 0.6962962962962962,
      "test_bal_acc_std": 0.051320023927966744,
      "test_f1_mean": 0.6303584498118088,
      "test_f1_std": 0.09788755417328926,
      "test_kappa_mean": 0.5444444444444444,
      "test_kappa_std": 0.07698003589195011
    },
    {
      "participant": "3218",
      "n_seeds": 3,
      "test_acc_mean": 0.8666666666666667,
      "test_acc_std": 0.0,
      "test_bal_acc_mean": 0.8666666666666667,
      "test_bal_acc_std": 0.0,
      "test_f1_mean": 0.8611111111111112,
      "test_f1_std": 0.0,
      "test_kappa_mean": 0.8000000000000002,
      "test_kappa_std": 1.3597399555105182e-16
    },
    {
      "participant": "3219",
      "n_seeds": 3,
      "test_acc_mean": 0.762962962962963,
      "test_acc_std": 0.012830005981991702,
      "test_bal_acc_mean": 0.762962962962963,
      "test_bal_acc_std": 0.012830005981991702,
      "test_f1_mean": 0.7301633002998402,
      "test_f1_std": 0.00899783063689733,
      "test_kappa_mean": 0.6444444444444445,
      "test_kappa_std": 0.019245008972987587
    },
    {
      "participant": "3220",
      "n_seeds": 3,
      "test_acc_mean": 0.6444444444444445,
      "test_acc_std": 0.0,
      "test_bal_acc_mean": 0.6444444444444445,
      "test_bal_acc_std": 0.0,
      "test_f1_mean": 0.5454545454545455,
      "test_f1_std": 0.0,
      "test_kappa_mean": 0.4666666666666666,
      "test_kappa_std": 6.798699777552591e-17
    },
    {
      "participant": "3221",
      "n_seeds": 3,
      "test_acc_mean": 0.6148148148148148,
      "test_acc_std": 0.03394500514782109,
      "test_bal_acc_mean": 0.6148148148148148,
      "test_bal_acc_std": 0.03394500514782103,
      "test_f1_mean": 0.6136591478696741,
      "test_f1_std": 0.019849173019405864,
      "test_kappa_mean": 0.4222222222222222,
      "test_kappa_std": 0.05091750772173154
    },
    {
      "participant": "3223",
      "n_seeds": 3,
      "test_acc_mean": 0.48888888888888893,
      "test_acc_std": 0.05879447357921311,
      "test_bal_acc_mean": 0.48888888888888893,
      "test_bal_acc_std": 0.05879447357921311,
      "test_f1_mean": 0.42472948697204993,
      "test_f1_std": 0.10136494427543849,
      "test_kappa_mean": 0.23333333333333336,
      "test_kappa_std": 0.08819171036881973
    },
    {
      "participant": "3224",
      "n_seeds": 3,
      "test_acc_mean": 0.5777777777777777,
      "test_acc_std": 0.022222222222222202,
      "test_bal_acc_mean": 0.5777777777777778,
      "test_bal_acc_std": 0.022222222222222254,
      "test_f1_mean": 0.505383323485057,
      "test_f1_std": 0.014736595941728806,
      "test_kappa_mean": 0.3666666666666667,
      "test_kappa_std": 0.03333333333333338
    },
    {
      "participant": "3225",
      "n_seeds": 3,
      "test_acc_mean": 0.5703703703703704,
      "test_acc_std": 0.06415002990995845,
      "test_bal_acc_mean": 0.5703703703703704,
      "test_bal_acc_std": 0.06415002990995845,
      "test_f1_mean": 0.5551250869799257,
      "test_f1_std": 0.06561892572875642,
      "test_kappa_mean": 0.3555555555555556,
      "test_kappa_std": 0.0962250448649376
    },
    {
      "participant": "3226",
      "n_seeds": 3,
      "test_acc_mean": 0.5481481481481482,
      "test_acc_std": 0.03394500514782104,
      "test_bal_acc_mean": 0.5481481481481482,
      "test_bal_acc_std": 0.033945005147821075,
      "test_f1_mean": 0.4616145677892116,
      "test_f1_std": 0.03014163873144881,
      "test_kappa_mean": 0.32222222222222224,
      "test_kappa_std": 0.05091750772173154
    },
    {
      "participant": "3227",
      "n_seeds": 3,
      "test_acc_mean": 0.3333333333333333,
      "test_acc_std": 0.022222222222222227,
      "test_bal_acc_mean": 0.3333333333333333,
      "test_bal_acc_std": 0.022222222222222227,
      "test_f1_mean": 0.22253086419753085,
      "test_f1_std": 0.04690299843336813,
      "test_kappa_mean": 3.700743415417188e-17,
      "test_kappa_std": 0.03333333333333327
    },
    {
      "participant": "3228",
      "n_seeds": 3,
      "test_acc_mean": 0.6592592592592593,
      "test_acc_std": 0.04625924443258073,
      "test_bal_acc_mean": 0.6592592592592593,
      "test_bal_acc_std": 0.04625924443258073,
      "test_f1_mean": 0.6650756425604296,
      "test_f1_std": 0.04836769102021419,
      "test_kappa_mean": 0.48888888888888893,
      "test_kappa_std": 0.06938886664887108
    },
    {
      "participant": "3229",
      "n_seeds": 3,
      "test_acc_mean": 0.7555555555555555,