{
  "name": "pose_perf_gsr_ecg",
  "config": {
    "n_seeds": 3,
    "feature_selection": "none",
    "use_pca": false,
    "pca_variance": 0.95,
    "write_cm": true,
    "tune_hyperparameters": false,
    "tune_n_iter": 30,
    "tune_cv_folds": 5,
    "use_pose_derivatives": false,
    "use_time_features": false,
    "class_config": "all",
    "include_order": false,
    "name": "pose_perf_gsr_ecg",
    "feature_groups": [
      "pose",
      "performance",
      "gsr",
      "ecg"
    ],
    "split_strategy": "lopo"
  },
  "metrics": {
    "test_acc_mean": 0.6115039461798126,
    "test_acc_std": 0.16113574167664854,
    "test_bal_acc_mean": 0.6126705653021441,
    "test_bal_acc_std": 0.16366132910580855,
    "test_f1_mean": 0.5717709010036001,
    "test_f1_std": 0.18293440707786826,
    "test_kappa_mean": 0.4262871361032989,
    "test_kappa_std": 0.2109728999075053
  },
  "participant_results": [
    {
      "participant": "3208",
      "n_seeds": 3,
      "test_acc_mean": 0.5259259259259259,
      "test_acc_std": 0.025660011963983403,
      "test_bal_acc_mean": 0.5259259259259258,
      "test_bal_acc_std": 0.02566001196398334,
      "test_f1_mean": 0.44668338907469346,
      "test_f1_std": 0.038956661140136094,
      "test_kappa_mean": 0.2888888888888889,
      "test_kappa_std": 0.03849001794597498
    },
    {
      "participant": "3209",
      "n_seeds": 3,
      "test_acc_mean": 0.4888888888888889,
      "test_acc_std": 0.0222222222222222,
      "test_bal_acc_mean": 0.48888888888888893,
      "test_bal_acc_std": 0.022222222222222282,
      "test_f1_mean": 0.4299717167364226,
      "test_f1_std": 0.014064590075287063,
      "test_kappa_mean": 0.2333333333333333,
      "test_kappa_std": 0.03333333333333338
    },
    {
      "participant": "3210",
      "n_seeds": 3,
      "test_acc_mean": 0.5777777777777778,
      "test_acc_std": 0.022222222222222202,
      "test_bal_acc_mean": 0.5777777777777778,
      "test_bal_acc_std": 0.022222222222222202,
      "test_f1_mean": 0.49539491010079245,
      "test_f1_std": 0.03820199658324982,
      "test_kappa_mean": 0.3666666666666667,
      "test_kappa_std": 0.033333333333333326
    },
    {
      "participant": "3214",
      "n_seeds": 3,
      "test_acc_mean": 0.7407407407407408,
      "test_acc_std": 0.02566001196398334,
      "test_bal_acc_mean": 0.7407407407407408,
      "test_bal_acc_std": 0.02566001196398334,
      "test_f1_mean": 0.7327521528652671,
      "test_f1_std": 0.028479581690930983,
      "test_kappa_mean": 0.611111111111111,
      "test_kappa_std": 0.03849001794597504
    },
    {
      "participant": "3215",
      "n_seeds": 3,
      "test_acc_mean": 0.5777777777777777,
      "test_acc_std": 0.022222222222222202,
      "test_bal_acc_mean": 0.5777777777777777,
      "test_bal_acc_std": 0.022222222222222254,
      "test_f1_mean": 0.5510207448738608,
      "test_f1_std": 0.03904255143541857,
      "test_kappa_mean": 0.3666666666666667,
      "test_kappa_std": 0.033333333333333326
    },
    {
      "participant": "3216",
      "n_seeds": 3,
      "test_acc_mean": 0.5185185185185185,
      "test_acc_std": 0.012830005981991702,
      "test_bal_acc_mean": 0.5185185185185185,
      "test_bal_acc_std": 0.012830005981991702,
      "test_f1_mean": 0.43661551577152596,
      "test_f1_std": 0.011755976721296026,
      "test_kappa_mean": 0.2777777777777778,
      "test_kappa_std": 0.01924500897298746
    },
    {
      "participant": "3217",
      "n_seeds": 3,
      "test_acc_mean": 0.7185185185185184,
      "test_acc_std": 0.04625924443258073,
      "test_bal_acc_mean": 0.7185185185185184,
      "test_bal_acc_std": 0.04625924443258075,
      "test_f1_mean": 0.6643273424682592,
      "test_f1_std": 0.07327172074855141,
      "test_kappa_mean": 0.5777777777777778,
      "test_kappa_std": 0.06938886664887116
    },
    {
      "participant": "3218",
      "n_seeds": 3,
      "test_acc_mean": 0.8888888888888888,
      "test_acc_std": 0.022222222222222202,
      "test_bal_acc_mean": 0.8888888888888888,
      "test_bal_acc_std": 0.022222222222222202,
      "test_f1_mean": 0.8854425530896118,
      "test_f1_std": 0.02419672004180619,
      "test_kappa_mean": 0.8333333333333334,
      "test_kappa_std": 0.033333333333333326
    },
    {
      "participant": "3219",
      "n_seeds": 3,
      "test_acc_mean": 0.775,
      "test_acc_std": 0.025000000000000022,
      "test_bal_acc_mean": 0.7999999999999999,
      "test_bal_acc_std": 0.022222222222222254,
      "test_f1_mean": 0.74348307228742,
      "test_f1_std": 0.03425892933243991,
      "test_kappa_mean": 0.6624983546136632,
      "test_kappa_std": 0.03756975557312034
    },
    {
      "participant": "3220",
      "n_seeds": 3,
      "test_acc_mean": 0.6074074074074074,
      "test_acc_std": 0.025660011963983403,
      "test_bal_acc_mean": 0.6074074074074075,
      "test_bal_acc_std": 0.02566001196398334,
      "test_f1_mean": 0.5232334289805554,
      "test_f1_std": 0.014687536974396943,
      "test_kappa_mean": 0.41111111111111115,
      "test_kappa_std": 0.03849001794597504
    },
    {
      "participant": "3221",
      "n_seeds": 3,
      "test_acc_mean": 0.7259259259259259,
      "test_acc_std": 0.01283000598199164,
      "test_bal_acc_mean": 0.725925925925926,
      "test_bal_acc_std": 0.012830005981991669,
      "test_f1_mean": 0.7228938340049451,
      "test_f1_std": 0.013678484232742245,
      "test_kappa_mean": 0.5888888888888889,
      "test_kappa_std": 0.01924500897298752
    },
    {
      "participant": "3223",
      "n_seeds": 3,
      "test_acc_mean": 0.5111111111111111,
      "test_acc_std": 0.03849001794597504,
      "test_bal_acc_mean": 0.5111111111111111,
      "test_bal_acc_std": 0.03849001794597508,
      "test_f1_mean": 0.46702626081678594,
      "test_f1_std": 0.05391016918376656,
      "test_kappa_mean": 0.26666666666666666,
      "test_kappa_std": 0.05773502691896263
    },
    {
      "participant": "3224",
      "n_seeds": 3,
      "test_acc_mean": 0.5703703703703703,
      "test_acc_std": 0.02566001196398334,
      "test_bal_acc_mean": 0.5703703703703703,
      "test_bal_acc_std": 0.025660011963983403,
      "test_f1_mean": 0.48961980431959723,
      "test_f1_std": 0.050451029142436925,
      "test_kappa_mean": 0.3555555555555556,
      "test_kappa_std": 0.03849001794597504
    },
    {
      "participant": "3225",
      "n_seeds": 3,
      "test_acc_mean": 0.5703703703703703,
      "test_acc_std": 0.01283000598199164,
      "test_bal_acc_mean": 0.5703703703703704,
      "test_bal_acc_std": 0.012830005981991766,
      "test_f1_mean": 0.5588370103357517,
      "test_f1_std": 0.002851472701249475,
      "test_kappa_mean": 0.3555555555555556,
      "test_kappa_std": 0.01924500897298752
    },
    {
      "participant": "3226",
      "n_seeds": 3,
      "test_acc_mean": 0.5259259259259258,
      "test_acc_std": 0.012830005981991702,
      "test_bal_acc_mean": 0.5259259259259258,
      "test_bal_acc_std": 0.012830005981991702,
      "test_f1_mean": 0.43878287100793495,
      "test_f1_std": 0.012636281221197304,
      "test_kappa_mean": 0.2888888888888889,
      "test_kappa_std": 0.01924500897298752
    },
    {
      "participant": "3227",
      "n_seeds": 3,
      "test_acc_mean": 0.3481481481481481,
      "test_acc_std": 0.025660011963983372,
      "test_bal_acc_mean": 0.3481481481481481,
      "test_bal_acc_std": 0.025660011963983372,
      "test_f1_mean": 0.2396553629503331,
      "test_f1_std": 0.04521986491343827,
      "test_kappa_mean": 0.022222222222222216,
      "test_kappa_std": 0.03849001794597505
    },
    {
      "participant": "3228",
      "n_seeds": 3,
      "test_acc_mean": 0.6296296296296297,
      "test_acc_std": 0.03207501495497916,
      "test_bal_acc_mean": 0.6814814814814816,
      "test_bal_acc_std": 0.023129622216290405,
      "test_f1_mean": 0.6244146804803895,
      "test_f1_std": 0.03837971218806265,
      "test_kappa_mean": 0.4030794839783604,