{
  "name": "pose_perf_eye",
  "config": {
    "n_seeds": 3,
    "feature_selection": "none",
    "use_pca": false,
    "pca_variance": 0.95,
    "write_cm": true,
    "tune_hyperparameters": false,
    "tune_n_iter": 30,
    "tune_cv_folds": 5,
    "use_pose_derivatives": false,
    "use_time_features": false,
    "class_config": "all",
    "include_order": false,
    "name": "pose_perf_eye",
    "feature_groups": [
      "pose",
      "performance",
      "eye_tracking"
    ],
    "split_strategy": "lopo"
  },
  "metrics": {
    "test_acc_mean": 0.6565157580815353,
    "test_acc_std": 0.10190371598363604,
    "test_bal_acc_mean": 0.6544883626278977,
    "test_bal_acc_std": 0.10107907381524675,
    "test_f1_mean": 0.6240227440507965,
    "test_f1_std": 0.1292937451446669,
    "test_kappa_mean": 0.4776444040310195,
    "test_kappa_std": 0.16336203918492662
  },
  "participant_results": [
    {
      "participant": "3105",
      "n_seeds": 3,
      "test_acc_mean": 0.637037037037037,
      "test_acc_std": 0.03394500514782104,
      "test_bal_acc_mean": 0.637037037037037,
      "test_bal_acc_std": 0.03394500514782103,
      "test_f1_mean": 0.6483874181786509,
      "test_f1_std": 0.034659704085070075,
      "test_kappa_mean": 0.45555555555555555,
      "test_kappa_std": 0.05091750772173154
    },
    {
      "participant": "3206",
      "n_seeds": 3,
      "test_acc_mean": 0.4552845528455285,
      "test_acc_std": 0.014081713882673812,
      "test_bal_acc_mean": 0.46868686868686865,
      "test_bal_acc_std": 0.01124800881379801,
      "test_f1_mean": 0.3990554758488762,
      "test_f1_std": 0.03665497118985953,
      "test_kappa_mean": 0.20839704800170225,
      "test_kappa_std": 0.017470285948391562
    },
    {
      "participant": "3207",
      "n_seeds": 3,
      "test_acc_mean": 0.6511627906976745,
      "test_acc_std": 0.023255813953488358,
      "test_bal_acc_mean": 0.6486772486772486,
      "test_bal_acc_std": 0.022297679900217412,
      "test_f1_mean": 0.5988096760207211,
      "test_f1_std": 0.02619603649994549,
      "test_kappa_mean": 0.47605376941557415,
      "test_kappa_std": 0.03454055279326794
    },
    {
      "participant": "3208",
      "n_seeds": 3,
      "test_acc_mean": 0.5555555555555555,
      "test_acc_std": 0.04444444444444445,
      "test_bal_acc_mean": 0.5555555555555555,
      "test_bal_acc_std": 0.04444444444444445,
      "test_f1_mean": 0.5041345625386372,
      "test_f1_std": 0.04744624185262552,
      "test_kappa_mean": 0.3333333333333333,
      "test_kappa_std": 0.06666666666666665
    },
    {
      "participant": "3209",
      "n_seeds": 3,
      "test_acc_mean": 0.5530303030303031,
      "test_acc_std": 0.06943296507508849,
      "test_bal_acc_mean": 0.562962962962963,
      "test_bal_acc_std": 0.0678900102956421,
      "test_f1_mean": 0.5025001266311427,
      "test_f1_std": 0.0788289330198928,
      "test_kappa_mean": 0.3385482266734914,
      "test_kappa_std": 0.10150823578836195
    },
    {
      "participant": "3210",
      "n_seeds": 3,
      "test_acc_mean": 0.5,
      "test_acc_std": 0.0,
      "test_bal_acc_mean": 0.5,
      "test_bal_acc_std": 0.0,
      "test_f1_mean": 0.34922394678492236,
      "test_f1_std": 0.014401752834552759,
      "test_kappa_mean": 0.06072106261859581,
      "test_kappa_std": 0.04929935884920906
    },
    {
      "participant": "3214",
      "n_seeds": 3,
      "test_acc_mean": 0.7333333333333334,
      "test_acc_std": 0.022222222222222202,
      "test_bal_acc_mean": 0.7333333333333334,
      "test_bal_acc_std": 0.022222222222222202,
      "test_f1_mean": 0.7259230697827189,
      "test_f1_std": 0.02390411825781651,
      "test_kappa_mean": 0.6,
      "test_kappa_std": 0.033333333333333326
    },
    {
      "participant": "3215",
      "n_seeds": 3,
      "test_acc_mean": 0.6666666666666666,
      "test_acc_std": 0.04444444444444445,
      "test_bal_acc_mean": 0.6666666666666666,
      "test_bal_acc_std": 0.04444444444444451,
      "test_f1_mean": 0.6586420465347669,
      "test_f1_std": 0.05080390273989795,
      "test_kappa_mean": 0.5,
      "test_kappa_std": 0.06666666666666665
    },
    {
      "participant": "3216",
      "n_seeds": 3,
      "test_acc_mean": 0.5193798449612403,
      "test_acc_std": 0.0355238425965569,
      "test_bal_acc_mean": 0.5168091168091168,
      "test_bal_acc_std": 0.03181202245517458,
      "test_f1_mean": 0.4612612476422659,
      "test_f1_std": 0.05297380655155958,
      "test_kappa_mean": 0.2692260950834736,
      "test_kappa_std": 0.05328681932811318
    },
    {
      "participant": "3217",
      "n_seeds": 3,
      "test_acc_mean": 0.7185185185185184,
      "test_acc_std": 0.04625924443258073,
      "test_bal_acc_mean": 0.7185185185185184,
      "test_bal_acc_std": 0.04625924443258075,
      "test_f1_mean": 0.7051351125013442,
      "test_f1_std": 0.057007275026760236,
      "test_kappa_mean": 0.5777777777777778,
      "test_kappa_std": 0.06938886664887108
    },
    {
      "participant": "3218",
      "n_seeds": 3,
      "test_acc_mean": 0.8666666666666667,
      "test_acc_std": 0.0,
      "test_bal_acc_mean": 0.8666666666666667,
      "test_bal_acc_std": 0.0,
      "test_f1_mean": 0.8611111111111112,
      "test_f1_std": 0.0,
      "test_kappa_mean": 0.8000000000000002,
      "test_kappa_std": 1.3597399555105182e-16
    },
    {
      "participant": "3219",
      "n_seeds": 3,
      "test_acc_mean": 0.7674418604651163,
      "test_acc_std": 0.023255813953488358,
      "test_bal_acc_mean": 0.7619047619047619,
      "test_bal_acc_std": 0.02380952380952378,
      "test_f1_mean": 0.730958207633878,
      "test_f1_std": 0.027809348268639175,
      "test_kappa_mean": 0.6498274815165143,
      "test_kappa_std": 0.03514531046115255
    },
    {
      "participant": "3220",
      "n_seeds": 3,
      "test_acc_mean": 0.688888888888889,
      "test_acc_std": 0.022222222222222254,
      "test_bal_acc_mean": 0.688888888888889,
      "test_bal_acc_std": 0.022222222222222254,
      "test_f1_mean": 0.6193715926990988,
      "test_f1_std": 0.04107952981001386,
      "test_kappa_mean": 0.5333333333333333,
      "test_kappa_std": 0.033333333333333326
    },
    {
      "participant": "3221",
      "n_seeds": 3,
      "test_acc_mean": 0.7111111111111111,
      "test_acc_std": 0.04444444444444445,
      "test_bal_acc_mean": 0.7111111111111111,
      "test_bal_acc_std": 0.04444444444444445,
      "test_f1_mean": 0.7150757740842403,
      "test_f1_std": 0.041705238460652085,
      "test_kappa_mean": 0.5666666666666667,
      "test_kappa_std": 0.06666666666666665
    },
    {
      "participant": "3222",
      "n_seeds": 3,
      "test_acc_mean": 0.7703703703703703,
      "test_acc_std": 0.04625924443258073,
      "test_bal_acc_mean": 0.7703703703703705,
      "test_bal_acc_std": 0.04625924443258075,
      "test_f1_mean": 0.7748499478384536,
      "test_f1_std": 0.04510955258629284,
      "test_kappa_mean": 0.6555555555555556,
      "test_kappa_std": 0.06938886664887113
    },
    {
      "participant": "3223",
      "n_seeds": 3,
      "test_acc_mean": 0.5481481481481482,
      "test_acc_std": 0.012830005981991702,
      "test_bal_acc_mean": 0.5481481481481482,
      "test_bal_acc_std": 0.012830005981991669,
      "test_f1_mean": 0.4561606014988871,
      "test_f1_std": 0.02775769630577773,
      "test_kappa_mean": 0.32222222222222224,
      "test_kappa_std": 0.01924500897298749
    },
    {
      "participant": "3224",
      "n_seeds": 3,
      "test_acc_mean": 0.5777777777777778,
      "test_acc_std": 0.01924500897298752,
      "test_bal_acc_mean": 0.5925925925925927,
      "test_bal_acc_std": 0.016037507477489613,
      "test_f1_mean": 0.4511659072634682,
      "test_f1_std": 0.03959042605902905,
      "test_kappa_mean": 0.2699299628764974,
      "test_kappa_std": 0.03785762889045673
    },
    {
      "participant": "3225",
      "n_seeds": 3,
      "test_acc_mean": 0.5481481481481482,
      "test_acc_std": 0.07143445008142928,