{
  "name": "all_modalities",
  "config": {
    "n_seeds": 3,
    "feature_selection": "none",
    "use_pca": false,
    "pca_variance": 0.95,
    "write_cm": true,
    "tune_hyperparameters": false,
    "tune_n_iter": 30,
    "tune_cv_folds": 5,
    "use_pose_derivatives": false,
    "use_time_features": false,
    "class_config": "all",
    "include_order": false,
    "name": "all_modalities",
    "feature_groups": [
      "pose",
      "performance",
      "eye_tracking",
      "gsr",
      "ecg"
    ],
    "split_strategy": "participant"
  },
  "metrics": {
    "test_acc_mean": 0.6287186221035068,
    "test_acc_std": 0.03749033343526826,
    "test_bal_acc_mean": 0.6362354886426907,
    "test_bal_acc_std": 0.03382569345596253,
    "test_f1_mean": 0.6148236778575423,
    "test_f1_std": 0.05243290209379203,
    "test_kappa_mean": 0.4463566778566645,
    "test_kappa_std": 0.05392105215270611,
    "test_precision_L_mean": 0.5922705314009661,
    "test_precision_L_std": 0.045423474388083106,
    "test_recall_L_mean": 0.8133371062063762,
    "test_recall_L_std": 0.022184084439287315,
    "test_f1_L_mean": 0.6844426473781552,
    "test_f1_L_std": 0.027952700230866965,
    "test_precision_M_mean": 0.6004831622809151,
    "test_precision_M_std": 0.05824433250022584,
    "test_recall_M_mean": 0.4190781440781441,
    "test_recall_M_std": 0.16110529575072108,
    "test_f1_M_mean": 0.4832513181496112,
    "test_f1_M_std": 0.1313095091022913,
    "test_precision_H_mean": 0.7016385275005965,
    "test_precision_H_std": 0.05101442339462763,
    "test_recall_H_mean": 0.6762912156435519,
    "test_recall_H_std": 0.050420233332842936,
    "test_f1_H_mean": 0.6866438356164384,
    "test_f1_H_std": 0.020886043908141576
  },
  "confusion_matrix": [
    [
      81.33371062063762,
      13.9935861158272,
      4.672703263535182
    ],
    [
      33.52869352869353,
      41.907814407814406,
      24.563492063492063
    ],
    [
      16.962490081104054,
      15.408388354540767,
      67.62912156435517
    ]
  ],
  "selected_features": [],
  "tuned_rf_params": {},
  "n_features": 411,
  "n_seeds": 3,
  "timestamp": "2025-10-17T09:54:59.839351"
}