{
  "name": "ecg",
  "config": {
    "n_seeds": 3,
    "feature_selection": "none",
    "use_pca": false,
    "pca_variance": 0.95,
    "write_cm": true,
    "tune_hyperparameters": false,
    "tune_n_iter": 30,
    "tune_cv_folds": 5,
    "use_pose_derivatives": false,
    "use_time_features": false,
    "class_config": "all",
    "include_order": false,
    "name": "ecg",
    "feature_groups": [
      "ecg"
    ],
    "split_strategy": "participant"
  },
  "metrics": {
    "test_acc_mean": 0.3555555555555556,
    "test_acc_std": 0.0176754424216826,
    "test_bal_acc_mean": 0.35555555555555557,
    "test_bal_acc_std": 0.01767544242168263,
    "test_f1_mean": 0.340961316763358,
    "test_f1_std": 0.02450498213476057,
    "test_kappa_mean": 0.033333333333333326,
    "test_kappa_std": 0.02651316363252393,
    "test_precision_L_mean": 0.37554503483948193,
    "test_precision_L_std": 0.0004724976999318987,
    "test_recall_L_mean": 0.5650793650793652,
    "test_recall_L_std": 0.03344651985032615,
    "test_f1_L_mean": 0.4509550076058461,
    "test_f1_L_std": 0.01030875402848083,
    "test_precision_M_mean": 0.3291138736154275,
    "test_precision_M_std": 0.06588327344382658,
    "test_recall_M_mean": 0.273015873015873,
    "test_recall_M_std": 0.04793545673187778,
    "test_f1_M_mean": 0.29814139892366076,
    "test_f1_M_std": 0.054797282749481334,
    "test_precision_H_mean": 0.3474910833401399,
    "test_precision_H_std": 0.012872551364558102,
    "test_recall_H_mean": 0.22857142857142856,
    "test_recall_H_std": 0.041513323271815936,
    "test_f1_H_mean": 0.2737875437605672,
    "test_f1_H_std": 0.029497574286909176
  },
  "confusion_matrix": [
    [
      56.507936507936506,
      24.761904761904763,
      18.73015873015873
    ],
    [
      48.25396825396825,
      27.301587301587304,
      24.444444444444443
    ],
    [
      45.714285714285715,
      31.428571428571427,
      22.857142857142858
    ]
  ],
  "selected_features": [],
  "tuned_rf_params": {},
  "n_features": 81,
  "n_seeds": 3,
  "timestamp": "2025-10-17T09:54:30.779685"
}