{
  "name": "eye_ecg",
  "config": {
    "n_seeds": 3,
    "feature_selection": "none",
    "use_pca": false,
    "pca_variance": 0.95,
    "write_cm": true,
    "tune_hyperparameters": false,
    "tune_n_iter": 30,
    "tune_cv_folds": 5,
    "use_pose_derivatives": false,
    "use_time_features": false,
    "class_config": "all",
    "include_order": false,
    "name": "eye_ecg",
    "feature_groups": [
      "eye_tracking",
      "ecg"
    ],
    "split_strategy": "participant"
  },
  "metrics": {
    "test_acc_mean": 0.40634790549720945,
    "test_acc_std": 0.048628183031875,
    "test_bal_acc_mean": 0.4111638928477847,
    "test_bal_acc_std": 0.052309146522215695,
    "test_f1_mean": 0.39085647215661407,
    "test_f1_std": 0.04733182324618903,
    "test_kappa_mean": 0.11363141098325096,
    "test_kappa_std": 0.07345369138146812,
    "test_precision_L_mean": 0.39490968801313625,
    "test_precision_L_std": 0.08351218804766618,
    "test_recall_L_mean": 0.5647872438195018,
    "test_recall_L_std": 0.1642687445576079,
    "test_f1_L_mean": 0.4641806253386684,
    "test_f1_L_std": 0.11310289655199268,
    "test_precision_M_mean": 0.3787731256085687,
    "test_precision_M_std": 0.03977041503098213,
    "test_recall_M_mean": 0.2202686202686203,
    "test_recall_M_std": 0.052108185177721464,
    "test_f1_M_mean": 0.2760126347082869,
    "test_f1_M_std": 0.04254670258364357,
    "test_precision_H_mean": 0.4392198274430013,
    "test_precision_H_std": 0.04829341792895428,
    "test_recall_H_mean": 0.4484358144552319,
    "test_recall_H_std": 0.06269998603923377,
    "test_f1_H_mean": 0.43914172992004996,
    "test_f1_H_std": 0.00920730855833713
  },
  "confusion_matrix": [
    [
      56.478724381950194,
      17.705174156787063,
      25.81610146126275
    ],
    [
      43.46153846153846,
      22.026862026862023,
      34.51159951159951
    ],
    [
      34.50463680617878,
      20.651781748298024,
      44.84358144552319
    ]
  ],
  "selected_features": [],
  "tuned_rf_params": {},
  "n_features": 97,
  "n_seeds": 3,
  "timestamp": "2025-10-17T09:54:40.057519"
}