{
  "name": "eye",
  "config": {
    "n_seeds": 3,
    "feature_selection": "none",
    "use_pca": false,
    "pca_variance": 0.95,
    "write_cm": true,
    "tune_hyperparameters": false,
    "tune_n_iter": 30,
    "tune_cv_folds": 5,
    "use_pose_derivatives": false,
    "use_time_features": false,
    "class_config": "all",
    "include_order": false,
    "name": "eye",
    "feature_groups": [
      "eye_tracking"
    ],
    "split_strategy": "participant"
  },
  "metrics": {
    "test_acc_mean": 0.4117696540401623,
    "test_acc_std": 0.012469740010090793,
    "test_bal_acc_mean": 0.41257481099255583,
    "test_bal_acc_std": 0.0116588863795782,
    "test_f1_mean": 0.4063952433045799,
    "test_f1_std": 0.01959979851319367,
    "test_kappa_mean": 0.11917612720357777,
    "test_kappa_std": 0.017525170524846007,
    "test_precision_L_mean": 0.39679054486933074,
    "test_precision_L_std": 0.0182041231643888,
    "test_recall_L_mean": 0.493281070498196,
    "test_recall_L_std": 0.10472936316928382,
    "test_f1_L_mean": 0.4364060178061835,
    "test_f1_L_std": 0.04312626573139951,
    "test_precision_M_mean": 0.37753551635487,
    "test_precision_M_std": 0.06076767762722303,
    "test_recall_M_mean": 0.30928295123210375,
    "test_recall_M_std": 0.09086841556661661,
    "test_f1_M_mean": 0.337908801243146,
    "test_f1_M_std": 0.07895483212535889,
    "test_precision_H_mean": 0.4582446653875225,
    "test_precision_H_std": 0.046105229958646014,
    "test_recall_H_mean": 0.43516041124736776,
    "test_recall_H_std": 0.05368940985931261,
    "test_f1_H_mean": 0.4436683963634855,
    "test_f1_H_std": 0.02374958485781356
  },
  "confusion_matrix": [
    [
      49.328107049819586,
      26.23618594566607,
      24.43570700451434
    ],
    [
      38.37686051669102,
      30.928295123210376,
      30.694844360098596
    ],
    [
      31.763285024154587,
      24.720673851108632,
      43.51604112473677
    ]
  ],
  "selected_features": [],
  "tuned_rf_params": {},
  "n_features": 6,
  "n_seeds": 3,
  "timestamp": "2025-10-17T09:54:29.186295"
}