{
  "name": "eye_gsr",
  "config": {
    "n_seeds": 3,
    "feature_selection": "none",
    "use_pca": false,
    "pca_variance": 0.95,
    "write_cm": true,
    "tune_hyperparameters": false,
    "tune_n_iter": 30,
    "tune_cv_folds": 5,
    "use_pose_derivatives": false,
    "use_time_features": false,
    "class_config": "all",
    "include_order": false,
    "name": "eye_gsr",
    "feature_groups": [
      "eye_tracking",
      "gsr"
    ],
    "split_strategy": "participant"
  },
  "metrics": {
    "test_acc_mean": 0.4095400527074735,
    "test_acc_std": 0.001931957997968032,
    "test_bal_acc_mean": 0.41118352583955775,
    "test_bal_acc_std": 0.0012136367831289553,
    "test_f1_mean": 0.39869670137114394,
    "test_f1_std": 0.002639790545010775,
    "test_kappa_mean": 0.11553458259304066,
    "test_kappa_std": 0.002566752015389838,
    "test_precision_L_mean": 0.43605248917748923,
    "test_precision_L_std": 0.04768584783269643,
    "test_recall_L_mean": 0.5219037719037719,
    "test_recall_L_std": 0.04590834716136129,
    "test_f1_L_mean": 0.47508893677476055,
    "test_f1_L_std": 0.04731275523830792,
    "test_precision_M_mean": 0.366567206592782,
    "test_precision_M_std": 0.046548414038626175,
    "test_recall_M_mean": 0.2284547152194211,
    "test_recall_M_std": 0.03201485327164883,
    "test_f1_M_mean": 0.2805829010973501,
    "test_f1_M_std": 0.032653524824353575,
    "test_precision_H_mean": 0.4101297539149888,
    "test_precision_H_std": 0.05368618320373473,
    "test_recall_H_mean": 0.4831920903954802,
    "test_recall_H_std": 0.01455761846876546,
    "test_f1_H_mean": 0.4429547282703267,
    "test_f1_H_std": 0.03699204154118052
  },
  "confusion_matrix": [
    [
      52.190377190377184,
      19.583408553996787,
      28.22621425562602
    ],
    [
      33.264110241797866,
      22.845471521942113,
      43.89041823626002
    ],
    [
      30.04237288135593,
      21.638418079096045,
      48.31920903954802
    ]
  ],
  "selected_features": [],
  "tuned_rf_params": {},
  "n_features": 13,
  "n_seeds": 3,
  "timestamp": "2025-10-17T09:54:39.196117"
}