{
  "name": "perf_eye_ecg",
  "config": {
    "n_seeds": 3,
    "feature_selection": "none",
    "use_pca": false,
    "pca_variance": 0.95,
    "write_cm": true,
    "tune_hyperparameters": false,
    "tune_n_iter": 30,
    "tune_cv_folds": 5,
    "use_pose_derivatives": false,
    "use_time_features": false,
    "class_config": "all",
    "include_order": false,
    "name": "perf_eye_ecg",
    "feature_groups": [
      "performance",
      "eye_tracking",
      "ecg"
    ],
    "split_strategy": "participant"
  },
  "metrics": {
    "test_acc_mean": 0.6815069417397668,
    "test_acc_std": 0.020109670433576306,
    "test_bal_acc_mean": 0.6832013223190615,
    "test_bal_acc_std": 0.020661359361328333,
    "test_f1_mean": 0.6805141662075758,
    "test_f1_std": 0.022281679530003234,
    "test_kappa_mean": 0.521765528273447,
    "test_kappa_std": 0.029334066701605686,
    "test_precision_L_mean": 0.7081611502368451,
    "test_precision_L_std": 0.06571869216205449,
    "test_recall_L_mean": 0.7681348221670804,
    "test_recall_L_std": 0.04845547666333321,
    "test_f1_L_mean": 0.7346848870560158,
    "test_f1_L_std": 0.03163370507873849,
    "test_precision_M_mean": 0.5843366778149387,
    "test_precision_M_std": 0.013571275575131424,
    "test_recall_M_mean": 0.6097985347985347,
    "test_recall_M_std": 0.12004593389539465,
    "test_f1_M_mean": 0.5938563968959105,
    "test_f1_M_std": 0.0632307747266738,
    "test_precision_H_mean": 0.785303304290646,
    "test_precision_H_std": 0.06578414696412634,
    "test_recall_H_mean": 0.6716706099915695,
    "test_recall_H_std": 0.09762188790605024,
    "test_f1_H_mean": 0.718085652665092,
    "test_f1_H_std": 0.027872879879533265
  },
  "confusion_matrix": [
    [
      76.81348221670804,
      21.099852954691666,
      2.086664828600312
    ],
    [
      21.758241758241763,
      60.97985347985348,
      17.261904761904763
    ],
    [
      8.676765204463662,
      24.15617379637939,
      67.16706099915694
    ]
  ],
  "selected_features": [],
  "tuned_rf_params": {},
  "n_features": 107,
  "n_seeds": 3,
  "timestamp": "2025-10-17T09:54:50.603670"
}