{
  "name": "perf_eye",
  "config": {
    "n_seeds": 3,
    "feature_selection": "none",
    "use_pca": false,
    "pca_variance": 0.95,
    "write_cm": true,
    "tune_hyperparameters": false,
    "tune_n_iter": 30,
    "tune_cv_folds": 5,
    "use_pose_derivatives": false,
    "use_time_features": false,
    "class_config": "all",
    "include_order": false,
    "name": "perf_eye",
    "feature_groups": [
      "performance",
      "eye_tracking"
    ],
    "split_strategy": "participant"
  },
  "metrics": {
    "test_acc_mean": 0.6944867455061768,
    "test_acc_std": 0.043813947988552183,
    "test_bal_acc_mean": 0.6933917505756,
    "test_bal_acc_std": 0.043163504474205784,
    "test_f1_mean": 0.690362606372835,
    "test_f1_std": 0.04051404953077191,
    "test_kappa_mean": 0.5400378559147829,
    "test_kappa_std": 0.06500297745588038,
    "test_precision_L_mean": 0.8861981156098803,
    "test_precision_L_std": 0.07979410442014961,
    "test_recall_L_mean": 0.7201050110836045,
    "test_recall_L_std": 0.03034635070343872,
    "test_f1_L_mean": 0.792544717599355,
    "test_f1_L_std": 0.02546646266183864,
    "test_precision_M_mean": 0.6175585010636557,
    "test_precision_M_std": 0.0886378320723556,
    "test_recall_M_mean": 0.5049048746082644,
    "test_recall_M_std": 0.035968513012951085,
    "test_f1_M_mean": 0.5528826274440309,
    "test_f1_M_std": 0.03884494226314256,
    "test_precision_H_mean": 0.6409745162812648,
    "test_precision_H_std": 0.029349862128580748,
    "test_recall_H_mean": 0.8551653660349312,
    "test_recall_H_std": 0.14243971749185308,
    "test_f1_H_mean": 0.7297564500197325,
    "test_f1_H_std": 0.06487326561741603
  },
  "confusion_matrix": [
    [
      72.01050110836043,
      20.845994531009822,
      7.143504360629744
    ],
    [
      7.0869143962364305,
      50.490487460826444,
      42.422598142937126
    ],
    [
      2.2792022792022792,
      12.204261117304597,
      85.51653660349314
    ]
  ],
  "selected_features": [],
  "tuned_rf_params": {},
  "n_features": 16,
  "n_seeds": 3,
  "timestamp": "2025-10-17T09:54:36.871895"
}