{
  "name": "performance",
  "config": {
    "n_seeds": 3,
    "feature_selection": "none",
    "use_pca": false,
    "pca_variance": 0.95,
    "write_cm": true,
    "tune_hyperparameters": false,
    "tune_n_iter": 30,
    "tune_cv_folds": 5,
    "use_pose_derivatives": false,
    "use_time_features": false,
    "class_config": "all",
    "include_order": false,
    "name": "performance",
    "feature_groups": [
      "performance"
    ],
    "split_strategy": "participant"
  },
  "metrics": {
    "test_acc_mean": 0.7138888888888889,
    "test_acc_std": 0.03203489609630778,
    "test_bal_acc_mean": 0.7138888888888889,
    "test_bal_acc_std": 0.0320348960963078,
    "test_f1_mean": 0.7108134708590037,
    "test_f1_std": 0.03484909082760174,
    "test_kappa_mean": 0.5708333333333333,
    "test_kappa_std": 0.04805234414446165,
    "test_precision_L_mean": 0.8746275687452157,
    "test_precision_L_std": 0.05545598313138599,
    "test_recall_L_mean": 0.7333333333333334,
    "test_recall_L_std": 0.04409585518440985,
    "test_f1_L_mean": 0.7963339963339964,
    "test_f1_L_std": 0.028154665959475286,
    "test_precision_M_mean": 0.6567844284428443,
    "test_precision_M_std": 0.031931349179974845,
    "test_recall_M_mean": 0.55,
    "test_recall_M_std": 0.08207381501496756,
    "test_f1_M_mean": 0.5972070525823062,
    "test_f1_M_std": 0.057999882934760445,
    "test_precision_H_mean": 0.651517278229607,
    "test_precision_H_std": 0.036417699668671456,
    "test_recall_H_mean": 0.8583333333333334,
    "test_recall_H_std": 0.07637626158259735,
    "test_f1_H_mean": 0.7388993636607086,
    "test_f1_H_std": 0.02651484588594724
  },
  "confusion_matrix": [
    [
      73.33333333333333,
      17.222222222222225,
      9.444444444444445
    ],
    [
      8.055555555555555,
      55.0,
      36.94444444444444
    ],
    [
      2.777777777777778,
      11.388888888888888,
      85.83333333333333
    ]
  ],
  "selected_features": [],
  "tuned_rf_params": {},
  "n_features": 2,
  "n_seeds": 3,
  "timestamp": "2025-10-17T09:54:28.461916"
}