{
  "name": "perf_gsr_ecg",
  "config": {
    "n_seeds": 3,
    "feature_selection": "none",
    "use_pca": false,
    "pca_variance": 0.95,
    "write_cm": true,
    "tune_hyperparameters": false,
    "tune_n_iter": 30,
    "tune_cv_folds": 5,
    "use_pose_derivatives": false,
    "use_time_features": false,
    "class_config": "all",
    "include_order": false,
    "name": "perf_gsr_ecg",
    "feature_groups": [
      "performance",
      "gsr",
      "ecg"
    ],
    "split_strategy": "participant"
  },
  "metrics": {
    "test_acc_mean": 0.6728913787737317,
    "test_acc_std": 0.020988544059543313,
    "test_bal_acc_mean": 0.6746031746031745,
    "test_bal_acc_std": 0.0187140097183358,
    "test_f1_mean": 0.6724769515451533,
    "test_f1_std": 0.020672530573081993,
    "test_kappa_mean": 0.5101572269028145,
    "test_kappa_std": 0.030363916477787526,
    "test_precision_L_mean": 0.719791913831906,
    "test_precision_L_std": 0.11378228587840754,
    "test_recall_L_mean": 0.7825396825396825,
    "test_recall_L_std": 0.05001889287805951,
    "test_f1_L_mean": 0.7442395167173554,
    "test_f1_L_std": 0.05173846692503899,
    "test_precision_M_mean": 0.5900555555555554,
    "test_precision_M_std": 0.014083415515868041,
    "test_recall_M_mean": 0.6,
    "test_recall_M_std": 0.07438333024673004,
    "test_f1_M_mean": 0.5929370468266656,
    "test_f1_M_std": 0.02871852005017575,
    "test_precision_H_mean": 0.7443973031822161,
    "test_precision_H_std": 0.10091669385498792,
    "test_recall_H_mean": 0.6412698412698413,
    "test_recall_H_std": 0.09634279939995882,
    "test_f1_H_mean": 0.6813963480620466,
    "test_f1_H_std": 0.03455816306352305
  },
  "confusion_matrix": [
    [
      78.25396825396827,
      17.242063492063494,
      4.503968253968254
    ],
    [
      20.634920634920636,
      60.0,
      19.365079365079367
    ],
    [
      10.793650793650793,
      25.079365079365076,
      64.12698412698414
    ]
  ],
  "selected_features": [],
  "tuned_rf_params": {},
  "n_features": 97,
  "n_seeds": 3,
  "timestamp": "2025-10-17T09:54:51.467468"
}