{
  "name": "perf_eye_gsr",
  "config": {
    "n_seeds": 3,
    "feature_selection": "none",
    "use_pca": false,
    "pca_variance": 0.95,
    "write_cm": true,
    "tune_hyperparameters": false,
    "tune_n_iter": 30,
    "tune_cv_folds": 5,
    "use_pose_derivatives": false,
    "use_time_features": false,
    "class_config": "all",
    "include_order": false,
    "name": "perf_eye_gsr",
    "feature_groups": [
      "performance",
      "eye_tracking",
      "gsr"
    ],
    "split_strategy": "participant"
  },
  "metrics": {
    "test_acc_mean": 0.7225288537505733,
    "test_acc_std": 0.007232436574775771,
    "test_bal_acc_mean": 0.7236762376231899,
    "test_bal_acc_std": 0.00494949662317894,
    "test_f1_mean": 0.7214878837593729,
    "test_f1_std": 0.011391155618735651,
    "test_kappa_mean": 0.5833906795518224,
    "test_kappa_std": 0.010270656920167267,
    "test_precision_L_mean": 0.818370138444144,
    "test_precision_L_std": 0.008981929381387354,
    "test_recall_L_mean": 0.7977825919002389,
    "test_recall_L_std": 0.06302071046108224,
    "test_f1_L_mean": 0.8073146847708119,
    "test_f1_L_std": 0.03691389375269507,
    "test_precision_M_mean": 0.6115154016232013,
    "test_precision_M_std": 0.027382436017420044,
    "test_recall_M_mean": 0.7290841624005925,
    "test_recall_M_std": 0.07777122147705624,
    "test_f1_M_mean": 0.6630007165476273,
    "test_f1_M_std": 0.023480988417078325,
    "test_precision_H_mean": 0.7858957553273629,
    "test_precision_H_std": 0.055837576795688584,
    "test_recall_H_mean": 0.6441619585687383,
    "test_recall_H_std": 0.1530985709885678,
    "test_f1_H_mean": 0.698408513436762,
    "test_f1_H_std": 0.08730020165792436
  },
  "confusion_matrix": [
    [
      79.77825919002389,
      17.5997425997426,
      2.6219982102335044
    ],
    [
      11.292379020573748,
      72.90841624005925,
      15.799204739367013
    ],
    [
      5.329566854990584,
      30.254237288135595,
      64.41619585687381
    ]
  ],
  "selected_features": [],
  "tuned_rf_params": {},
  "n_features": 23,
  "n_seeds": 3,
  "timestamp": "2025-10-17T09:54:49.754953"
}