{
  "name": "pose_perf_eye_ecg",
  "config": {
    "n_seeds": 3,
    "feature_selection": "none",
    "use_pca": false,
    "pca_variance": 0.95,
    "write_cm": true,
    "tune_hyperparameters": false,
    "tune_n_iter": 30,
    "tune_cv_folds": 5,
    "use_pose_derivatives": false,
    "use_time_features": false,
    "class_config": "all",
    "include_order": false,
    "name": "pose_perf_eye_ecg",
    "feature_groups": [
      "pose",
      "performance",
      "eye_tracking",
      "ecg"
    ],
    "split_strategy": "participant"
  },
  "metrics": {
    "test_acc_mean": 0.6238040656748746,
    "test_acc_std": 0.033263206750571005,
    "test_bal_acc_mean": 0.6295726417187755,
    "test_bal_acc_std": 0.03183059406411224,
    "test_f1_mean": 0.6079993389556069,
    "test_f1_std": 0.047175469190208895,
    "test_kappa_mean": 0.43847565643691083,
    "test_kappa_std": 0.048675419559650365,
    "test_precision_L_mean": 0.5826227911685183,
    "test_precision_L_std": 0.045216850828317244,
    "test_recall_L_mean": 0.8092753423398585,
    "test_recall_L_std": 0.04182101742080703,
    "test_f1_L_mean": 0.6756612826245322,
    "test_f1_L_std": 0.01761720015486295,
    "test_precision_M_mean": 0.605609423256482,
    "test_precision_M_std": 0.12470299063639909,
    "test_recall_M_mean": 0.39978632478632475,
    "test_recall_M_std": 0.18842265137496733,
    "test_f1_M_mean": 0.46318615233914867,
    "test_f1_M_std": 0.13706559528088663,
    "test_precision_H_mean": 0.7119550112906028,
    "test_precision_H_std": 0.05906737240289647,
    "test_recall_H_mean": 0.6796562580301434,
    "test_recall_H_std": 0.06345403715697165,
    "test_f1_H_mean": 0.6918444059932402,
    "test_f1_H_std": 0.01083827779081667
  },
  "confusion_matrix": [
    [
      80.92753423398585,
      14.405155776123516,
      4.667309989890636
    ],
    [
      36.4010989010989,
      39.97863247863248,
      23.62026862026862
    ],
    [
      17.612912062194226,
      14.421462134791433,
      67.96562580301433
    ]
  ],
  "selected_features": [],
  "tuned_rf_params": {},
  "n_features": 407,
  "n_seeds": 3,
  "timestamp": "2025-10-17T09:54:55.009893"
}