{
  "name": "pose_perf_ecg",
  "config": {
    "n_seeds": 3,
    "feature_selection": "none",
    "use_pca": false,
    "pca_variance": 0.95,
    "write_cm": true,
    "tune_hyperparameters": false,
    "tune_n_iter": 30,
    "tune_cv_folds": 5,
    "use_pose_derivatives": false,
    "use_time_features": false,
    "class_config": "all",
    "include_order": false,
    "name": "pose_perf_ecg",
    "feature_groups": [
      "pose",
      "performance",
      "ecg"
    ],
    "split_strategy": "participant"
  },
  "metrics": {
    "test_acc_mean": 0.6068595927116828,
    "test_acc_std": 0.015227113461070625,
    "test_bal_acc_mean": 0.6064958876840065,
    "test_bal_acc_std": 0.014740848627385304,
    "test_f1_mean": 0.5873960463234925,
    "test_f1_std": 0.02229721257705451,
    "test_kappa_mean": 0.40982141931739263,
    "test_kappa_std": 0.02221401505530295,
    "test_precision_L_mean": 0.5917176419639474,
    "test_precision_L_std": 0.0349234077983078,
    "test_recall_L_mean": 0.8412698412698413,
    "test_recall_L_std": 0.05245305283129621,
    "test_f1_L_mean": 0.6945914979018427,
    "test_f1_L_std": 0.039637847529177615,
    "test_precision_M_mean": 0.5535974865243158,
    "test_precision_M_std": 0.03403016353224051,
    "test_recall_M_mean": 0.4222222222222222,
    "test_recall_M_std": 0.1917418269275111,
    "test_f1_M_mean": 0.4620698752200088,
    "test_f1_M_std": 0.13907074784579707,
    "test_precision_H_mean": 0.710578165374677,
    "test_precision_H_std": 0.12185554621530727,
    "test_recall_H_mean": 0.555995599559956,
    "test_recall_H_std": 0.1771572717102364,
    "test_f1_H_mean": 0.6060606060606061,
    "test_f1_H_std": 0.09466969304129277
  },
  "confusion_matrix": [
    [
      84.12698412698413,
      13.015873015873018,
      2.857142857142857
    ],
    [
      35.23809523809524,
      42.22222222222222,
      22.53968253968254
    ],
    [
      23.058305830583055,
      21.342134213421343,
      55.59955995599561
    ]
  ],
  "selected_features": [],
  "tuned_rf_params": {},
  "n_features": 393,
  "n_seeds": 3,
  "timestamp": "2025-10-17T09:54:44.869504"
}