{
  "name": "pose_ecg",
  "config": {
    "n_seeds": 3,
    "feature_selection": "none",
    "use_pca": false,
    "pca_variance": 0.95,
    "write_cm": true,
    "tune_hyperparameters": false,
    "tune_n_iter": 30,
    "tune_cv_folds": 5,
    "use_pose_derivatives": false,
    "use_time_features": false,
    "class_config": "all",
    "include_order": false,
    "name": "pose_ecg",
    "feature_groups": [
      "pose",
      "ecg"
    ],
    "split_strategy": "participant"
  },
  "metrics": {
    "test_acc_mean": 0.40273226832712367,
    "test_acc_std": 0.008919593221193718,
    "test_bal_acc_mean": 0.402944103934203,
    "test_bal_acc_std": 0.008665828790992154,
    "test_f1_mean": 0.3761154539566405,
    "test_f1_std": 0.008462793432775898,
    "test_kappa_mean": 0.1042732998838271,
    "test_kappa_std": 0.013168390269294394,
    "test_precision_L_mean": 0.4062583622431886,
    "test_precision_L_std": 0.017674295943615363,
    "test_recall_L_mean": 0.6507936507936508,
    "test_recall_L_std": 0.11520791943888288,
    "test_f1_L_mean": 0.4973895796962031,
    "test_f1_L_std": 0.03079258433102266,
    "test_precision_M_mean": 0.4097463708119446,
    "test_precision_M_std": 0.10555391609703473,
    "test_recall_M_mean": 0.2857142857142857,
    "test_recall_M_std": 0.1684933905995632,
    "test_f1_M_mean": 0.32956663254324486,
    "test_f1_M_std": 0.1487386879295571,
    "test_precision_H_mean": 0.3712317718505946,
    "test_precision_H_std": 0.09209341600914148,
    "test_recall_H_mean": 0.2723243752946723,
    "test_recall_H_std": 0.15069175320508035,
    "test_f1_H_mean": 0.30205962090621036,
    "test_f1_H_std": 0.1079564211512235
  },
  "confusion_matrix": [
    [
      65.07936507936508,
      18.412698412698415,
      16.50793650793651
    ],
    [
      42.53968253968254,
      28.57142857142857,
      28.88888888888889
    ],
    [
      53.481062391953486,
      19.286500078579284,
      27.232437529467234
    ]
  ],
  "selected_features": [],
  "tuned_rf_params": {},
  "n_features": 381,
  "n_seeds": 3,
  "timestamp": "2025-10-17T09:54:36.138835"
}