{
  "name": "pose",
  "config": {
    "n_seeds": 3,
    "feature_selection": "none",
    "use_pca": false,
    "pca_variance": 0.95,
    "write_cm": true,
    "tune_hyperparameters": false,
    "tune_n_iter": 30,
    "tune_cv_folds": 5,
    "use_pose_derivatives": false,
    "use_time_features": false,
    "class_config": "all",
    "include_order": false,
    "name": "pose",
    "feature_groups": [
      "pose"
    ],
    "split_strategy": "participant"
  },
  "metrics": {
    "test_acc_mean": 0.3617581560502037,
    "test_acc_std": 0.025905444260979984,
    "test_bal_acc_mean": 0.3616498602079603,
    "test_bal_acc_std": 0.025766027353144223,
    "test_f1_mean": 0.3522240128505722,
    "test_f1_std": 0.01903690074860932,
    "test_kappa_mean": 0.04259509199768811,
    "test_kappa_std": 0.038803826199236606,
    "test_precision_L_mean": 0.39109730848861285,
    "test_precision_L_std": 0.022245170093104283,
    "test_recall_L_mean": 0.4666666666666666,
    "test_recall_L_std": 0.1512635396789788,
    "test_f1_L_mean": 0.4143876113891107,
    "test_f1_L_std": 0.0597165182205191,
    "test_precision_M_mean": 0.3791444321587103,
    "test_precision_M_std": 0.0895245089264741,
    "test_recall_M_mean": 0.23209876543209876,
    "test_recall_M_std": 0.036539873054194434,
    "test_f1_M_mean": 0.281927865485817,
    "test_f1_M_std": 0.016218663315020483,
    "test_precision_H_mean": 0.34050877800877805,
    "test_precision_H_std": 0.02337913409418737,
    "test_recall_H_mean": 0.3861841485251154,
    "test_recall_H_std": 0.03991187888440477,
    "test_f1_H_mean": 0.360193939768467,
    "test_f1_H_std": 0.0068481625973329345
  },
  "confusion_matrix": [
    [
      46.66666666666666,
      16.543209876543212,
      36.79012345679012
    ],
    [
      38.51851851851851,
      23.209876543209877,
      38.2716049382716
    ],
    [
      36.30006596927716,
      25.08151917821129,
      38.61841485251154
    ]
  ],
  "selected_features": [],
  "tuned_rf_params": {},
  "n_features": 290,
  "n_seeds": 3,
  "timestamp": "2025-10-17T09:54:27.747491"
}