{
  "name": "pose_eye_gsr",
  "config": {
    "n_seeds": 3,
    "feature_selection": "none",
    "use_pca": false,
    "pca_variance": 0.95,
    "write_cm": true,
    "tune_hyperparameters": false,
    "tune_n_iter": 30,
    "tune_cv_folds": 5,
    "use_pose_derivatives": false,
    "use_time_features": false,
    "class_config": "all",
    "include_order": false,
    "name": "pose_eye_gsr",
    "feature_groups": [
      "pose",
      "eye_tracking",
      "gsr"
    ],
    "split_strategy": "participant"
  },
  "metrics": {
    "test_acc_mean": 0.4469286340706318,
    "test_acc_std": 0.034982126553573877,
    "test_bal_acc_mean": 0.45101941612066404,
    "test_bal_acc_std": 0.03620841170069918,
    "test_f1_mean": 0.43717474861140637,
    "test_f1_std": 0.02831239693233812,
    "test_kappa_mean": 0.17358951691648397,
    "test_kappa_std": 0.053528398533970185,
    "test_precision_L_mean": 0.44732222510000286,
    "test_precision_L_std": 0.024449638675937108,
    "test_recall_L_mean": 0.5490113578348873,
    "test_recall_L_std": 0.16531215839201974,
    "test_f1_L_mean": 0.4854147577279542,
    "test_f1_L_std": 0.0788703154589093,
    "test_precision_M_mean": 0.46245143745143746,
    "test_precision_M_std": 0.09506511429584591,
    "test_recall_M_mean": 0.33740944653723554,
    "test_recall_M_std": 0.09966065087540664,
    "test_f1_M_mean": 0.3754124968131367,
    "test_f1_M_std": 0.029253130164871095,
    "test_precision_H_mean": 0.4537106924324969,
    "test_precision_H_std": 0.01388076066825994,
    "test_recall_H_mean": 0.46663744398986945,
    "test_recall_H_std": 0.11738337996276726,
    "test_f1_H_mean": 0.4563837609814621,
    "test_f1_H_std": 0.06268407364559762
  },
  "confusion_matrix": [
    [
      54.90113578348872,
      23.179126120302595,
      21.919738096208686
    ],
    [
      31.865401332946973,
      33.74094465372356,
      34.39365401332947
    ],
    [
      31.24391194233392,
      22.092343658679138,
      46.66374439898695
    ]
  ],
  "selected_features": [],
  "tuned_rf_params": {},
  "n_features": 313,
  "n_seeds": 3,
  "timestamp": "2025-10-17T09:54:46.081969"
}