{
  "name": "pose_gsr_ecg",
  "config": {
    "n_seeds": 3,
    "feature_selection": "none",
    "use_pca": false,
    "pca_variance": 0.95,
    "write_cm": true,
    "tune_hyperparameters": false,
    "tune_n_iter": 30,
    "tune_cv_folds": 5,
    "use_pose_derivatives": false,
    "use_time_features": false,
    "class_config": "all",
    "include_order": false,
    "name": "pose_gsr_ecg",
    "feature_groups": [
      "pose",
      "gsr",
      "ecg"
    ],
    "split_strategy": "participant"
  },
  "metrics": {
    "test_acc_mean": 0.4083219454080382,
    "test_acc_std": 0.0482276035629736,
    "test_bal_acc_mean": 0.41090680496621085,
    "test_bal_acc_std": 0.04561939545600922,
    "test_f1_mean": 0.38381849743250335,
    "test_f1_std": 0.04122357740295013,
    "test_kappa_mean": 0.11515320931229356,
    "test_kappa_std": 0.06960112194843804,
    "test_precision_L_mean": 0.41740534597677453,
    "test_precision_L_std": 0.034478980819169246,
    "test_recall_L_mean": 0.7015873015873016,
    "test_recall_L_std": 0.13208027976326805,
    "test_f1_L_mean": 0.5214569075955214,
    "test_f1_L_std": 0.05727299603163902,
    "test_precision_M_mean": 0.4161170302722814,
    "test_precision_M_std": 0.10650090093527174,
    "test_recall_M_mean": 0.2380952380952381,
    "test_recall_M_std": 0.08137146424111934,
    "test_f1_M_mean": 0.3010848565239851,
    "test_f1_M_std": 0.08868846075886525,
    "test_precision_H_mean": 0.3912112010796221,
    "test_precision_H_std": 0.09810423798183132,
    "test_recall_H_mean": 0.29303787521609304,
    "test_recall_H_std": 0.034847042244188935,
    "test_f1_H_mean": 0.33311558877694725,
    "test_f1_H_std": 0.05465971291721829
  },
  "confusion_matrix": [
    [
      70.15873015873017,
      16.121031746031747,
      13.720238095238095
    ],
    [
      42.22222222222222,
      23.80952380952381,
      33.96825396825397
    ],
    [
      52.997013987113,
      17.6991984912777,
      29.303787521609305
    ]
  ],
  "selected_features": [],
  "tuned_rf_params": {},
  "n_features": 385,
  "n_seeds": 3,
  "timestamp": "2025-10-17T09:54:48.991833"
}