{
  "name": "pose_perf_gsr",
  "config": {
    "n_seeds": 3,
    "feature_selection": "none",
    "use_pca": false,
    "pca_variance": 0.95,
    "write_cm": true,
    "tune_hyperparameters": false,
    "tune_n_iter": 30,
    "tune_cv_folds": 5,
    "use_pose_derivatives": false,
    "use_time_features": false,
    "class_config": "all",
    "include_order": false,
    "name": "pose_perf_gsr",
    "feature_groups": [
      "pose",
      "performance",
      "gsr"
    ],
    "split_strategy": "participant"
  },
  "metrics": {
    "test_acc_mean": 0.6500577448218544,
    "test_acc_std": 0.0012112455244595688,
    "test_bal_acc_mean": 0.6501078664871768,
    "test_bal_acc_std": 0.0038985512583274108,
    "test_f1_mean": 0.644257385949162,
    "test_f1_std": 0.006359288201282042,
    "test_kappa_mean": 0.47507251070775275,
    "test_kappa_std": 0.0025357040839427067,
    "test_precision_L_mean": 0.7193542444500967,
    "test_precision_L_std": 0.0781395107373069,
    "test_recall_L_mean": 0.763063063063063,
    "test_recall_L_std": 0.08079183894527392,
    "test_f1_L_mean": 0.734903773071712,
    "test_f1_L_std": 0.009242343083359547,
    "test_precision_M_mean": 0.5616824297233185,
    "test_precision_M_std": 0.03457291220275676,
    "test_recall_M_mean": 0.5823754789272031,
    "test_recall_M_std": 0.14599661979507778,
    "test_f1_M_mean": 0.5666515621500311,
    "test_f1_M_std": 0.08677989635430636,
    "test_precision_H_mean": 0.7048322048322048,
    "test_precision_H_std": 0.09386069118859018,
    "test_recall_H_mean": 0.6048850574712644,
    "test_recall_H_std": 0.1927685502483656,
    "test_f1_H_mean": 0.6306164919631967,
    "test_f1_H_std": 0.07200981922613515
  },
  "confusion_matrix": [
    [
      76.30630630630631,
      19.24924924924925,
      4.444444444444445
    ],
    [
      17.43295019157088,
      58.2375478927203,
      24.329501915708814
    ],
    [
      13.32375478927203,
      26.18773946360153,
      60.488505747126446
    ]
  ],
  "selected_features": [],
  "tuned_rf_params": {},
  "n_features": 309,
  "n_seeds": 3,
  "timestamp": "2025-10-17T09:54:43.527085"
}