{
  "name": "pose_perf_eye_gsr",
  "config": {
    "n_seeds": 3,
    "feature_selection": "none",
    "use_pca": false,
    "pca_variance": 0.95,
    "write_cm": true,
    "tune_hyperparameters": false,
    "tune_n_iter": 30,
    "tune_cv_folds": 5,
    "use_pose_derivatives": false,
    "use_time_features": false,
    "class_config": "all",
    "include_order": false,
    "name": "pose_perf_eye_gsr",
    "feature_groups": [
      "pose",
      "performance",
      "eye_tracking",
      "gsr"
    ],
    "split_strategy": "participant"
  },
  "metrics": {
    "test_acc_mean": 0.6785071498015812,
    "test_acc_std": 0.017111167640554793,
    "test_bal_acc_mean": 0.6793056282424385,
    "test_bal_acc_std": 0.017460315407456985,
    "test_f1_mean": 0.6740415151310649,
    "test_f1_std": 0.013254843435807297,
    "test_kappa_mean": 0.517551680430522,
    "test_kappa_std": 0.025146846905948407,
    "test_precision_L_mean": 0.7098805626243446,
    "test_precision_L_std": 0.0708259187827829,
    "test_recall_L_mean": 0.7695695048636225,
    "test_recall_L_std": 0.06692433640729646,
    "test_f1_L_mean": 0.7343126109860391,
    "test_f1_L_std": 0.013145001850787904,
    "test_precision_M_mean": 0.6151960784313726,
    "test_precision_M_std": 0.044994018996778934,
    "test_recall_M_mean": 0.6100091760842269,
    "test_recall_M_std": 0.11021067372375978,
    "test_f1_M_mean": 0.6101901512460198,
    "test_f1_M_std": 0.07324584384821628,
    "test_precision_H_mean": 0.7263847263847264,
    "test_precision_H_std": 0.06299283193498914,
    "test_recall_H_mean": 0.6583382037794662,
    "test_recall_H_std": 0.1875015810143492,
    "test_f1_H_mean": 0.6798594003882551,
    "test_f1_H_std": 0.09501021687400019
  },
  "confusion_matrix": [
    [
      76.95695048636225,
      20.120751003103944,
      2.9222985105338046
    ],
    [
      16.380195756463504,
      61.000917608422675,
      22.618886635113814
    ],
    [
      14.835378920709138,
      19.33080070134424,
      65.83382037794662
    ]
  ],
  "selected_features": [],
  "tuned_rf_params": {},
  "n_features": 323,
  "n_seeds": 3,
  "timestamp": "2025-10-17T09:54:53.660907"
}