{
  "name": "all_modalities",
  "config": {
    "n_seeds": 20,
    "feature_selection": "backward",
    "use_pose_derivatives": true,
    "use_time_features": false,
    "include_order": false,
    "normalize_features": true,
    "class_config": "all",
    "use_pca": false,
    "pca_variance": 0.9,
    "write_cm": true,
    "tune_hyperparameters": false,
    "tune_n_iter": 30,
    "tune_cv_folds": 5,
    "name": "all_modalities",
    "feature_groups": [
      "pose",
      "performance",
      "eye_tracking",
      "gsr",
      "ecg"
    ],
    "split_strategy": "participant"
  },
  "metrics": {
    "test_acc_mean": 0.6533431727547298,
    "test_acc_std": 0.04428851831306016,
    "test_bal_acc_mean": 0.6555799465341439,
    "test_bal_acc_std": 0.0438844918444886,
    "test_f1_mean": 0.6468051606982836,
    "test_f1_std": 0.05067213047593478,
    "test_kappa_mean": 0.47930371470006056,
    "test_kappa_std": 0.06656921548110721,
    "test_precision_L_mean": 0.7136960867942042,
    "test_precision_L_std": 0.08415755086991551,
    "test_recall_L_mean": 0.7451357642448235,
    "test_recall_L_std": 0.07261302314451322,
    "test_f1_L_mean": 0.7223136177225029,
    "test_f1_L_std": 0.032873412240636606,
    "test_precision_M_mean": 0.5564438343314777,
    "test_precision_M_std": 0.07142543553061943,
    "test_recall_M_mean": 0.4913694713038751,
    "test_recall_M_std": 0.14766068663047488,
    "test_f1_M_mean": 0.5095525082787301,
    "test_f1_M_std": 0.10233461516112068,
    "test_precision_H_mean": 0.7118790868798973,
    "test_precision_H_std": 0.10580231477523139,
    "test_recall_H_mean": 0.7302346040537329,
    "test_recall_H_std": 0.08948399615766826,
    "test_f1_H_mean": 0.7128120672167022,
    "test_f1_H_std": 0.05646600992442803
  },
  "confusion_matrix": [
    [
      74.51357642448235,
      19.611000700554428,
      5.875422874963221
    ],
    [
      23.120705507855284,
      49.136947130387505,
      27.742347361757208
    ],
    [
      6.280182668755482,
      20.69635692587124,
      73.02346040537329
    ]
  ],
  "selected_features": [
    "head_rotation_rad_min",
    "head_rotation_rad_rms",
    "head_rotation_rad_std",
    "head_rotation_rad_median",
    "head_rotation_rad_p25",
    "head_tx_max",
    "head_tx_median",
    "head_tx_p25",
    "head_tx_p75",
    "head_tx_autocorr1",
    "head_ty_min",
    "head_ty_max",
    "head_ty_rms",
    "head_ty_std",
    "head_ty_p75",
    "head_scalex_min",
    "head_scalex_rms",
    "head_scalex_autocorr1",
    "head_scaley_min",
    "head_motion_mag_rms",
    "head_motion_mag_p75",
    "head_motion_mag_autocorr1",
    "blink_aperture_max",
    "blink_aperture_std",
    "blink_aperture_p25",
    "mouth_aperture_min",
    "mouth_aperture_max",
    "mouth_aperture_mean",
    "mouth_aperture_std",
    "mouth_aperture_median",
    "mouth_aperture_p25",
    "mouth_aperture_p75",
    "mouth_aperture_autocorr1",
    "pupil_dx_p25",
    "pupil_dx_p75",
    "pupil_dy_p75",
    "pupil_metric_min",
    "pupil_metric_p25",
    "pupil_metric_p75",
    "head_rotation_rad_vel_min",
    "head_rotation_rad_vel_median",
    "head_rotation_rad_vel_p25",
    "head_rotation_rad_acc_min",
    "head_rotation_rad_acc_std",
    "head_rotation_rad_acc_p75",
    "head_tx_acc_p75",
    "head_ty_vel_median",
    "head_scalex_vel_median",
    "head_scalex_acc_p75",
    "head_scaley_vel_min",
    "head_scaley_vel_median",
    "head_scaley_vel_p25",
    "head_scaley_vel_autocorr1",
    "head_scaley_acc_mean",
    "head_motion_mag_vel_median",
    "head_motion_mag_vel_autocorr1",
    "blink_aperture_vel_max",
    "blink_aperture_vel_median",
    "blink_aperture_vel_autocorr1",
    "blink_aperture_acc_min",
    "blink_aperture_acc_mean",
    "mouth_aperture_vel_median",
    "mouth_aperture_acc_max",
    "mouth_aperture_acc_mean",
    "mouth_aperture_acc_std",
    "pupil_dx_acc_min",
    "pupil_dx_acc_p75",
    "pupil_dy_acc_mean",
    "pupil_metric_vel_max",
    "pupil_metric_vel_std",
    "pupil_metric_acc_std",
    "pupil_metric_acc_p75",
    "pupil_metric_acc_autocorr1",
    "sysmon_failure_rate",
    "sysmon_average_reaction_times",
    "track_failure_rate",
    "resman_failure_rate",
    "average_accuracy",
    "average_reaction_time",
    "pct_missing",
    "mean_vel",
    "fix_mean_dur",
    "blink_mean_dur",
    "blink_rate",
    "sac_rate",
    "SCR_Peaks_Amplitude_Mean",
    "EDA_Tonic_SD",
    "HRV_MeanNN",
    "HRV_MedianNN",
    "HRV_Prc80NN",
    "HRV_pNN50",
    "HRV_MinNN",
    "HRV_HTI",
    "HRV_S",
    "HRV_CSI",
    "HRV_CVI",
    "HRV_PSS",
    "HRV_PI",
    "HRV_C1a",
    "HRV_Ca",
    "HRV_MFDFA_alpha1_Peak",
    "HRV_FuzzyEn",
    "HRV_MSEn",
    "HRV_CD"
  ],
  "tuned_rf_params": {},
  "n_features": 104,
  "n_seeds": 20,
  "timestamp": "2025-10-18T13:09:13.467523"
}