{
  "name": "perf_ecg",
  "config": {
    "n_seeds": 20,
    "feature_selection": "backward",
    "use_pose_derivatives": true,
    "use_time_features": false,
    "include_order": false,
    "normalize_features": true,
    "class_config": "all",
    "use_pca": false,
    "pca_variance": 0.9,
    "write_cm": true,
    "tune_hyperparameters": false,
    "tune_n_iter": 30,
    "tune_cv_folds": 5,
    "name": "perf_ecg",
    "feature_groups": [
      "performance",
      "ecg"
    ],
    "split_strategy": "participant"
  },
  "metrics": {
    "test_acc_mean": 0.6846532999164576,
    "test_acc_std": 0.03548522538877484,
    "test_bal_acc_mean": 0.6837830687830687,
    "test_bal_acc_std": 0.03583409671289683,
    "test_f1_mean": 0.68662836663344,
    "test_f1_std": 0.037820022100329045,
    "test_kappa_mean": 0.526276383991921,
    "test_kappa_std": 0.053520058304448295,
    "test_precision_L_mean": 0.8226923671650536,
    "test_precision_L_std": 0.10946573384711161,
    "test_recall_L_mean": 0.7100793650793651,
    "test_recall_L_std": 0.044594195143784585,
    "test_f1_L_mean": 0.7561498908176894,
    "test_f1_L_std": 0.03640424879734837,
    "test_precision_M_mean": 0.5691828933439107,
    "test_precision_M_std": 0.04236164175347124,
    "test_recall_M_mean": 0.6265079365079365,
    "test_recall_M_std": 0.11308791692435795,
    "test_f1_M_mean": 0.5923669849832716,
    "test_f1_M_std": 0.06569944681251953,
    "test_precision_H_mean": 0.7182466102775213,
    "test_precision_H_std": 0.08129036664293324,
    "test_recall_H_mean": 0.7147619047619046,
    "test_recall_H_std": 0.08160433331421925,
    "test_f1_H_mean": 0.7102200000298904,
    "test_f1_H_std": 0.04019183149091935
  },
  "confusion_matrix": [
    [
      71.0079365079365,
      23.269841269841272,
      5.722222222222221
    ],
    [
      11.722222222222223,
      62.65079365079366,
      25.626984126984134
    ],
    [
      5.571428571428571,
      22.95238095238095,
      71.47619047619047
    ]
  ],
  "selected_features": [
    "sysmon_failure_rate",
    "sysmon_average_reaction_times",
    "comms_own_events",
    "comms_average_reaction_times",
    "track_failure_rate",
    "resman_failure_rate",
    "average_accuracy",
    "average_reaction_time",
    "t_end_sec",
    "HRV_MeanNN",
    "HRV_MedianNN",
    "HRV_IQRNN",
    "HRV_Prc80NN",
    "HRV_pNN50",
    "HRV_pNN20",
    "HRV_MinNN",
    "HRV_HTI",
    "HRV_TINN",
    "HRV_VHF",
    "HRV_LFHF",
    "HRV_LFn",
    "HRV_S",
    "HRV_CSI",
    "HRV_CVI",
    "HRV_IALS",
    "HRV_C1a",
    "HRV_C2a",
    "HRV_DFA_alpha1",
    "HRV_MFDFA_alpha1_Width",
    "HRV_MFDFA_alpha1_Peak",
    "HRV_MFDFA_alpha1_Mean",
    "HRV_MFDFA_alpha1_Max",
    "HRV_MFDFA_alpha1_Increment",
    "HRV_ShanEn",
    "HRV_MSEn",
    "HRV_CMSEn",
    "HRV_HFD"
  ],
  "tuned_rf_params": {},
  "n_features": 37,
  "n_seeds": 20,
  "timestamp": "2025-10-18T12:21:34.847802"
}