{
  "name": "perf_eye_ecg",
  "config": {
    "n_seeds": 20,
    "feature_selection": "backward",
    "use_pose_derivatives": true,
    "use_time_features": false,
    "include_order": false,
    "normalize_features": true,
    "class_config": "all",
    "use_pca": false,
    "pca_variance": 0.9,
    "write_cm": true,
    "tune_hyperparameters": false,
    "tune_n_iter": 30,
    "tune_cv_folds": 5,
    "name": "perf_eye_ecg",
    "feature_groups": [
      "performance",
      "eye_tracking",
      "ecg"
    ],
    "split_strategy": "participant"
  },
  "metrics": {
    "test_acc_mean": 0.6880866430526422,
    "test_acc_std": 0.04728919774350037,
    "test_bal_acc_mean": 0.6885593521719233,
    "test_bal_acc_std": 0.046256952890367,
    "test_f1_mean": 0.6894184219859416,
    "test_f1_std": 0.04830764724710181,
    "test_kappa_mean": 0.530321927688943,
    "test_kappa_std": 0.07127109454460408,
    "test_precision_L_mean": 0.8207154850174009,
    "test_precision_L_std": 0.11593145203608751,
    "test_recall_L_mean": 0.7203275107100992,
    "test_recall_L_std": 0.06271665332533227,
    "test_f1_L_mean": 0.7595442156212215,
    "test_f1_L_std": 0.04354539189846809,
    "test_precision_M_mean": 0.5705045978125657,
    "test_precision_M_std": 0.05646163081312526,
    "test_recall_M_mean": 0.6250033151673996,
    "test_recall_M_std": 0.12994299419240632,
    "test_f1_M_mean": 0.592020631568565,
    "test_f1_M_std": 0.07723792992160475,
    "test_precision_H_mean": 0.7379414417429904,
    "test_precision_H_std": 0.09538803650666929,
    "test_recall_H_mean": 0.7203472306382708,
    "test_recall_H_std": 0.09910752696901762,
    "test_f1_H_mean": 0.7209221875144463,
    "test_f1_H_std": 0.054921828545637597
  },
  "confusion_matrix": [
    [
      72.03275107100993,
      23.043517950380288,
      4.9237309786097825
    ],
    [
      13.095024353452123,
      62.50033151673997,
      24.404644129807913
    ],
    [
      3.5329280388202866,
      24.432348897352625,
      72.0347230638271
    ]
  ],
  "selected_features": [
    "sysmon_failure_rate",
    "sysmon_average_reaction_times",
    "track_failure_rate",
    "resman_failure_rate",
    "average_accuracy",
    "average_reaction_time",
    "pct_missing",
    "mean_vel",
    "max_vel",
    "rms_disp",
    "fix_mean_dur",
    "fix_rate",
    "blink_mean_dur",
    "blink_rate",
    "sac_rate",
    "t_end_sec",
    "HRV_MeanNN",
    "HRV_MedianNN",
    "HRV_Prc80NN",
    "HRV_MinNN",
    "HRV_HF",
    "HRV_VHF",
    "HRV_SD1SD2",
    "HRV_S",
    "HRV_PI",
    "HRV_DFA_alpha1",
    "HRV_ShanEn",
    "HRV_CD"
  ],
  "tuned_rf_params": {},
  "n_features": 28,
  "n_seeds": 20,
  "timestamp": "2025-10-18T12:46:52.532365"
}