{
  "name": "perf_eye_gsr_ecg",
  "config": {
    "n_seeds": 20,
    "feature_selection": "backward",
    "use_pose_derivatives": true,
    "use_time_features": false,
    "include_order": false,
    "normalize_features": true,
    "class_config": "all",
    "use_pca": false,
    "pca_variance": 0.9,
    "write_cm": true,
    "tune_hyperparameters": false,
    "tune_n_iter": 30,
    "tune_cv_folds": 5,
    "name": "perf_eye_gsr_ecg",
    "feature_groups": [
      "performance",
      "eye_tracking",
      "gsr",
      "ecg"
    ],
    "split_strategy": "participant"
  },
  "metrics": {
    "test_acc_mean": 0.6822719500244792,
    "test_acc_std": 0.043875790435390506,
    "test_bal_acc_mean": 0.6830497789897412,
    "test_bal_acc_std": 0.04303661282025995,
    "test_f1_mean": 0.6842022519499774,
    "test_f1_std": 0.04387538822371598,
    "test_kappa_mean": 0.5215838935406414,
    "test_kappa_std": 0.06645520368001008,
    "test_precision_L_mean": 0.8273882387341688,
    "test_precision_L_std": 0.12105074099208515,
    "test_recall_L_mean": 0.7086945875479408,
    "test_recall_L_std": 0.06376074958385101,
    "test_f1_L_mean": 0.7544105483481383,
    "test_f1_L_std": 0.03788845122454019,
    "test_precision_M_mean": 0.5688041338534909,
    "test_precision_M_std": 0.0553553777324354,
    "test_recall_M_mean": 0.627128572783094,
    "test_recall_M_std": 0.12960676395882217,
    "test_f1_M_mean": 0.5906429514140813,
    "test_f1_M_std": 0.0685567691283667,
    "test_precision_H_mean": 0.7273640664573678,
    "test_precision_H_std": 0.10014556164039312,
    "test_recall_H_mean": 0.7133261766381888,
    "test_recall_H_std": 0.09743684403568961,
    "test_f1_H_mean": 0.7120930040289075,
    "test_f1_H_std": 0.05642747579181803
  },
  "confusion_matrix": [
    [
      70.8694587547941,
      23.91988389021845,
      5.210657354987461
    ],
    [
      12.004727951585542,
      62.712857278309414,
      25.282414770105067
    ],
    [
      3.744259789648704,
      24.92312254653242,
      71.33261766381888
    ]
  ],
  "selected_features": [
    "sysmon_failure_rate",
    "sysmon_average_reaction_times",
    "comms_own_events",
    "track_failure_rate",
    "resman_failure_rate",
    "average_accuracy",
    "average_reaction_time",
    "pct_missing",
    "mean_vel",
    "max_vel",
    "mean_acc",
    "rms_disp",
    "fix_mean_dur",
    "fix_rate",
    "blink_mean_dur",
    "blink_rate",
    "sac_rate",
    "t_end_sec",
    "SCR_Peaks_Amplitude_Mean",
    "EDA_Tonic_SD",
    "HRV_MeanNN",
    "HRV_MedianNN",
    "HRV_Prc80NN",
    "HRV_pNN20",
    "HRV_VHF",
    "HRV_PAS",
    "HRV_Ca",
    "HRV_CD",
    "HRV_KFD"
  ],
  "tuned_rf_params": {},
  "n_features": 29,
  "n_seeds": 20,
  "timestamp": "2025-10-18T13:05:53.088512"
}