{
  "name": "pose_perf_eye",
  "config": {
    "n_seeds": 20,
    "feature_selection": "backward",
    "use_pose_derivatives": true,
    "use_time_features": false,
    "include_order": false,
    "normalize_features": true,
    "class_config": "all",
    "use_pca": false,
    "pca_variance": 0.9,
    "write_cm": true,
    "tune_hyperparameters": false,
    "tune_n_iter": 30,
    "tune_cv_folds": 5,
    "name": "pose_perf_eye",
    "feature_groups": [
      "pose",
      "performance",
      "eye_tracking"
    ],
    "split_strategy": "participant"
  },
  "metrics": {
    "test_acc_mean": 0.6621433143045581,
    "test_acc_std": 0.04026365539626708,
    "test_bal_acc_mean": 0.663437650252154,
    "test_bal_acc_std": 0.040021882636305656,
    "test_f1_mean": 0.6577075612317226,
    "test_f1_std": 0.044518414494067945,
    "test_kappa_mean": 0.4930717821391252,
    "test_kappa_std": 0.060457276568616054,
    "test_precision_L_mean": 0.734563339451939,
    "test_precision_L_std": 0.09222192243220415,
    "test_recall_L_mean": 0.7295062189213223,
    "test_recall_L_std": 0.055647645455856425,
    "test_f1_L_mean": 0.7256899682674027,
    "test_f1_L_std": 0.03323736837585592,
    "test_precision_M_mean": 0.5641334648923937,
    "test_precision_M_std": 0.049826002608756324,
    "test_recall_M_mean": 0.5338652603495144,
    "test_recall_M_std": 0.1401379213204492,
    "test_f1_M_mean": 0.5378782469521958,
    "test_f1_M_std": 0.08450891610815509,
    "test_precision_H_mean": 0.7131914005085769,
    "test_precision_H_std": 0.07748280058802577,
    "test_recall_H_mean": 0.726941471485625,
    "test_recall_H_std": 0.11611927683775095,
    "test_f1_H_mean": 0.7128024435105983,
    "test_f1_H_std": 0.0638046110118607
  },
  "confusion_matrix": [
    [
      72.95062189213223,
      21.421108343354216,
      5.628269764513556
    ],
    [
      20.976495358005998,
      53.38652603495145,
      25.636978607042558
    ],
    [
      6.035581363965355,
      21.27027148747214,
      72.6941471485625
    ]
  ],
  "selected_features": [
    "head_rotation_rad_min",
    "head_rotation_rad_max",
    "head_rotation_rad_rms",
    "head_rotation_rad_std",
    "head_rotation_rad_p25",
    "head_tx_median",
    "head_tx_p75",
    "head_tx_autocorr1",
    "head_ty_min",
    "head_ty_max",
    "head_ty_rms",
    "head_ty_std",
    "head_ty_p75",
    "head_ty_autocorr1",
    "head_scalex_min",
    "head_scalex_rms",
    "head_scalex_p75",
    "head_scalex_autocorr1",
    "head_scaley_min",
    "head_scaley_max",
    "head_scaley_p75",
    "head_motion_mag_min",
    "head_motion_mag_rms",
    "head_motion_mag_p75",
    "head_motion_mag_autocorr1",
    "blink_aperture_min",
    "blink_aperture_p25",
    "blink_aperture_p75",
    "mouth_aperture_max",
    "mouth_aperture_p75",
    "pupil_dx_max",
    "pupil_dx_mean",
    "pupil_dx_p75",
    "pupil_dy_mean",
    "pupil_dy_median",
    "pupil_dy_p25",
    "pupil_dy_p75",
    "pupil_metric_min",
    "pupil_metric_mean",
    "pupil_metric_p75",
    "pupil_metric_autocorr1",
    "head_rotation_rad_vel_min",
    "head_rotation_rad_acc_p75",
    "head_tx_acc_autocorr1",
    "head_ty_vel_max",
    "head_ty_vel_median",
    "head_ty_vel_autocorr1",
    "head_ty_acc_median",
    "head_ty_acc_autocorr1",
    "head_scalex_acc_p75",
    "head_scalex_acc_autocorr1",
    "head_scaley_vel_min",
    "head_scaley_vel_std",
    "head_scaley_vel_autocorr1",
    "head_scaley_acc_mean",
    "head_scaley_acc_median",
    "head_scaley_acc_p75",
    "head_motion_mag_vel_autocorr1",
    "head_motion_mag_acc_mean",
    "head_motion_mag_acc_median",
    "head_motion_mag_acc_p75",
    "head_motion_mag_acc_autocorr1",
    "blink_aperture_vel_median",
    "blink_aperture_vel_autocorr1",
    "blink_aperture_acc_min",
    "blink_aperture_acc_max",
    "blink_aperture_acc_std",
    "blink_aperture_acc_median",
    "mouth_aperture_acc_std",
    "mouth_aperture_acc_median",
    "pupil_dx_vel_mean",
    "pupil_dx_vel_median",
    "pupil_dx_acc_min",
    "pupil_dx_acc_max",
    "pupil_dy_vel_median",
    "pupil_dy_acc_min",
    "pupil_dy_acc_autocorr1",
    "pupil_metric_vel_std",
    "pupil_metric_vel_autocorr1",
    "pupil_metric_acc_max",
    "pupil_metric_acc_std",
    "pupil_metric_acc_p75",
    "sysmon_failure_rate",
    "sysmon_average_reaction_times",
    "track_failure_rate",
    "resman_failure_rate",
    "average_accuracy",
    "average_reaction_time",
    "mean_vel",
    "max_vel",
    "rms_disp",
    "fix_mean_dur",
    "fix_rate",
    "blink_mean_dur",
    "blink_rate",
    "sac_rate"
  ],
  "tuned_rf_params": {},
  "n_features": 96,
  "n_seeds": 20,
  "timestamp": "2025-10-18T12:28:14.541828"
}