{
  "name": "pose",
  "config": {
    "n_seeds": 20,
    "feature_selection": "backward",
    "use_pose_derivatives": true,
    "use_time_features": false,
    "include_order": false,
    "normalize_features": true,
    "class_config": "all",
    "use_pca": false,
    "pca_variance": 0.9,
    "write_cm": true,
    "tune_hyperparameters": false,
    "tune_n_iter": 30,
    "tune_cv_folds": 5,
    "name": "pose",
    "feature_groups": [
      "pose"
    ],
    "split_strategy": "participant"
  },
  "metrics": {
    "test_acc_mean": 0.33391428835319104,
    "test_acc_std": 0.039596119922281896,
    "test_bal_acc_mean": 0.3337904061822637,
    "test_bal_acc_std": 0.039642568095009455,
    "test_f1_mean": 0.32631462223223273,
    "test_f1_std": 0.038160934222642634,
    "test_kappa_mean": 0.0007574707318248553,
    "test_kappa_std": 0.0594972230920125,
    "test_precision_L_mean": 0.36485960424291075,
    "test_precision_L_std": 0.060227349848136165,
    "test_recall_L_mean": 0.40703703703703703,
    "test_recall_L_std": 0.1186275083659002,
    "test_f1_L_mean": 0.3773818404054273,
    "test_f1_L_std": 0.07969720586858313,
    "test_precision_M_mean": 0.3163675353887014,
    "test_precision_M_std": 0.062404780684652356,
    "test_recall_M_mean": 0.27222222222222225,
    "test_recall_M_std": 0.09794288735509311,
    "test_f1_M_mean": 0.28476297867764333,
    "test_f1_M_std": 0.0692718946881235,
    "test_precision_H_mean": 0.3195636768550242,
    "test_precision_H_std": 0.031200368312807487,
    "test_recall_H_mean": 0.32211195928753183,
    "test_recall_H_std": 0.09140000174878404,
    "test_f1_H_mean": 0.31651940589352656,
    "test_f1_H_std": 0.055116299591367615
  },
  "confusion_matrix": [
    [
      40.70370370370371,
      28.888888888888886,
      30.40740740740741
    ],
    [
      35.85185185185186,
      27.222222222222218,
      36.925925925925924
    ],
    [
      36.30081990387334,
      31.487984167373487,
      32.21119592875318
    ]
  ],
  "selected_features": [
    "head_rotation_rad_min",
    "head_rotation_rad_std",
    "head_tx_mean",
    "head_tx_p25",
    "head_tx_p75",
    "head_ty_min",
    "head_ty_max",
    "head_ty_rms",
    "head_ty_p75",
    "head_scalex_min",
    "head_scalex_rms",
    "head_scalex_p75",
    "head_scaley_min",
    "head_scaley_max",
    "head_scaley_p75",
    "head_scaley_autocorr1",
    "head_motion_mag_min",
    "head_motion_mag_rms",
    "head_motion_mag_p75",
    "head_motion_mag_autocorr1",
    "blink_aperture_max",
    "blink_aperture_p25",
    "blink_aperture_p75",
    "mouth_aperture_min",
    "mouth_aperture_max",
    "mouth_aperture_p25",
    "mouth_aperture_autocorr1",
    "pupil_dy_p25",
    "head_tx_acc_p75",
    "head_ty_vel_max",
    "head_ty_vel_median",
    "head_scalex_vel_median",
    "head_scaley_vel_autocorr1",
    "head_motion_mag_vel_autocorr1",
    "head_motion_mag_acc_p75",
    "head_motion_mag_acc_autocorr1",
    "blink_aperture_vel_median",
    "blink_aperture_vel_autocorr1",
    "blink_aperture_acc_median",
    "blink_aperture_acc_p75",
    "mouth_aperture_acc_p75",
    "pupil_dx_acc_p75",
    "pupil_dx_acc_autocorr1",
    "pupil_dy_acc_p75",
    "pupil_metric_vel_min",
    "pupil_metric_vel_std"
  ],
  "tuned_rf_params": {},
  "n_features": 46,
  "n_seeds": 20,
  "timestamp": "2025-10-18T13:49:28.074260"
}