{
  "name": "pose_eye_ecg",
  "config": {
    "n_seeds": 20,
    "feature_selection": "backward",
    "use_pose_derivatives": true,
    "use_time_features": false,
    "include_order": false,
    "normalize_features": true,
    "class_config": "all",
    "use_pca": false,
    "pca_variance": 0.9,
    "write_cm": true,
    "tune_hyperparameters": false,
    "tune_n_iter": 30,
    "tune_cv_folds": 5,
    "name": "pose_eye_ecg",
    "feature_groups": [
      "pose",
      "eye_tracking",
      "ecg"
    ],
    "split_strategy": "participant"
  },
  "metrics": {
    "test_acc_mean": 0.3993028379142681,
    "test_acc_std": 0.04923814020512255,
    "test_bal_acc_mean": 0.40391239019873637,
    "test_bal_acc_std": 0.05047693689014796,
    "test_f1_mean": 0.37544663273238565,
    "test_f1_std": 0.052738486245182646,
    "test_kappa_mean": 0.10227052087047013,
    "test_kappa_std": 0.07419227627086908,
    "test_precision_L_mean": 0.416504792659288,
    "test_precision_L_std": 0.06014223850354588,
    "test_recall_L_mean": 0.5593121248042501,
    "test_recall_L_std": 0.1729252896162229,
    "test_f1_L_mean": 0.463432743701029,
    "test_f1_L_std": 0.07133516715080071,
    "test_precision_M_mean": 0.3783147216549025,
    "test_precision_M_std": 0.13976009780296608,
    "test_recall_M_mean": 0.23104929222009116,
    "test_recall_M_std": 0.1417687530978071,
    "test_f1_M_mean": 0.26394272291488263,
    "test_f1_M_std": 0.12845506353739677,
    "test_precision_H_mean": 0.4065931729948648,
    "test_precision_H_std": 0.05315207118468879,
    "test_recall_H_mean": 0.42137575357186785,
    "test_recall_H_std": 0.1582498227732887,
    "test_f1_H_mean": 0.4041261496752826,
    "test_f1_H_std": 0.08990660137474335
  },
  "confusion_matrix": [
    [
      55.93121248042502,
      20.34075467899546,
      23.728032840579534
    ],
    [
      36.873253490790056,
      23.104929222009112,
      40.02181728720082
    ],
    [
      37.70403816449951,
      20.15838647831371,
      42.13757535718678
    ]
  ],
  "selected_features": [
    "head_rotation_rad_min",
    "head_rotation_rad_rms",
    "head_rotation_rad_median",
    "head_rotation_rad_p75",
    "head_rotation_rad_autocorr1",
    "head_tx_median",
    "head_tx_autocorr1",
    "head_ty_min",
    "head_ty_max",
    "head_ty_rms",
    "head_ty_p75",
    "head_scalex_rms",
    "head_scalex_p75",
    "head_scalex_autocorr1",
    "head_scaley_min",
    "head_scaley_p75",
    "head_motion_mag_min",
    "head_motion_mag_p75",
    "head_motion_mag_autocorr1",
    "blink_aperture_min",
    "blink_aperture_max",
    "blink_aperture_p75",
    "mouth_aperture_min",
    "mouth_aperture_max",
    "mouth_aperture_p75",
    "pupil_dx_p25",
    "pupil_metric_autocorr1",
    "head_rotation_rad_vel_min",
    "head_rotation_rad_vel_max",
    "head_ty_vel_autocorr1",
    "head_ty_acc_p75",
    "head_scaley_vel_p25",
    "head_scaley_vel_autocorr1",
    "head_motion_mag_vel_autocorr1",
    "blink_aperture_vel_max",
    "blink_aperture_vel_median",
    "blink_aperture_acc_min",
    "mouth_aperture_acc_min",
    "mouth_aperture_acc_max",
    "mouth_aperture_acc_median",
    "mouth_aperture_acc_p75",
    "pupil_dx_acc_max",
    "pupil_dy_acc_median",
    "pupil_dy_acc_autocorr1",
    "pupil_metric_vel_std",
    "pupil_metric_acc_min",
    "pupil_metric_acc_max",
    "pupil_metric_acc_std",
    "pct_missing",
    "mean_vel",
    "fix_mean_dur",
    "blink_mean_dur",
    "blink_rate",
    "sac_rate",
    "HRV_MeanNN",
    "HRV_MedianNN",
    "HRV_Prc80NN",
    "HRV_pNN50",
    "HRV_LnHF",
    "HRV_IALS",
    "HRV_PSS",
    "HRV_C1a",
    "HRV_FuzzyEn",
    "HRV_CD"
  ],
  "tuned_rf_params": {},
  "n_features": 64,
  "n_seeds": 20,
  "timestamp": "2025-10-18T12:40:13.505485"
}