{
  "name": "pose_perf_gsr",
  "config": {
    "n_seeds": 20,
    "feature_selection": "backward",
    "use_pose_derivatives": true,
    "use_time_features": false,
    "include_order": false,
    "normalize_features": true,
    "class_config": "all",
    "use_pca": false,
    "pca_variance": 0.9,
    "write_cm": true,
    "tune_hyperparameters": false,
    "tune_n_iter": 30,
    "tune_cv_folds": 5,
    "name": "pose_perf_gsr",
    "feature_groups": [
      "pose",
      "performance",
      "gsr"
    ],
    "split_strategy": "participant"
  },
  "metrics": {
    "test_acc_mean": 0.6591393998409971,
    "test_acc_std": 0.03076881747399996,
    "test_bal_acc_mean": 0.6592266085425755,
    "test_bal_acc_std": 0.03078712373663398,
    "test_f1_mean": 0.6561979672431478,
    "test_f1_std": 0.03135353450816945,
    "test_kappa_mean": 0.48866171517170753,
    "test_kappa_std": 0.046116462949233404,
    "test_precision_L_mean": 0.7322487472003746,
    "test_precision_L_std": 0.08972750334259923,
    "test_recall_L_mean": 0.7330743243243242,
    "test_recall_L_std": 0.07036265807092465,
    "test_f1_L_mean": 0.7253530391021569,
    "test_f1_L_std": 0.030398002176355177,
    "test_precision_M_mean": 0.5775644786419518,
    "test_precision_M_std": 0.05896518623703037,
    "test_recall_M_mean": 0.5642241379310347,
    "test_recall_M_std": 0.1203317836786431,
    "test_f1_M_mean": 0.5616233627179836,
    "test_f1_M_std": 0.06847967117906022,
    "test_precision_H_mean": 0.7082840581845696,
    "test_precision_H_std": 0.09457044147359811,
    "test_recall_H_mean": 0.6803813633723678,
    "test_recall_H_std": 0.1310448581803979,
    "test_f1_H_mean": 0.6818277678666613,
    "test_f1_H_std": 0.06339727766403179
  },
  "confusion_matrix": [
    [
      73.30743243243242,
      20.384009009009013,
      6.308558558558558
    ],
    [
      19.610632183908045,
      56.422413793103445,
      23.966954022988507
    ],
    [
      9.62814369842106,
      22.33371996434216,
      68.0381363372368
    ]
  ],
  "selected_features": [
    "head_rotation_rad_min",
    "head_rotation_rad_max",
    "head_rotation_rad_rms",
    "head_rotation_rad_std",
    "head_rotation_rad_median",
    "head_rotation_rad_p25",
    "head_rotation_rad_p75",
    "head_rotation_rad_autocorr1",
    "head_tx_max",
    "head_tx_p25",
    "head_tx_p75",
    "head_ty_min",
    "head_ty_max",
    "head_ty_rms",
    "head_scalex_min",
    "head_scalex_rms",
    "head_scalex_autocorr1",
    "head_scaley_min",
    "head_scaley_max",
    "head_scaley_p75",
    "head_scaley_autocorr1",
    "head_motion_mag_min",
    "head_motion_mag_rms",
    "head_motion_mag_p75",
    "head_motion_mag_autocorr1",
    "blink_aperture_min",
    "blink_aperture_max",
    "blink_aperture_p75",
    "mouth_aperture_min",
    "mouth_aperture_max",
    "mouth_aperture_std",
    "mouth_aperture_median",
    "mouth_aperture_p25",
    "mouth_aperture_autocorr1",
    "pupil_dx_max",
    "pupil_dx_mean",
    "pupil_dy_max",
    "pupil_dy_mean",
    "pupil_dy_p25",
    "pupil_metric_min",
    "pupil_metric_p25",
    "pupil_metric_p75",
    "head_rotation_rad_vel_max",
    "head_rotation_rad_vel_p75",
    "head_rotation_rad_vel_autocorr1",
    "head_tx_vel_mean",
    "head_tx_vel_median",
    "head_tx_acc_median",
    "head_tx_acc_p75",
    "head_tx_acc_autocorr1",
    "head_ty_vel_median",
    "head_ty_vel_autocorr1",
    "head_ty_acc_autocorr1",
    "head_scalex_vel_median",
    "head_scalex_vel_autocorr1",
    "head_scalex_acc_median",
    "head_scaley_vel_mean",
    "head_scaley_vel_median",
    "head_scaley_vel_p25",
    "head_scaley_vel_autocorr1",
    "head_scaley_acc_median",
    "head_scaley_acc_autocorr1",
    "head_motion_mag_vel_mean",
    "head_motion_mag_vel_autocorr1",
    "head_motion_mag_acc_std",
    "head_motion_mag_acc_median",
    "head_motion_mag_acc_p75",
    "head_motion_mag_acc_autocorr1",
    "blink_aperture_vel_max",
    "blink_aperture_vel_median",
    "blink_aperture_vel_p75",
    "blink_aperture_acc_min",
    "blink_aperture_acc_max",
    "blink_aperture_acc_mean",
    "blink_aperture_acc_median",
    "blink_aperture_acc_p75",
    "blink_aperture_acc_autocorr1",
    "mouth_aperture_vel_median",
    "mouth_aperture_acc_mean",
    "mouth_aperture_acc_std",
    "mouth_aperture_acc_median",
    "mouth_aperture_acc_p75",
    "pupil_dx_vel_median",
    "pupil_dx_acc_min",
    "pupil_dx_acc_max",
    "pupil_dx_acc_mean",
    "pupil_dx_acc_median",
    "pupil_dx_acc_p75",
    "pupil_dx_acc_autocorr1",
    "pupil_dy_acc_min",
    "pupil_dy_acc_max",
    "pupil_dy_acc_std",
    "pupil_dy_acc_median",
    "pupil_metric_vel_max",
    "pupil_metric_vel_std",
    "pupil_metric_acc_min",
    "pupil_metric_acc_max",
    "pupil_metric_acc_mean",
    "pupil_metric_acc_std",
    "pupil_metric_acc_median",
    "pupil_metric_acc_p75",
    "pupil_metric_acc_autocorr1",
    "sysmon_failure_rate",
    "sysmon_average_reaction_times",
    "comms_events",
    "comms_own_events",
    "track_failure_rate",
    "resman_failure_rate",
    "average_accuracy",
    "average_reaction_time",
    "t_end_sec",
    "SCR_Peaks_N",
    "SCR_Peaks_Amplitude_Mean",
    "EDA_Tonic_SD",
    "EDA_Autocorrelation"
  ],
  "tuned_rf_params": {},
  "n_features": 115,
  "n_seeds": 20,
  "timestamp": "2025-10-18T12:30:09.579851"
}