{
  "name": "pose_ecg",
  "config": {
    "n_seeds": 20,
    "feature_selection": "backward",
    "use_pose_derivatives": true,
    "use_time_features": false,
    "include_order": false,
    "normalize_features": true,
    "class_config": "all",
    "use_pca": false,
    "pca_variance": 0.9,
    "write_cm": true,
    "tune_hyperparameters": false,
    "tune_n_iter": 30,
    "tune_cv_folds": 5,
    "name": "pose_ecg",
    "feature_groups": [
      "pose",
      "ecg"
    ],
    "split_strategy": "participant"
  },
  "metrics": {
    "test_acc_mean": 0.3474346101051127,
    "test_acc_std": 0.03608230514997708,
    "test_bal_acc_mean": 0.34751637068468744,
    "test_bal_acc_std": 0.037348599442521245,
    "test_f1_mean": 0.3308748702311328,
    "test_f1_std": 0.04088708198443677,
    "test_kappa_mean": 0.020517968388032902,
    "test_kappa_std": 0.05577389857878002,
    "test_precision_L_mean": 0.3778496292313764,
    "test_precision_L_std": 0.062043824421066,
    "test_recall_L_mean": 0.4605555555555556,
    "test_recall_L_std": 0.14702296536195467,
    "test_f1_L_mean": 0.4059921804344665,
    "test_f1_L_std": 0.07963461365776946,
    "test_precision_M_mean": 0.3072437286066082,
    "test_precision_M_std": 0.1088048923620436,
    "test_recall_M_mean": 0.2686507936507937,
    "test_recall_M_std": 0.14844620085676116,
    "test_f1_M_mean": 0.27274822511581737,
    "test_f1_M_std": 0.11287253366123123,
    "test_precision_H_mean": 0.32867053667774865,
    "test_precision_H_std": 0.06336933589502815,
    "test_recall_H_mean": 0.31334276284771334,
    "test_recall_H_std": 0.12758285363661342,
    "test_f1_H_mean": 0.31363721301657965,
    "test_f1_H_std": 0.08901150602109907
  },
  "confusion_matrix": [
    [
      46.05555555555555,
      25.404761904761905,
      28.539682539682538
    ],
    [
      36.99999999999999,
      26.865079365079367,
      36.13492063492063
    ],
    [
      38.050447901933055,
      30.615275813295618,
      31.334276284771335
    ]
  ],
  "selected_features": [
    "head_rotation_rad_min",
    "head_rotation_rad_max",
    "head_rotation_rad_rms",
    "head_rotation_rad_std",
    "head_rotation_rad_median",
    "head_rotation_rad_p25",
    "head_rotation_rad_p75",
    "head_tx_std",
    "head_tx_median",
    "head_tx_p25",
    "head_ty_min",
    "head_ty_max",
    "head_ty_rms",
    "head_ty_p75",
    "head_ty_autocorr1",
    "head_scalex_min",
    "head_scalex_rms",
    "head_scalex_autocorr1",
    "head_scaley_min",
    "head_scaley_p75",
    "head_scaley_autocorr1",
    "head_motion_mag_min",
    "head_motion_mag_rms",
    "head_motion_mag_p75",
    "head_motion_mag_autocorr1",
    "blink_aperture_max",
    "blink_aperture_std",
    "blink_aperture_p25",
    "blink_aperture_p75",
    "mouth_aperture_min",
    "mouth_aperture_mean",
    "mouth_aperture_std",
    "mouth_aperture_median",
    "mouth_aperture_autocorr1",
    "pupil_dx_max",
    "pupil_dx_mean",
    "pupil_dx_p25",
    "pupil_dy_max",
    "pupil_dy_mean",
    "pupil_dy_p25",
    "pupil_dy_p75",
    "pupil_metric_mean",
    "pupil_metric_p25",
    "pupil_metric_p75",
    "pupil_metric_autocorr1",
    "head_rotation_rad_vel_mean",
    "head_rotation_rad_vel_median",
    "head_rotation_rad_vel_autocorr1",
    "head_rotation_rad_acc_max",
    "head_rotation_rad_acc_median",
    "head_rotation_rad_acc_autocorr1",
    "head_tx_vel_median",
    "head_tx_vel_autocorr1",
    "head_tx_acc_median",
    "head_tx_acc_p75",
    "head_tx_acc_autocorr1",
    "head_ty_vel_max",
    "head_ty_vel_autocorr1",
    "head_ty_acc_std",
    "head_scalex_vel_median",
    "head_scaley_vel_min",
    "head_scaley_vel_mean",
    "head_scaley_vel_std",
    "head_scaley_vel_median",
    "head_scaley_vel_p25",
    "head_scaley_vel_p75",
    "head_scaley_vel_autocorr1",
    "head_scaley_acc_mean",
    "head_scaley_acc_std",
    "head_motion_mag_vel_median",
    "head_motion_mag_vel_autocorr1",
    "head_motion_mag_acc_mean",
    "head_motion_mag_acc_std",
    "head_motion_mag_acc_median",
    "head_motion_mag_acc_autocorr1",
    "blink_aperture_vel_min",
    "blink_aperture_vel_max",
    "blink_aperture_vel_mean",
    "blink_aperture_vel_p75",
    "blink_aperture_vel_autocorr1",
    "blink_aperture_acc_median",
    "mouth_aperture_vel_min",
    "mouth_aperture_acc_min",
    "mouth_aperture_acc_max",
    "mouth_aperture_acc_mean",
    "mouth_aperture_acc_std",
    "mouth_aperture_acc_median",
    "mouth_aperture_acc_p75",
    "mouth_aperture_acc_autocorr1",
    "pupil_dx_vel_mean",
    "pupil_dx_vel_median",
    "pupil_dx_acc_min",
    "pupil_dx_acc_max",
    "pupil_dx_acc_median",
    "pupil_dx_acc_p75",
    "pupil_dx_acc_autocorr1",
    "pupil_dy_vel_mean",
    "pupil_dy_acc_min",
    "pupil_dy_acc_max",
    "pupil_dy_acc_median",
    "pupil_metric_vel_max",
    "pupil_metric_vel_mean",
    "pupil_metric_vel_std",
    "pupil_metric_vel_median",
    "pupil_metric_vel_autocorr1",
    "pupil_metric_acc_min",
    "pupil_metric_acc_max",
    "pupil_metric_acc_std",
    "pupil_metric_acc_median",
    "pupil_metric_acc_p75",
    "pupil_metric_acc_autocorr1",
    "HRV_MeanNN",
    "HRV_MedianNN",
    "HRV_Prc80NN",
    "HRV_pNN50",
    "HRV_LF",
    "HRV_HF",
    "HRV_VHF",
    "HRV_LFHF",
    "HRV_HFn",
    "HRV_LnHF",
    "HRV_SD1SD2",
    "HRV_CSI",
    "HRV_IALS",
    "HRV_PSS",
    "HRV_PAS",
    "HRV_C1a",
    "HRV_Ca",
    "HRV_SDNNa",
    "HRV_DFA_alpha1",
    "HRV_MFDFA_alpha1_Mean",
    "HRV_MFDFA_alpha1_Delta",
    "HRV_MFDFA_alpha1_Asymmetry",
    "HRV_ApEn",
    "HRV_CMSEn",
    "HRV_RCMSEn",
    "HRV_CD",
    "HRV_KFD",
    "HRV_LZC",
    "HRV_DFA_alpha2",
    "HRV_MFDFA_alpha2_Width",
    "HRV_MFDFA_alpha2_Peak",
    "HRV_MFDFA_alpha2_Mean",
    "HRV_MFDFA_alpha2_Max",
    "HRV_MFDFA_alpha2_Delta",
    "HRV_MFDFA_alpha2_Asymmetry",
    "HRV_MFDFA_alpha2_Fluctuation",
    "HRV_MFDFA_alpha2_Increment"
  ],
  "tuned_rf_params": {},
  "n_features": 148,
  "n_seeds": 20,
  "timestamp": "2025-10-18T12:19:28.374420"
}