{
  "name": "pose_eye_gsr_ecg",
  "config": {
    "n_seeds": 20,
    "feature_selection": "backward",
    "use_pose_derivatives": true,
    "use_time_features": false,
    "include_order": false,
    "normalize_features": true,
    "class_config": "all",
    "use_pca": false,
    "pca_variance": 0.9,
    "write_cm": true,
    "tune_hyperparameters": false,
    "tune_n_iter": 30,
    "tune_cv_folds": 5,
    "name": "pose_eye_gsr_ecg",
    "feature_groups": [
      "pose",
      "eye_tracking",
      "gsr",
      "ecg"
    ],
    "split_strategy": "participant"
  },
  "metrics": {
    "test_acc_mean": 0.41797484697892473,
    "test_acc_std": 0.04832201146704961,
    "test_bal_acc_mean": 0.42369487345057466,
    "test_bal_acc_std": 0.04835916145713213,
    "test_f1_mean": 0.4025162272918221,
    "test_f1_std": 0.04850681922833451,
    "test_kappa_mean": 0.13135476021925951,
    "test_kappa_std": 0.07125396385225125,
    "test_precision_L_mean": 0.43865129726901986,
    "test_precision_L_std": 0.06560716535090408,
    "test_recall_L_mean": 0.5542637048657308,
    "test_recall_L_std": 0.12455772208180353,
    "test_f1_L_mean": 0.4815403339645278,
    "test_f1_L_std": 0.06562886434233874,
    "test_precision_M_mean": 0.3677254237179517,
    "test_precision_M_std": 0.12488636147043067,
    "test_recall_M_mean": 0.28919506341664547,
    "test_recall_M_std": 0.14553390926898824,
    "test_f1_M_mean": 0.30719750023691506,
    "test_f1_M_std": 0.1190888831638721,
    "test_precision_H_mean": 0.44441467691864106,
    "test_precision_H_std": 0.04827465511349813,
    "test_recall_H_mean": 0.4276258520693478,
    "test_recall_H_std": 0.14737802909419292,
    "test_f1_H_mean": 0.4261851749938925,
    "test_f1_H_std": 0.08623794827719032
  },
  "confusion_matrix": [
    [
      55.42637048657309,
      23.71591555333726,
      20.85771396008966
    ],
    [
      36.394340572444165,
      28.91950634166455,
      34.686153085891284
    ],
    [
      30.14398650528248,
      27.093428287782736,
      42.76258520693479
    ]
  ],
  "selected_features": [
    "head_rotation_rad_min",
    "head_rotation_rad_autocorr1",
    "head_tx_max",
    "head_tx_median",
    "head_tx_p25",
    "head_tx_autocorr1",
    "head_ty_max",
    "head_ty_rms",
    "head_ty_p75",
    "head_scalex_min",
    "head_scalex_rms",
    "head_scaley_min",
    "head_scaley_p75",
    "head_motion_mag_rms",
    "head_motion_mag_autocorr1",
    "blink_aperture_max",
    "blink_aperture_p25",
    "blink_aperture_p75",
    "mouth_aperture_min",
    "mouth_aperture_max",
    "mouth_aperture_mean",
    "mouth_aperture_std",
    "mouth_aperture_p75",
    "pupil_dx_p75",
    "pupil_metric_p75",
    "head_rotation_rad_vel_min",
    "head_rotation_rad_vel_p75",
    "head_tx_acc_autocorr1",
    "head_ty_acc_autocorr1",
    "head_scaley_vel_autocorr1",
    "head_motion_mag_vel_autocorr1",
    "head_motion_mag_acc_median",
    "blink_aperture_vel_max",
    "blink_aperture_vel_median",
    "mouth_aperture_acc_median",
    "pupil_dy_vel_median",
    "pupil_metric_acc_std",
    "mean_vel",
    "fix_mean_dur",
    "blink_mean_dur",
    "blink_rate",
    "sac_rate",
    "SCR_Peaks_N",
    "SCR_Peaks_Amplitude_Mean",
    "HRV_Prc80NN",
    "HRV_pNN20",
    "HRV_S",
    "HRV_CSI_Modified",
    "HRV_PAS",
    "HRV_SDNNa",
    "HRV_DFA_alpha1",
    "HRV_SampEn"
  ],
  "tuned_rf_params": {},
  "n_features": 52,
  "n_seeds": 20,
  "timestamp": "2025-10-18T13:04:14.414208"
}