{
  "name": "pose_perf_eye_ecg",
  "config": {
    "n_seeds": 20,
    "feature_selection": "backward",
    "use_pose_derivatives": true,
    "use_time_features": false,
    "include_order": false,
    "normalize_features": true,
    "class_config": "all",
    "use_pca": false,
    "pca_variance": 0.9,
    "write_cm": true,
    "tune_hyperparameters": false,
    "tune_n_iter": 30,
    "tune_cv_folds": 5,
    "name": "pose_perf_eye_ecg",
    "feature_groups": [
      "pose",
      "performance",
      "eye_tracking",
      "ecg"
    ],
    "split_strategy": "participant"
  },
  "metrics": {
    "test_acc_mean": 0.6415295007658125,
    "test_acc_std": 0.03681569966956863,
    "test_bal_acc_mean": 0.6443706367842369,
    "test_bal_acc_std": 0.03566630339216477,
    "test_f1_mean": 0.6339708631672724,
    "test_f1_std": 0.04376118059720056,
    "test_kappa_mean": 0.4621967031942587,
    "test_kappa_std": 0.05511742201416415,
    "test_precision_L_mean": 0.6938690582731619,
    "test_precision_L_std": 0.09751902786659125,
    "test_recall_L_mean": 0.7570665988166552,
    "test_recall_L_std": 0.05785394075549698,
    "test_f1_L_mean": 0.7170109529041525,
    "test_f1_L_std": 0.03703424026400097,
    "test_precision_M_mean": 0.5433700133174839,
    "test_precision_M_std": 0.06264349317019251,
    "test_recall_M_mean": 0.4656578786024722,
    "test_recall_M_std": 0.13619534480524836,
    "test_f1_M_mean": 0.48901847753553207,
    "test_f1_M_std": 0.0949326495243311,
    "test_precision_H_mean": 0.708010348677316,
    "test_precision_H_std": 0.10610326619482724,
    "test_recall_H_mean": 0.7103874329335833,
    "test_recall_H_std": 0.10729171085808763,
    "test_f1_H_mean": 0.6996990232140298,
    "test_f1_H_std": 0.06526684828901243
  },
  "confusion_matrix": [
    [
      75.70665988166553,
      18.193253919156067,
      6.100086199178422
    ],
    [
      26.084528900477373,
      46.565787860247234,
      27.34968323927539
    ],
    [
      7.1050610268569185,
      21.856195679784747,
      71.03874329335834
    ]
  ],
  "selected_features": [
    "head_rotation_rad_max",
    "head_rotation_rad_rms",
    "head_rotation_rad_autocorr1",
    "head_tx_max",
    "head_tx_std",
    "head_tx_median",
    "head_tx_p25",
    "head_tx_p75",
    "head_tx_autocorr1",
    "head_ty_min",
    "head_ty_max",
    "head_ty_rms",
    "head_scalex_rms",
    "head_scalex_p75",
    "head_scalex_autocorr1",
    "head_scaley_min",
    "head_scaley_p75",
    "head_motion_mag_min",
    "head_motion_mag_rms",
    "head_motion_mag_p75",
    "head_motion_mag_autocorr1",
    "blink_aperture_min",
    "blink_aperture_max",
    "blink_aperture_p25",
    "blink_aperture_p75",
    "mouth_aperture_min",
    "mouth_aperture_max",
    "mouth_aperture_mean",
    "mouth_aperture_median",
    "mouth_aperture_p25",
    "mouth_aperture_autocorr1",
    "pupil_dx_max",
    "pupil_dx_p25",
    "pupil_dy_mean",
    "pupil_metric_p75",
    "pupil_metric_autocorr1",
    "head_rotation_rad_vel_min",
    "head_rotation_rad_vel_autocorr1",
    "head_rotation_rad_acc_min",
    "head_tx_vel_p25",
    "head_tx_acc_p75",
    "head_ty_vel_autocorr1",
    "head_scalex_vel_mean",
    "head_scalex_acc_mean",
    "head_scalex_acc_median",
    "head_scalex_acc_p75",
    "head_scalex_acc_autocorr1",
    "head_scaley_vel_min",
    "head_scaley_vel_std",
    "head_scaley_vel_p75",
    "head_scaley_vel_autocorr1",
    "head_scaley_acc_mean",
    "head_scaley_acc_autocorr1",
    "head_motion_mag_vel_mean",
    "head_motion_mag_vel_autocorr1",
    "head_motion_mag_acc_std",
    "head_motion_mag_acc_autocorr1",
    "blink_aperture_vel_max",
    "blink_aperture_vel_mean",
    "blink_aperture_acc_min",
    "mouth_aperture_acc_mean",
    "mouth_aperture_acc_p75",
    "mouth_aperture_acc_autocorr1",
    "pupil_dx_vel_median",
    "pupil_dx_acc_min",
    "pupil_dx_acc_p75",
    "pupil_dy_vel_median",
    "pupil_metric_vel_std",
    "pupil_metric_acc_min",
    "pupil_metric_acc_max",
    "pupil_metric_acc_std",
    "pupil_metric_acc_median",
    "pupil_metric_acc_p75",
    "sysmon_failure_rate",
    "sysmon_average_reaction_times",
    "comms_own_events",
    "comms_average_reaction_times",
    "resman_failure_rate",
    "average_accuracy",
    "average_reaction_time",
    "mean_vel",
    "max_vel",
    "fix_mean_dur",
    "blink_mean_dur",
    "blink_rate",
    "sac_rate",
    "HRV_MeanNN",
    "HRV_IQRNN",
    "HRV_pNN20",
    "HRV_MinNN",
    "HRV_HTI",
    "HRV_TP",
    "HRV_LFn",
    "HRV_S",
    "HRV_CVI",
    "HRV_PSS",
    "HRV_SDNNa",
    "HRV_MFDFA_alpha1_Width",
    "HRV_ShanEn",
    "HRV_FuzzyEn",
    "HRV_RCMSEn",
    "HRV_CD",
    "HRV_KFD"
  ],
  "tuned_rf_params": {},
  "n_features": 103,
  "n_seeds": 20,
  "timestamp": "2025-10-18T12:56:15.337578"
}