{
  "name": "pose_perf_gsr_ecg",
  "config": {
    "n_seeds": 20,
    "feature_selection": "backward",
    "use_pose_derivatives": true,
    "use_time_features": false,
    "include_order": false,
    "normalize_features": true,
    "class_config": "all",
    "use_pca": false,
    "pca_variance": 0.9,
    "write_cm": true,
    "tune_hyperparameters": false,
    "tune_n_iter": 30,
    "tune_cv_folds": 5,
    "name": "pose_perf_gsr_ecg",
    "feature_groups": [
      "pose",
      "performance",
      "gsr",
      "ecg"
    ],
    "split_strategy": "participant"
  },
  "metrics": {
    "test_acc_mean": 0.634239035130413,
    "test_acc_std": 0.04098907173759262,
    "test_bal_acc_mean": 0.6337711312797947,
    "test_bal_acc_std": 0.04072132496907649,
    "test_f1_mean": 0.6271961146611222,
    "test_f1_std": 0.04809082028631207,
    "test_kappa_mean": 0.4507929642469611,
    "test_kappa_std": 0.061656295233477744,
    "test_precision_L_mean": 0.6897341640403731,
    "test_precision_L_std": 0.08460931089635775,
    "test_recall_L_mean": 0.7378323412698412,
    "test_recall_L_std": 0.06709115565286827,
    "test_f1_L_mean": 0.7070688368220558,
    "test_f1_L_std": 0.038031467010411726,
    "test_precision_M_mean": 0.5388280013802238,
    "test_precision_M_std": 0.06425937327014264,
    "test_recall_M_mean": 0.46785714285714286,
    "test_recall_M_std": 0.1438661802562992,
    "test_f1_M_mean": 0.49037823192318664,
    "test_f1_M_std": 0.09978603217593499,
    "test_precision_H_mean": 0.6887643520795679,
    "test_precision_H_std": 0.10909895820813553,
    "test_recall_H_mean": 0.6956239097123997,
    "test_recall_H_std": 0.08938272479429443,
    "test_f1_H_mean": 0.6829255483906923,
    "test_f1_H_std": 0.05224252611047693
  },
  "confusion_matrix": [
    [
      73.78323412698414,
      17.6453373015873,
      8.571428571428571
    ],
    [
      25.880952380952387,
      46.785714285714285,
      27.333333333333343
    ],
    [
      8.862835926449787,
      21.574773102310232,
      69.56239097123998
    ]
  ],
  "selected_features": [
    "head_rotation_rad_min",
    "head_rotation_rad_rms",
    "head_rotation_rad_std",
    "head_rotation_rad_median",
    "head_rotation_rad_p25",
    "head_rotation_rad_p75",
    "head_rotation_rad_autocorr1",
    "head_tx_max",
    "head_tx_mean",
    "head_tx_std",
    "head_tx_median",
    "head_tx_p25",
    "head_tx_p75",
    "head_tx_autocorr1",
    "head_ty_min",
    "head_ty_max",
    "head_ty_rms",
    "head_ty_std",
    "head_ty_p75",
    "head_ty_autocorr1",
    "head_scalex_min",
    "head_scalex_rms",
    "head_scalex_autocorr1",
    "head_scaley_min",
    "head_scaley_std",
    "head_scaley_p75",
    "head_motion_mag_min",
    "head_motion_mag_rms",
    "head_motion_mag_p75",
    "head_motion_mag_autocorr1",
    "blink_aperture_max",
    "blink_aperture_p25",
    "blink_aperture_p75",
    "mouth_aperture_min",
    "mouth_aperture_max",
    "mouth_aperture_mean",
    "mouth_aperture_std",
    "mouth_aperture_median",
    "mouth_aperture_p25",
    "mouth_aperture_p75",
    "mouth_aperture_autocorr1",
    "pupil_dx_max",
    "pupil_dx_mean",
    "pupil_dx_p75",
    "pupil_dy_max",
    "pupil_metric_min",
    "pupil_metric_mean",
    "pupil_metric_p25",
    "pupil_metric_p75",
    "pupil_metric_autocorr1",
    "head_rotation_rad_vel_max",
    "head_rotation_rad_vel_median",
    "head_rotation_rad_vel_p25",
    "head_rotation_rad_vel_p75",
    "head_rotation_rad_vel_autocorr1",
    "head_rotation_rad_acc_std",
    "head_rotation_rad_acc_median",
    "head_rotation_rad_acc_p75",
    "head_rotation_rad_acc_autocorr1",
    "head_tx_vel_median",
    "head_tx_vel_p25",
    "head_tx_acc_p75",
    "head_tx_acc_autocorr1",
    "head_ty_vel_max",
    "head_ty_vel_mean",
    "head_ty_vel_median",
    "head_ty_vel_autocorr1",
    "head_ty_acc_mean",
    "head_ty_acc_autocorr1",
    "head_scalex_vel_median",
    "head_scalex_acc_mean",
    "head_scalex_acc_median",
    "head_scalex_acc_p75",
    "head_scalex_acc_autocorr1",
    "head_scaley_vel_median",
    "head_scaley_vel_autocorr1",
    "head_scaley_acc_mean",
    "head_scaley_acc_std",
    "head_scaley_acc_median",
    "head_scaley_acc_p75",
    "head_scaley_acc_autocorr1",
    "head_motion_mag_vel_autocorr1",
    "head_motion_mag_acc_mean",
    "head_motion_mag_acc_std",
    "head_motion_mag_acc_median",
    "head_motion_mag_acc_autocorr1",
    "blink_aperture_vel_min",
    "blink_aperture_vel_max",
    "blink_aperture_vel_median",
    "blink_aperture_vel_p75",
    "blink_aperture_acc_min",
    "blink_aperture_acc_max",
    "blink_aperture_acc_mean",
    "blink_aperture_acc_std",
    "blink_aperture_acc_median",
    "blink_aperture_acc_p75",
    "blink_aperture_acc_autocorr1",
    "mouth_aperture_vel_min",
    "mouth_aperture_vel_mean",
    "mouth_aperture_acc_min",
    "mouth_aperture_acc_std",
    "mouth_aperture_acc_median",
    "mouth_aperture_acc_p75",
    "pupil_dx_acc_mean",
    "pupil_dx_acc_median",
    "pupil_dx_acc_p75",
    "pupil_dy_vel_median",
    "pupil_dy_acc_min",
    "pupil_dy_acc_max",
    "pupil_dy_acc_mean",
    "pupil_dy_acc_std",
    "pupil_metric_vel_std",
    "pupil_metric_vel_median",
    "pupil_metric_acc_min",
    "pupil_metric_acc_std",
    "pupil_metric_acc_p75",
    "sysmon_failure_rate",
    "sysmon_average_reaction_times",
    "comms_failure_rate",
    "comms_events",
    "comms_own_events",
    "track_failure_rate",
    "resman_failure_rate",
    "average_accuracy",
    "average_reaction_time",
    "t_end_sec",
    "SCR_Peaks_N",
    "SCR_Peaks_Amplitude_Mean",
    "EDA_Tonic_SD",
    "HRV_MeanNN",
    "HRV_MedianNN",
    "HRV_IQRNN",
    "HRV_Prc80NN",
    "HRV_pNN50",
    "HRV_pNN20",
    "HRV_HTI",
    "HRV_HF",
    "HRV_VHF",
    "HRV_TP",
    "HRV_LFn",
    "HRV_LnHF",
    "HRV_S",
    "HRV_CSI",
    "HRV_CVI",
    "HRV_PI",
    "HRV_SDNNa",
    "HRV_DFA_alpha1",
    "HRV_MFDFA_alpha1_Peak",
    "HRV_MFDFA_alpha1_Max",
    "HRV_MFDFA_alpha1_Delta",
    "HRV_ApEn",
    "HRV_SampEn",
    "HRV_CMSEn",
    "HRV_CD",
    "HRV_HFD",
    "HRV_MFDFA_alpha2_Increment"
  ],
  "tuned_rf_params": {},
  "n_features": 156,
  "n_seeds": 20,
  "timestamp": "2025-10-18T12:59:38.554361"
}