{
  "name": "pose_perf",
  "config": {
    "n_seeds": 20,
    "feature_selection": "backward",
    "use_pose_derivatives": true,
    "use_time_features": false,
    "include_order": false,
    "normalize_features": true,
    "class_config": "all",
    "use_pca": false,
    "pca_variance": 0.9,
    "write_cm": true,
    "tune_hyperparameters": false,
    "tune_n_iter": 30,
    "tune_cv_folds": 5,
    "name": "pose_perf",
    "feature_groups": [
      "pose",
      "performance"
    ],
    "split_strategy": "participant"
  },
  "metrics": {
    "test_acc_mean": 0.6523923220973782,
    "test_acc_std": 0.04788450189332128,
    "test_bal_acc_mean": 0.6523132183908046,
    "test_bal_acc_std": 0.04792348553093163,
    "test_f1_mean": 0.6482484174195171,
    "test_f1_std": 0.05018886678915744,
    "test_kappa_mean": 0.4785059416322534,
    "test_kappa_std": 0.07185393440297042,
    "test_precision_L_mean": 0.7230500049686215,
    "test_precision_L_std": 0.0934694630694688,
    "test_recall_L_mean": 0.7495833333333334,
    "test_recall_L_std": 0.053902866397325784,
    "test_f1_L_mean": 0.7301049019008788,
    "test_f1_L_std": 0.03941513666531101,
    "test_precision_M_mean": 0.561566787595611,
    "test_precision_M_std": 0.0629672081087978,
    "test_recall_M_mean": 0.5133333333333333,
    "test_recall_M_std": 0.11792553900041336,
    "test_f1_M_mean": 0.5289316853901115,
    "test_f1_M_std": 0.07217385840136294,
    "test_precision_H_mean": 0.6962573868332466,
    "test_precision_H_std": 0.09302142458144821,
    "test_recall_H_mean": 0.6940229885057472,
    "test_recall_H_std": 0.12605396316624498,
    "test_f1_H_mean": 0.6857730238103139,
    "test_f1_H_std": 0.07403494325084271
  },
  "confusion_matrix": [
    [
      74.95833333333333,
      18.75,
      6.291666666666666
    ],
    [
      22.625,
      51.33333333333333,
      26.041666666666668
    ],
    [
      8.43103448275862,
      22.166666666666664,
      69.40229885057471
    ]
  ],
  "selected_features": [
    "head_rotation_rad_min",
    "head_rotation_rad_max",
    "head_rotation_rad_std",
    "head_rotation_rad_p75",
    "head_tx_max",
    "head_tx_mean",
    "head_tx_std",
    "head_tx_median",
    "head_tx_autocorr1",
    "head_ty_min",
    "head_ty_max",
    "head_ty_rms",
    "head_ty_std",
    "head_ty_p75",
    "head_scalex_min",
    "head_scalex_rms",
    "head_scalex_p75",
    "head_scalex_autocorr1",
    "head_scaley_min",
    "head_scaley_max",
    "head_scaley_p75",
    "head_scaley_autocorr1",
    "head_motion_mag_min",
    "head_motion_mag_rms",
    "head_motion_mag_p75",
    "head_motion_mag_autocorr1",
    "blink_aperture_min",
    "blink_aperture_max",
    "blink_aperture_p25",
    "blink_aperture_p75",
    "mouth_aperture_max",
    "mouth_aperture_mean",
    "mouth_aperture_std",
    "mouth_aperture_autocorr1",
    "pupil_dx_max",
    "pupil_dx_p25",
    "pupil_dy_max",
    "pupil_dy_p25",
    "pupil_metric_min",
    "pupil_metric_mean",
    "pupil_metric_std",
    "pupil_metric_p25",
    "pupil_metric_p75",
    "pupil_metric_autocorr1",
    "head_rotation_rad_vel_min",
    "head_rotation_rad_vel_std",
    "head_rotation_rad_vel_median",
    "head_rotation_rad_vel_p25",
    "head_rotation_rad_vel_p75",
    "head_rotation_rad_vel_autocorr1",
    "head_rotation_rad_acc_min",
    "head_rotation_rad_acc_std",
    "head_rotation_rad_acc_autocorr1",
    "head_tx_vel_median",
    "head_tx_vel_p25",
    "head_tx_acc_median",
    "head_tx_acc_p75",
    "head_tx_acc_autocorr1",
    "head_ty_vel_max",
    "head_ty_vel_median",
    "head_ty_vel_autocorr1",
    "head_ty_acc_mean",
    "head_ty_acc_std",
    "head_ty_acc_p75",
    "head_scalex_acc_mean",
    "head_scalex_acc_median",
    "head_scalex_acc_p75",
    "head_scaley_vel_min",
    "head_scaley_vel_std",
    "head_scaley_vel_autocorr1",
    "head_scaley_acc_std",
    "head_scaley_acc_median",
    "head_scaley_acc_p75",
    "head_scaley_acc_autocorr1",
    "head_motion_mag_vel_autocorr1",
    "head_motion_mag_acc_mean",
    "head_motion_mag_acc_std",
    "head_motion_mag_acc_median",
    "head_motion_mag_acc_p75",
    "head_motion_mag_acc_autocorr1",
    "blink_aperture_vel_mean",
    "blink_aperture_acc_max",
    "blink_aperture_acc_std",
    "blink_aperture_acc_median",
    "blink_aperture_acc_autocorr1",
    "mouth_aperture_vel_min",
    "mouth_aperture_acc_min",
    "mouth_aperture_acc_max",
    "mouth_aperture_acc_std",
    "mouth_aperture_acc_median",
    "mouth_aperture_acc_p75",
    "mouth_aperture_acc_autocorr1",
    "pupil_dx_acc_min",
    "pupil_dx_acc_max",
    "pupil_dx_acc_mean",
    "pupil_dx_acc_p75",
    "pupil_dy_acc_min",
    "pupil_dy_acc_p75",
    "pupil_dy_acc_autocorr1",
    "pupil_metric_vel_min",
    "pupil_metric_vel_std",
    "pupil_metric_vel_autocorr1",
    "pupil_metric_acc_min",
    "pupil_metric_acc_max",
    "pupil_metric_acc_mean",
    "pupil_metric_acc_std",
    "pupil_metric_acc_p75",
    "pupil_metric_acc_autocorr1",
    "sysmon_failure_rate",
    "sysmon_average_reaction_times",
    "track_failure_rate",
    "resman_failure_rate",
    "average_accuracy",
    "average_reaction_time"
  ],
  "tuned_rf_params": {},
  "n_features": 114,
  "n_seeds": 20,
  "timestamp": "2025-10-18T12:10:59.484703"
}