{
  "name": "pose_perf_ecg",
  "config": {
    "n_seeds": 20,
    "feature_selection": "backward",
    "use_pose_derivatives": true,
    "use_time_features": false,
    "include_order": false,
    "normalize_features": true,
    "class_config": "all",
    "use_pca": false,
    "pca_variance": 0.9,
    "write_cm": true,
    "tune_hyperparameters": false,
    "tune_n_iter": 30,
    "tune_cv_folds": 5,
    "name": "pose_perf_ecg",
    "feature_groups": [
      "pose",
      "performance",
      "ecg"
    ],
    "split_strategy": "participant"
  },
  "metrics": {
    "test_acc_mean": 0.6360119752758101,
    "test_acc_std": 0.04686899386814142,
    "test_bal_acc_mean": 0.6353166745245952,
    "test_bal_acc_std": 0.04627986727513561,
    "test_f1_mean": 0.6291015165155421,
    "test_f1_std": 0.05342096351940952,
    "test_kappa_mean": 0.4534324930262216,
    "test_kappa_std": 0.07029887431846944,
    "test_precision_L_mean": 0.7017881745189826,
    "test_precision_L_std": 0.0989359671334749,
    "test_recall_L_mean": 0.7440476190476191,
    "test_recall_L_std": 0.05757719227934068,
    "test_f1_L_mean": 0.7158034862536826,
    "test_f1_L_std": 0.04316728364028669,
    "test_precision_M_mean": 0.5304865861017283,
    "test_precision_M_std": 0.05945385869280594,
    "test_recall_M_mean": 0.47595238095238096,
    "test_recall_M_std": 0.15262813685148843,
    "test_f1_M_mean": 0.4888237650245631,
    "test_f1_M_std": 0.10589421389551806,
    "test_precision_H_mean": 0.6947859767350202,
    "test_precision_H_std": 0.09767072098025502,
    "test_recall_H_mean": 0.6859500235737859,
    "test_recall_H_std": 0.10584228927883313,
    "test_f1_H_mean": 0.6811527163431298,
    "test_f1_H_std": 0.060535145975296446
  },
  "confusion_matrix": [
    [
      74.4047619047619,
      18.825396825396826,
      6.76984126984127
    ],
    [
      25.158730158730158,
      47.59523809523809,
      27.246031746031754
    ],
    [
      8.97218293257897,
      22.43281471004243,
      68.5950023573786
    ]
  ],
  "selected_features": [
    "head_rotation_rad_min",
    "head_rotation_rad_max",
    "head_rotation_rad_std",
    "head_rotation_rad_median",
    "head_rotation_rad_p25",
    "head_rotation_rad_p75",
    "head_tx_mean",
    "head_tx_std",
    "head_tx_median",
    "head_tx_p25",
    "head_tx_p75",
    "head_ty_min",
    "head_ty_max",
    "head_ty_rms",
    "head_ty_std",
    "head_ty_p75",
    "head_ty_autocorr1",
    "head_scalex_min",
    "head_scalex_rms",
    "head_scalex_autocorr1",
    "head_scaley_min",
    "head_scaley_p75",
    "head_scaley_autocorr1",
    "head_motion_mag_min",
    "head_motion_mag_rms",
    "head_motion_mag_p75",
    "head_motion_mag_autocorr1",
    "blink_aperture_min",
    "blink_aperture_p75",
    "mouth_aperture_max",
    "mouth_aperture_mean",
    "mouth_aperture_std",
    "mouth_aperture_p75",
    "mouth_aperture_autocorr1",
    "pupil_dx_p25",
    "pupil_dx_p75",
    "pupil_dy_max",
    "pupil_dy_mean",
    "pupil_dy_p25",
    "pupil_dy_p75",
    "pupil_metric_min",
    "pupil_metric_mean",
    "pupil_metric_p25",
    "pupil_metric_p75",
    "head_rotation_rad_vel_autocorr1",
    "head_rotation_rad_acc_min",
    "head_rotation_rad_acc_autocorr1",
    "head_tx_vel_mean",
    "head_tx_vel_p25",
    "head_tx_acc_p75",
    "head_tx_acc_autocorr1",
    "head_ty_vel_max",
    "head_ty_vel_autocorr1",
    "head_scalex_acc_mean",
    "head_scalex_acc_p75",
    "head_scalex_acc_autocorr1",
    "head_scaley_vel_min",
    "head_scaley_vel_median",
    "head_scaley_vel_p25",
    "head_scaley_vel_autocorr1",
    "head_scaley_acc_mean",
    "head_scaley_acc_median",
    "head_scaley_acc_autocorr1",
    "head_motion_mag_vel_median",
    "head_motion_mag_vel_autocorr1",
    "head_motion_mag_acc_mean",
    "head_motion_mag_acc_median",
    "head_motion_mag_acc_autocorr1",
    "blink_aperture_vel_min",
    "blink_aperture_vel_p75",
    "blink_aperture_vel_autocorr1",
    "blink_aperture_acc_max",
    "blink_aperture_acc_p75",
    "blink_aperture_acc_autocorr1",
    "mouth_aperture_vel_min",
    "mouth_aperture_vel_median",
    "mouth_aperture_acc_min",
    "mouth_aperture_acc_max",
    "mouth_aperture_acc_std",
    "mouth_aperture_acc_p75",
    "mouth_aperture_acc_autocorr1",
    "pupil_dx_acc_min",
    "pupil_dx_acc_max",
    "pupil_dx_acc_p75",
    "pupil_dy_vel_median",
    "pupil_dy_acc_min",
    "pupil_dy_acc_max",
    "pupil_dy_acc_mean",
    "pupil_dy_acc_p75",
    "pupil_metric_vel_max",
    "pupil_metric_vel_median",
    "pupil_metric_vel_autocorr1",
    "pupil_metric_acc_max",
    "pupil_metric_acc_mean",
    "pupil_metric_acc_std",
    "pupil_metric_acc_autocorr1",
    "sysmon_failure_rate",
    "sysmon_average_reaction_times",
    "comms_failure_rate",
    "resman_failure_rate",
    "average_accuracy",
    "average_reaction_time",
    "t_end_sec",
    "HRV_MedianNN",
    "HRV_Prc80NN",
    "HRV_pNN20",
    "HRV_MinNN",
    "HRV_LF",
    "HRV_VHF",
    "HRV_S",
    "HRV_CSI",
    "HRV_PSS",
    "HRV_PAS",
    "HRV_DFA_alpha1",
    "HRV_MFDFA_alpha1_Width",
    "HRV_MFDFA_alpha1_Mean",
    "HRV_MFDFA_alpha1_Increment",
    "HRV_ShanEn",
    "HRV_FuzzyEn",
    "HRV_MSEn",
    "HRV_CMSEn",
    "HRV_CD",
    "HRV_KFD",
    "HRV_LZC"
  ],
  "tuned_rf_params": {},
  "n_features": 124,
  "n_seeds": 20,
  "timestamp": "2025-10-18T12:33:01.504910"
}