{
  "name": "pose_gsr_ecg",
  "config": {
    "n_seeds": 20,
    "feature_selection": "backward",
    "use_pose_derivatives": true,
    "use_time_features": false,
    "include_order": false,
    "normalize_features": true,
    "class_config": "all",
    "use_pca": false,
    "pca_variance": 0.9,
    "write_cm": true,
    "tune_hyperparameters": false,
    "tune_n_iter": 30,
    "tune_cv_folds": 5,
    "name": "pose_gsr_ecg",
    "feature_groups": [
      "pose",
      "gsr",
      "ecg"
    ],
    "split_strategy": "participant"
  },
  "metrics": {
    "test_acc_mean": 0.3468964126499542,
    "test_acc_std": 0.03549418264520311,
    "test_bal_acc_mean": 0.346512834616795,
    "test_bal_acc_std": 0.03509698651581521,
    "test_f1_mean": 0.32916035659868825,
    "test_f1_std": 0.03131697032404612,
    "test_kappa_mean": 0.019155916763546575,
    "test_kappa_std": 0.05293051251017992,
    "test_precision_L_mean": 0.41046697489969663,
    "test_precision_L_std": 0.07905035860367701,
    "test_recall_L_mean": 0.47158234126984133,
    "test_recall_L_std": 0.1474778709926614,
    "test_f1_L_mean": 0.4273480549854661,
    "test_f1_L_std": 0.07715381213689866,
    "test_precision_M_mean": 0.26877455087613017,
    "test_precision_M_std": 0.08516356044454312,
    "test_recall_M_mean": 0.23746031746031745,
    "test_recall_M_std": 0.14427165663964978,
    "test_f1_M_mean": 0.23619430102260464,
    "test_f1_M_std": 0.10549770929329981,
    "test_precision_H_mean": 0.32930760515714963,
    "test_precision_H_std": 0.0656677842441879,
    "test_recall_H_mean": 0.33049584512022634,
    "test_recall_H_std": 0.13397100687135044,
    "test_f1_H_mean": 0.3230059547116302,
    "test_f1_H_std": 0.09604999047179143
  },
  "confusion_matrix": [
    [
      47.15823412698412,
      25.50892857142857,
      27.3328373015873
    ],
    [
      35.579365079365076,
      23.746031746031747,
      40.67460317460318
    ],
    [
      32.736515794436585,
      34.21389969354078,
      33.049584512022626
    ]
  ],
  "selected_features": [
    "head_rotation_rad_min",
    "head_rotation_rad_max",
    "head_rotation_rad_median",
    "head_rotation_rad_p75",
    "head_tx_max",
    "head_tx_mean",
    "head_tx_median",
    "head_tx_p25",
    "head_tx_autocorr1",
    "head_ty_max",
    "head_ty_rms",
    "head_ty_p75",
    "head_scalex_rms",
    "head_scaley_min",
    "head_scaley_p75",
    "head_motion_mag_min",
    "head_motion_mag_rms",
    "head_motion_mag_p75",
    "blink_aperture_min",
    "blink_aperture_max",
    "blink_aperture_p25",
    "blink_aperture_p75",
    "mouth_aperture_min",
    "mouth_aperture_autocorr1",
    "pupil_dx_max",
    "pupil_dx_p25",
    "pupil_metric_min",
    "pupil_metric_p75",
    "pupil_metric_autocorr1",
    "head_rotation_rad_vel_p75",
    "head_ty_acc_autocorr1",
    "head_scalex_vel_autocorr1",
    "head_scalex_acc_mean",
    "head_scaley_vel_p25",
    "head_scaley_vel_autocorr1",
    "head_scaley_acc_mean",
    "head_motion_mag_acc_mean",
    "head_motion_mag_acc_p75",
    "blink_aperture_vel_min",
    "blink_aperture_vel_autocorr1",
    "blink_aperture_acc_min",
    "blink_aperture_acc_mean",
    "mouth_aperture_acc_p75",
    "pupil_dy_acc_p75",
    "pupil_metric_vel_max",
    "SCR_Peaks_Amplitude_Mean",
    "EDA_Tonic_SD",
    "HRV_MeanNN",
    "HRV_Prc80NN",
    "HRV_ApEn"
  ],
  "tuned_rf_params": {},
  "n_features": 50,
  "n_seeds": 20,
  "timestamp": "2025-10-18T12:44:25.782030"
}