{
  "name": "pose_eye_gsr",
  "config": {
    "n_seeds": 20,
    "feature_selection": "backward",
    "use_pose_derivatives": true,
    "use_time_features": false,
    "include_order": false,
    "normalize_features": true,
    "class_config": "all",
    "use_pca": false,
    "pca_variance": 0.9,
    "write_cm": true,
    "tune_hyperparameters": false,
    "tune_n_iter": 30,
    "tune_cv_folds": 5,
    "name": "pose_eye_gsr",
    "feature_groups": [
      "pose",
      "eye_tracking",
      "gsr"
    ],
    "split_strategy": "participant"
  },
  "metrics": {
    "test_acc_mean": 0.4022343545301402,
    "test_acc_std": 0.03981728160734512,
    "test_bal_acc_mean": 0.4026247601239348,
    "test_bal_acc_std": 0.039219997648405426,
    "test_f1_mean": 0.38384903193953307,
    "test_f1_std": 0.04645234706505074,
    "test_kappa_mean": 0.10323930477631915,
    "test_kappa_std": 0.058659760366798895,
    "test_precision_L_mean": 0.4124055054938928,
    "test_precision_L_std": 0.05978324796328026,
    "test_recall_L_mean": 0.5532583111972185,
    "test_recall_L_std": 0.15573578964040863,
    "test_f1_L_mean": 0.46419585967893384,
    "test_f1_L_std": 0.08394894174820992,
    "test_precision_M_mean": 0.3888215557708865,
    "test_precision_M_std": 0.07021204554382844,
    "test_recall_M_mean": 0.306601297525223,
    "test_recall_M_std": 0.12104713143548429,
    "test_f1_M_mean": 0.3306645755019913,
    "test_f1_M_std": 0.08214616172748468,
    "test_precision_H_mean": 0.3976583538183299,
    "test_precision_H_std": 0.04834497511039965,
    "test_recall_H_mean": 0.3480146716493629,
    "test_recall_H_std": 0.1565879613195046,
    "test_f1_H_mean": 0.35690031575761977,
    "test_f1_H_std": 0.1013563924428438
  },
  "confusion_matrix": [
    [
      55.32583111972184,
      22.32220033263957,
      22.35196854763858
    ],
    [
      38.988097049503914,
      30.6601297525223,
      30.351773197973777
    ],
    [
      37.35437712130198,
      27.844155713761715,
      34.801467164936284
    ]
  ],
  "selected_features": [
    "head_rotation_rad_min",
    "head_rotation_rad_median",
    "head_rotation_rad_autocorr1",
    "head_tx_median",
    "head_tx_p25",
    "head_tx_p75",
    "head_ty_min",
    "head_ty_max",
    "head_ty_rms",
    "head_ty_p75",
    "head_ty_autocorr1",
    "head_scalex_rms",
    "head_scaley_min",
    "head_scaley_max",
    "head_scaley_p75",
    "head_motion_mag_min",
    "head_motion_mag_rms",
    "head_motion_mag_p75",
    "head_motion_mag_autocorr1",
    "blink_aperture_max",
    "blink_aperture_p75",
    "mouth_aperture_min",
    "mouth_aperture_max",
    "mouth_aperture_autocorr1",
    "pupil_dx_p25",
    "pupil_dx_p75",
    "pupil_dy_max",
    "pupil_dy_mean",
    "pupil_metric_autocorr1",
    "head_rotation_rad_acc_median",
    "head_rotation_rad_acc_autocorr1",
    "head_tx_vel_median",
    "head_ty_vel_max",
    "head_ty_vel_median",
    "head_ty_acc_mean",
    "head_scalex_vel_autocorr1",
    "head_scalex_acc_median",
    "head_scalex_acc_autocorr1",
    "head_scaley_vel_autocorr1",
    "head_motion_mag_vel_autocorr1",
    "head_motion_mag_acc_p75",
    "head_motion_mag_acc_autocorr1",
    "blink_aperture_acc_mean",
    "blink_aperture_acc_p75",
    "mouth_aperture_acc_min",
    "pupil_dy_acc_min",
    "pupil_dy_acc_median",
    "pupil_dy_acc_p75",
    "pupil_metric_acc_min",
    "pupil_metric_acc_p75",
    "pct_missing",
    "mean_vel",
    "max_vel",
    "fix_mean_dur",
    "blink_mean_dur",
    "blink_rate",
    "sac_rate",
    "SCR_Peaks_Amplitude_Mean",
    "EDA_Tonic_SD"
  ],
  "tuned_rf_params": {},
  "n_features": 59,
  "n_seeds": 20,
  "timestamp": "2025-10-18T12:35:51.385822"
}