{
  "name": "pose_gsr",
  "config": {
    "n_seeds": 20,
    "feature_selection": "backward",
    "use_pose_derivatives": true,
    "use_time_features": false,
    "include_order": false,
    "normalize_features": true,
    "class_config": "all",
    "use_pca": false,
    "pca_variance": 0.9,
    "write_cm": true,
    "tune_hyperparameters": false,
    "tune_n_iter": 30,
    "tune_cv_folds": 5,
    "name": "pose_gsr",
    "feature_groups": [
      "pose",
      "gsr"
    ],
    "split_strategy": "participant"
  },
  "metrics": {
    "test_acc_mean": 0.3569598083523574,
    "test_acc_std": 0.03500311845315803,
    "test_bal_acc_mean": 0.35675661606133874,
    "test_bal_acc_std": 0.035310740607730005,
    "test_f1_mean": 0.3400887474619295,
    "test_f1_std": 0.038960370998883595,
    "test_kappa_mean": 0.0350587661117847,
    "test_kappa_std": 0.05293296021320366,
    "test_precision_L_mean": 0.3902032455123037,
    "test_precision_L_std": 0.05127962840309745,
    "test_recall_L_mean": 0.48498873873873877,
    "test_recall_L_std": 0.14969833332749394,
    "test_f1_L_mean": 0.42065820531592174,
    "test_f1_L_std": 0.062198179945093926,
    "test_precision_M_mean": 0.35250980592209463,
    "test_precision_M_std": 0.06599996869625623,
    "test_recall_M_mean": 0.3325431034482759,
    "test_recall_M_std": 0.1091004727538488,
    "test_f1_M_mean": 0.3329663583441656,
    "test_f1_M_std": 0.07450967573452598,
    "test_precision_H_mean": 0.32149837803540593,
    "test_precision_H_std": 0.06956346766462145,
    "test_recall_H_mean": 0.2527380059970016,
    "test_recall_H_std": 0.1469611683865309,
    "test_f1_H_mean": 0.2662559711227148,
    "test_f1_H_std": 0.1052172956567928
  },
  "confusion_matrix": [
    [
      48.49887387387387,
      29.29954954954955,
      22.201576576576578
    ],
    [
      36.63074712643677,
      33.254310344827594,
      30.114942528735632
    ],
    [
      41.634191350270804,
      33.09200805002904,
      25.27380059970015
    ]
  ],
  "selected_features": [
    "head_rotation_rad_max",
    "head_rotation_rad_p75",
    "head_tx_median",
    "head_ty_max",
    "head_ty_rms",
    "head_ty_p75",
    "head_scalex_min",
    "head_scalex_rms",
    "head_scaley_min",
    "head_scaley_max",
    "head_scaley_p75",
    "head_motion_mag_min",
    "head_motion_mag_rms",
    "head_motion_mag_p75",
    "blink_aperture_max",
    "blink_aperture_p25",
    "mouth_aperture_max",
    "mouth_aperture_median",
    "mouth_aperture_autocorr1",
    "pupil_dx_max",
    "pupil_dy_max",
    "pupil_metric_autocorr1",
    "head_rotation_rad_vel_p75",
    "head_scalex_acc_median",
    "head_scaley_vel_p25",
    "head_scaley_vel_autocorr1",
    "head_scaley_acc_autocorr1",
    "head_motion_mag_vel_autocorr1",
    "head_motion_mag_acc_median",
    "blink_aperture_vel_min",
    "blink_aperture_vel_median",
    "mouth_aperture_acc_p75",
    "pupil_dx_acc_min",
    "pupil_metric_acc_p75",
    "SCR_Peaks_Amplitude_Mean",
    "EDA_Tonic_SD"
  ],
  "tuned_rf_params": {},
  "n_features": 36,
  "n_seeds": 20,
  "timestamp": "2025-10-18T12:16:56.495270"
}