{
  "name": "pose_eye",
  "config": {
    "n_seeds": 20,
    "feature_selection": "backward",
    "use_pose_derivatives": true,
    "use_time_features": false,
    "include_order": false,
    "normalize_features": true,
    "class_config": "all",
    "use_pca": false,
    "pca_variance": 0.9,
    "write_cm": true,
    "tune_hyperparameters": false,
    "tune_n_iter": 30,
    "tune_cv_folds": 5,
    "name": "pose_eye",
    "feature_groups": [
      "pose",
      "eye_tracking"
    ],
    "split_strategy": "participant"
  },
  "metrics": {
    "test_acc_mean": 0.3674743120585934,
    "test_acc_std": 0.04273329820238124,
    "test_bal_acc_mean": 0.3698747543660787,
    "test_bal_acc_std": 0.043144501513407894,
    "test_f1_mean": 0.35641894274660085,
    "test_f1_std": 0.04476947496670314,
    "test_kappa_mean": 0.05347970790501013,
    "test_kappa_std": 0.06405177643086452,
    "test_precision_L_mean": 0.3824630890916104,
    "test_precision_L_std": 0.052202266574243913,
    "test_recall_L_mean": 0.4646810202111272,
    "test_recall_L_std": 0.13997922557899675,
    "test_f1_L_mean": 0.4091811028806124,
    "test_f1_L_std": 0.0731945556336746,
    "test_precision_M_mean": 0.3517765996390311,
    "test_precision_M_std": 0.07620743000539988,
    "test_recall_M_mean": 0.28469179771202585,
    "test_recall_M_std": 0.09517367649260321,
    "test_f1_M_mean": 0.30621592450210633,
    "test_f1_M_std": 0.07365599327871236,
    "test_precision_H_mean": 0.38351459480856137,
    "test_precision_H_std": 0.0676412253059061,
    "test_recall_H_mean": 0.36025144517508323,
    "test_recall_H_std": 0.13258656324938115,
    "test_f1_H_mean": 0.35757783145799227,
    "test_f1_H_std": 0.0809563796282004
  },
  "confusion_matrix": [
    [
      46.46810202111271,
      26.34483574830653,
      27.18706223058076
    ],
    [
      37.554766165771504,
      28.469179771202583,
      33.97605406302591
    ],
    [
      35.139406283466066,
      28.835449199025607,
      36.02514451750832
    ]
  ],
  "selected_features": [
    "head_rotation_rad_max",
    "head_rotation_rad_median",
    "head_rotation_rad_p75",
    "head_rotation_rad_autocorr1",
    "head_tx_max",
    "head_tx_median",
    "head_tx_p25",
    "head_tx_p75",
    "head_tx_autocorr1",
    "head_ty_min",
    "head_ty_max",
    "head_ty_rms",
    "head_ty_p75",
    "head_ty_autocorr1",
    "head_scalex_min",
    "head_scalex_rms",
    "head_scalex_p75",
    "head_scalex_autocorr1",
    "head_scaley_min",
    "head_scaley_max",
    "head_scaley_p75",
    "head_scaley_autocorr1",
    "head_motion_mag_min",
    "head_motion_mag_rms",
    "head_motion_mag_p75",
    "head_motion_mag_autocorr1",
    "blink_aperture_min",
    "blink_aperture_max",
    "blink_aperture_p25",
    "mouth_aperture_min",
    "mouth_aperture_max",
    "mouth_aperture_std",
    "mouth_aperture_median",
    "mouth_aperture_p25",
    "pupil_dx_max",
    "pupil_dx_p25",
    "pupil_dy_max",
    "pupil_dy_mean",
    "pupil_dy_p25",
    "pupil_metric_min",
    "pupil_metric_mean",
    "pupil_metric_p75",
    "head_rotation_rad_vel_min",
    "head_rotation_rad_vel_std",
    "head_rotation_rad_vel_median",
    "head_rotation_rad_acc_mean",
    "head_rotation_rad_acc_std",
    "head_rotation_rad_acc_autocorr1",
    "head_tx_vel_autocorr1",
    "head_tx_acc_median",
    "head_tx_acc_autocorr1",
    "head_ty_vel_max",
    "head_ty_acc_median",
    "head_scalex_vel_autocorr1",
    "head_scalex_acc_median",
    "head_scalex_acc_p75",
    "head_scalex_acc_autocorr1",
    "head_scaley_vel_median",
    "head_scaley_acc_median",
    "head_motion_mag_vel_autocorr1",
    "head_motion_mag_acc_mean",
    "head_motion_mag_acc_median",
    "head_motion_mag_acc_p75",
    "head_motion_mag_acc_autocorr1",
    "blink_aperture_vel_max",
    "blink_aperture_vel_autocorr1",
    "blink_aperture_acc_min",
    "blink_aperture_acc_max",
    "blink_aperture_acc_mean",
    "blink_aperture_acc_p75",
    "blink_aperture_acc_autocorr1",
    "mouth_aperture_vel_min",
    "mouth_aperture_vel_median",
    "mouth_aperture_acc_min",
    "mouth_aperture_acc_p75",
    "pupil_dx_acc_max",
    "pupil_dx_acc_median",
    "pupil_dx_acc_autocorr1",
    "pupil_dy_vel_mean",
    "pupil_dy_acc_min",
    "pupil_dy_acc_median",
    "pupil_dy_acc_autocorr1",
    "pupil_metric_vel_median",
    "pupil_metric_vel_autocorr1",
    "pct_missing",
    "mean_vel",
    "max_vel",
    "rms_disp",
    "fix_rate",
    "blink_mean_dur",
    "blink_rate"
  ],
  "tuned_rf_params": {},
  "n_features": 91,
  "n_seeds": 20,
  "timestamp": "2025-10-18T12:13:28.765362"
}