{
  "name": "pose_perf_eye_gsr",
  "config": {
    "n_seeds": 20,
    "feature_selection": "backward",
    "use_pose_derivatives": true,
    "use_time_features": false,
    "include_order": false,
    "normalize_features": true,
    "class_config": "all",
    "use_pca": false,
    "pca_variance": 0.9,
    "write_cm": true,
    "tune_hyperparameters": false,
    "tune_n_iter": 30,
    "tune_cv_folds": 5,
    "name": "pose_perf_eye_gsr",
    "feature_groups": [
      "pose",
      "performance",
      "eye_tracking",
      "gsr"
    ],
    "split_strategy": "participant"
  },
  "metrics": {
    "test_acc_mean": 0.6659284684091956,
    "test_acc_std": 0.036189501328752496,
    "test_bal_acc_mean": 0.6667452689893462,
    "test_bal_acc_std": 0.03520631322940058,
    "test_f1_mean": 0.6604835283287958,
    "test_f1_std": 0.0389282095580487,
    "test_kappa_mean": 0.4984890483534386,
    "test_kappa_std": 0.054261367002387074,
    "test_precision_L_mean": 0.7144320709681566,
    "test_precision_L_std": 0.09130151125160797,
    "test_recall_L_mean": 0.7560609241072079,
    "test_recall_L_std": 0.06599477819205467,
    "test_f1_L_mean": 0.7272070384919422,
    "test_f1_L_std": 0.031570549483288135,
    "test_precision_M_mean": 0.5894130652471793,
    "test_precision_M_std": 0.07439420403011558,
    "test_recall_M_mean": 0.5292260033264998,
    "test_recall_M_std": 0.13261628696248692,
    "test_f1_M_mean": 0.5460672779682907,
    "test_f1_M_std": 0.08327621550055671,
    "test_precision_H_mean": 0.7273215181016531,
    "test_precision_H_std": 0.0860773976682569,
    "test_recall_H_mean": 0.714948879534331,
    "test_recall_H_std": 0.1367580766049989,
    "test_f1_H_mean": 0.7099183091037067,
    "test_f1_H_std": 0.0667178413059815
  },
  "confusion_matrix": [
    [
      75.60609241072082,
      18.97016950809644,
      5.423738081182757
    ],
    [
      23.344925444532205,
      52.92260033264999,
      23.73247422281781
    ],
    [
      8.572093646083022,
      19.93301840048388,
      71.49488795343309
    ]
  ],
  "selected_features": [
    "head_rotation_rad_min",
    "head_rotation_rad_max",
    "head_rotation_rad_rms",
    "head_rotation_rad_std",
    "head_rotation_rad_median",
    "head_rotation_rad_p25",
    "head_rotation_rad_p75",
    "head_rotation_rad_autocorr1",
    "head_tx_max",
    "head_tx_std",
    "head_tx_median",
    "head_tx_p25",
    "head_tx_p75",
    "head_tx_autocorr1",
    "head_ty_min",
    "head_ty_max",
    "head_ty_rms",
    "head_ty_std",
    "head_ty_p75",
    "head_scalex_min",
    "head_scalex_rms",
    "head_scaley_min",
    "head_scaley_max",
    "head_scaley_p75",
    "head_scaley_autocorr1",
    "head_motion_mag_rms",
    "head_motion_mag_p75",
    "head_motion_mag_autocorr1",
    "blink_aperture_min",
    "blink_aperture_max",
    "blink_aperture_std",
    "blink_aperture_p25",
    "blink_aperture_p75",
    "mouth_aperture_min",
    "mouth_aperture_max",
    "mouth_aperture_mean",
    "mouth_aperture_median",
    "mouth_aperture_p25",
    "mouth_aperture_p75",
    "mouth_aperture_autocorr1",
    "pupil_dx_max",
    "pupil_dx_p25",
    "pupil_dx_p75",
    "pupil_dy_mean",
    "pupil_dy_p25",
    "pupil_metric_min",
    "pupil_metric_mean",
    "pupil_metric_p25",
    "pupil_metric_p75",
    "head_rotation_rad_vel_min",
    "head_rotation_rad_vel_mean",
    "head_rotation_rad_vel_p25",
    "head_rotation_rad_vel_p75",
    "head_rotation_rad_vel_autocorr1",
    "head_rotation_rad_acc_std",
    "head_rotation_rad_acc_median",
    "head_rotation_rad_acc_p75",
    "head_rotation_rad_acc_autocorr1",
    "head_tx_vel_mean",
    "head_tx_vel_autocorr1",
    "head_tx_acc_median",
    "head_ty_vel_max",
    "head_ty_vel_mean",
    "head_ty_acc_std",
    "head_ty_acc_median",
    "head_scalex_vel_autocorr1",
    "head_scalex_acc_median",
    "head_scalex_acc_p75",
    "head_scaley_vel_median",
    "head_scaley_vel_p75",
    "head_scaley_vel_autocorr1",
    "head_scaley_acc_mean",
    "head_motion_mag_vel_median",
    "head_motion_mag_vel_autocorr1",
    "head_motion_mag_acc_autocorr1",
    "blink_aperture_vel_min",
    "blink_aperture_vel_max",
    "blink_aperture_vel_mean",
    "blink_aperture_vel_median",
    "blink_aperture_acc_min",
    "blink_aperture_acc_mean",
    "blink_aperture_acc_std",
    "blink_aperture_acc_p75",
    "mouth_aperture_vel_min",
    "mouth_aperture_vel_median",
    "mouth_aperture_acc_min",
    "mouth_aperture_acc_std",
    "pupil_dx_acc_min",
    "pupil_dx_acc_max",
    "pupil_dx_acc_median",
    "pupil_dx_acc_p75",
    "pupil_dx_acc_autocorr1",
    "pupil_dy_vel_median",
    "pupil_dy_acc_p75",
    "pupil_dy_acc_autocorr1",
    "pupil_metric_vel_mean",
    "pupil_metric_vel_std",
    "pupil_metric_acc_min",
    "pupil_metric_acc_max",
    "pupil_metric_acc_mean",
    "pupil_metric_acc_median",
    "pupil_metric_acc_p75",
    "pupil_metric_acc_autocorr1",
    "sysmon_failure_rate",
    "sysmon_average_reaction_times",
    "comms_failure_rate",
    "comms_events",
    "track_failure_rate",
    "resman_failure_rate",
    "average_accuracy",
    "average_reaction_time",
    "pct_missing",
    "mean_vel",
    "max_vel",
    "fix_mean_dur",
    "blink_mean_dur",
    "blink_rate",
    "sac_rate",
    "SCR_Peaks_Amplitude_Mean",
    "EDA_Tonic_SD"
  ],
  "tuned_rf_params": {},
  "n_features": 120,
  "n_seeds": 20,
  "timestamp": "2025-10-18T12:52:47.347423"
}