Feature,Low_Mean,Low_SD,Mod_Mean,Mod_SD,High_Mean,High_SD,p_L_vs_M,p_L_vs_H,p_M_vs_H
SCR_Peaks_N,7.34059367110043,2.943628023463602,7.316023959580757,3.0056528435346546,7.280219748576992,2.778191633714794,0.9774443543831568,0.8714990883641582,0.9524948553082508
SCR_Peaks_Amplitude_Mean,0.2117514376553734,0.2072645197028928,0.30800903337883057,0.31217254856345505,0.28451265149353444,0.29564386371282547,6.17061957086662e-12,5.445421891181468e-12,0.003871460394136772
EDA_Tonic_SD,0.15038353520171066,0.13055950383008158,0.18325735293800072,0.14978407848770156,0.17320015669850963,0.13719406066919493,5.693965299258252e-10,2.7669306543631755e-05,0.12115931512591716
EDA_Autocorrelation,0.3731076277934881,0.25660567140020435,0.3470664820632849,0.2438340603539803,0.35163482871641355,0.2517772096814272,0.0595658156443285,0.14618921006995256,0.915557589379421
