{
  "name": "all_modalities",
  "config": {
    "n_seeds": 10,
    "feature_selection": "backward",
    "use_pca": false,
    "pca_variance": 0.95,
    "write_cm": true,
    "tune_hyperparameters": false,
    "tune_n_iter": 30,
    "tune_cv_folds": 5,
    "use_pose_derivatives": true,
    "use_time_features": false,
    "class_config": "all",
    "include_order": false,
    "name": "all_modalities",
    "feature_groups": [
      "pose",
      "performance",
      "eye_tracking",
      "gsr",
      "ecg"
    ],
    "split_strategy": "participant"
  },
  "metrics": {
    "test_acc_mean": 0.6688141615163444,
    "test_acc_std": 0.03902483499733785,
    "test_bal_acc_mean": 0.6696812833744741,
    "test_bal_acc_std": 0.03961147024431323,
    "test_f1_mean": 0.6675883987796942,
    "test_f1_std": 0.0456167208630363,
    "test_kappa_mean": 0.5024568666754301,
    "test_kappa_std": 0.05873402137978035,
    "test_precision_L_mean": 0.7347992818022051,
    "test_precision_L_std": 0.10656586017054231,
    "test_recall_L_mean": 0.7252965997521615,
    "test_recall_L_std": 0.07467827614385478,
    "test_f1_L_mean": 0.7202609813309617,
    "test_f1_L_std": 0.01912774184638068,
    "test_precision_M_mean": 0.5566581699610963,
    "test_precision_M_std": 0.0648977853893125,
    "test_recall_M_mean": 0.5620904032536475,
    "test_recall_M_std": 0.14833872519581554,
    "test_f1_M_mean": 0.5512013028684853,
    "test_f1_M_std": 0.09595742105566224,
    "test_precision_H_mean": 0.7529580328411112,
    "test_precision_H_std": 0.10481424671435327,
    "test_recall_H_mean": 0.7216568471176135,
    "test_recall_H_std": 0.051747731009147084,
    "test_f1_H_mean": 0.7307579539443657,
    "test_f1_H_std": 0.04013803780531341
  },
  "confusion_matrix": [
    [
      72.52965997521615,
      22.475501441640965,
      4.994838583142889
    ],
    [
      20.601315762160368,
      56.20904032536474,
      23.18964391247489
    ],
    [
      5.661709225723283,
      22.172606062515367,
      72.16568471176136
    ]
  ],
  "selected_features": [
    "head_rotation_rad_min",
    "head_rotation_rad_std",
    "head_rotation_rad_p75",
    "head_rotation_rad_autocorr1",
    "head_tx_max",
    "head_tx_median",
    "head_tx_p75",
    "head_tx_autocorr1",
    "head_ty_min",
    "head_ty_max",
    "head_ty_rms",
    "head_ty_p75",
    "head_ty_autocorr1",
    "head_scalex_min",
    "head_scalex_rms",
    "head_scalex_p75",
    "head_scalex_autocorr1",
    "head_scaley_min",
    "head_scaley_std",
    "head_scaley_p75",
    "head_scaley_autocorr1",
    "head_motion_mag_min",
    "head_motion_mag_rms",
    "head_motion_mag_p75",
    "head_motion_mag_autocorr1",
    "blink_aperture_min",
    "blink_aperture_max",
    "blink_aperture_std",
    "blink_aperture_p75",
    "mouth_aperture_min",
    "mouth_aperture_max",
    "mouth_aperture_mean",
    "mouth_aperture_std",
    "mouth_aperture_median",
    "mouth_aperture_p25",
    "mouth_aperture_p75",
    "mouth_aperture_autocorr1",
    "pupil_dx_max",
    "pupil_dx_p25",
    "pupil_dy_max",
    "pupil_dy_p25",
    "pupil_metric_mean",
    "pupil_metric_p25",
    "pupil_metric_p75",
    "pupil_metric_autocorr1",
    "head_rotation_rad_vel_min",
    "head_rotation_rad_vel_median",
    "head_rotation_rad_acc_min",
    "head_rotation_rad_acc_max",
    "head_rotation_rad_acc_std",
    "head_tx_vel_p25",
    "head_tx_acc_median",
    "head_tx_acc_p75",
    "head_ty_vel_median",
    "head_ty_vel_autocorr1",
    "head_ty_acc_std",
    "head_ty_acc_p75",
    "head_ty_acc_autocorr1",
    "head_scalex_vel_mean",
    "head_scalex_vel_median",
    "head_scalex_acc_autocorr1",
    "head_scaley_vel_min",
    "head_scaley_vel_median",
    "head_scaley_vel_p75",
    "head_scaley_vel_autocorr1",
    "head_scaley_acc_mean",
    "head_scaley_acc_std",
    "head_scaley_acc_median",
    "head_scaley_acc_autocorr1",
    "head_motion_mag_vel_median",
    "head_motion_mag_vel_autocorr1",
    "head_motion_mag_acc_median",
    "head_motion_mag_acc_p75",
    "head_motion_mag_acc_autocorr1",
    "blink_aperture_vel_min",
    "blink_aperture_vel_max",
    "blink_aperture_vel_mean",
    "blink_aperture_acc_min",
    "blink_aperture_acc_max",
    "blink_aperture_acc_mean",
    "blink_aperture_acc_std",
    "mouth_aperture_vel_min",
    "mouth_aperture_acc_min",
    "mouth_aperture_acc_mean",
    "mouth_aperture_acc_std",
    "mouth_aperture_acc_median",
    "mouth_aperture_acc_p75",
    "mouth_aperture_acc_autocorr1",
    "pupil_dx_vel_mean",
    "pupil_dx_acc_min",
    "pupil_dx_acc_max",
    "pupil_dx_acc_p75",
    "pupil_dx_acc_autocorr1",
    "pupil_dy_acc_mean",
    "pupil_dy_acc_autocorr1",
    "pupil_metric_vel_max",
    "pupil_metric_vel_std",
    "pupil_metric_vel_autocorr1",
    "pupil_metric_acc_max",
    "pupil_metric_acc_mean",
    "pupil_metric_acc_median",
    "pupil_metric_acc_p75",
    "pupil_metric_acc_autocorr1",
    "sysmon_failure_rate",
    "sysmon_average_reaction_times",
    "comms_failure_rate",
    "comms_events",
    "comms_own_events",
    "track_failure_rate",
    "resman_failure_rate",
    "average_accuracy",
    "average_reaction_time",
    "pct_missing",
    "mean_vel",
    "max_vel",
    "mean_acc",
    "rms_disp",
    "fix_mean_dur",
    "fix_rate",
    "blink_mean_dur",
    "blink_rate",
    "sac_rate",
    "t_end_sec",
    "SCR_Peaks_Amplitude_Mean",
    "EDA_Tonic_SD",
    "EDA_Autocorrelation",
    "HRV_MeanNN",
    "HRV_MedianNN",
    "HRV_Prc80NN",
    "HRV_pNN50",
    "HRV_pNN20",
    "HRV_HTI",
    "HRV_TINN",
    "HRV_HF",
    "HRV_SD1SD2",
    "HRV_S",
    "HRV_CSI",
    "HRV_CVI",
    "HRV_CSI_Modified",
    "HRV_IALS",
    "HRV_PAS",
    "HRV_PI",
    "HRV_SDNNa",
    "HRV_DFA_alpha1",
    "HRV_MFDFA_alpha1_Width",
    "HRV_MFDFA_alpha1_Mean",
    "HRV_MFDFA_alpha1_Max",
    "HRV_MFDFA_alpha1_Increment",
    "HRV_ApEn",
    "HRV_SampEn",
    "HRV_ShanEn",
    "HRV_CMSEn",
    "HRV_DFA_alpha2",
    "HRV_MFDFA_alpha2_Width",
    "HRV_MFDFA_alpha2_Peak",
    "HRV_MFDFA_alpha2_Mean",
    "HRV_MFDFA_alpha2_Max",
    "HRV_MFDFA_alpha2_Delta",
    "HRV_MFDFA_alpha2_Asymmetry",
    "HRV_MFDFA_alpha2_Fluctuation",
    "HRV_MFDFA_alpha2_Increment"
  ],
  "tuned_rf_params": {},
  "n_features": 161,
  "n_seeds": 10,
  "timestamp": "2025-10-17T16:16:54.201934"
}