{
  "name": "eye",
  "config": {
    "n_seeds": 10,
    "feature_selection": "backward",
    "use_pca": false,
    "pca_variance": 0.95,
    "write_cm": true,
    "tune_hyperparameters": false,
    "tune_n_iter": 30,
    "tune_cv_folds": 5,
    "use_pose_derivatives": true,
    "use_time_features": false,
    "class_config": "all",
    "include_order": false,
    "name": "eye",
    "feature_groups": [
      "eye_tracking"
    ],
    "split_strategy": "participant"
  },
  "metrics": {
    "test_acc_mean": 0.39991638715415134,
    "test_acc_std": 0.02632243440161227,
    "test_bal_acc_mean": 0.401026096775699,
    "test_bal_acc_std": 0.0262413876183918,
    "test_f1_mean": 0.3881413212448226,
    "test_f1_std": 0.023594616237891955,
    "test_kappa_mean": 0.10105991178577649,
    "test_kappa_std": 0.039151419644098816,
    "test_precision_L_mean": 0.42924761935459177,
    "test_precision_L_std": 0.06591490004118919,
    "test_recall_L_mean": 0.5051225097582355,
    "test_recall_L_std": 0.11185851445997186,
    "test_f1_L_mean": 0.4549846530589397,
    "test_f1_L_std": 0.05157906610126348,
    "test_precision_M_mean": 0.3352993557876365,
    "test_precision_M_std": 0.04187319360218495,
    "test_recall_M_mean": 0.23556527492620077,
    "test_recall_M_std": 0.03779794727474348,
    "test_f1_M_mean": 0.275047353232901,
    "test_f1_M_std": 0.033904692177075334,
    "test_precision_H_mean": 0.425195705274047,
    "test_precision_H_std": 0.03764916772391673,
    "test_recall_H_mean": 0.4623905056426608,
    "test_recall_H_std": 0.1165748849375078,
    "test_f1_H_mean": 0.43547334748933436,
    "test_f1_H_std": 0.05463764458680817
  },
  "confusion_matrix": [
    [
      50.51225097582356,
      22.103407316035486,
      27.384341708140948
    ],
    [
      38.86017349835809,
      23.556527492620077,
      37.58329900902184
    ],
    [
      28.054215454877784,
      25.706733980856143,
      46.239050564266066
    ]
  ],
  "selected_features": [
    "pct_missing",
    "mean_vel",
    "max_vel",
    "rms_disp",
    "fix_mean_dur",
    "blink_mean_dur",
    "blink_rate",
    "sac_rate"
  ],
  "tuned_rf_params": {},
  "n_features": 8,
  "n_seeds": 10,
  "timestamp": "2025-10-17T15:20:22.908211"
}