{
  "name": "gsr",
  "config": {
    "n_seeds": 10,
    "feature_selection": "backward",
    "use_pca": false,
    "pca_variance": 0.95,
    "write_cm": true,
    "tune_hyperparameters": false,
    "tune_n_iter": 30,
    "tune_cv_folds": 5,
    "use_pose_derivatives": true,
    "use_time_features": false,
    "class_config": "all",
    "include_order": false,
    "name": "gsr",
    "feature_groups": [
      "gsr"
    ],
    "split_strategy": "participant"
  },
  "metrics": {
    "test_acc_mean": 0.34827825929938605,
    "test_acc_std": 0.029629887956229582,
    "test_bal_acc_mean": 0.34878395261828543,
    "test_bal_acc_std": 0.02920270483727396,
    "test_f1_mean": 0.34512130898608867,
    "test_f1_std": 0.02968550793820536,
    "test_kappa_mean": 0.022989195061171953,
    "test_kappa_std": 0.04380680788129404,
    "test_precision_L_mean": 0.38897756236916575,
    "test_precision_L_std": 0.04628226106777233,
    "test_recall_L_mean": 0.4091891891891891,
    "test_recall_L_std": 0.08818594556520591,
    "test_f1_L_mean": 0.39532696911033316,
    "test_f1_L_std": 0.05453569448081307,
    "test_precision_M_mean": 0.32912664062781627,
    "test_precision_M_std": 0.031195415757538276,
    "test_recall_M_mean": 0.29879310344827587,
    "test_recall_M_std": 0.07238918371996599,
    "test_f1_M_mean": 0.31044668308781975,
    "test_f1_M_std": 0.05189595452277839,
    "test_precision_H_mean": 0.32580670289228636,
    "test_precision_H_std": 0.03926777738388594,
    "test_recall_H_mean": 0.33836956521739137,
    "test_recall_H_std": 0.04915427779459464,
    "test_f1_H_mean": 0.3302836769884953,
    "test_f1_H_std": 0.036503709335942776
  },
  "confusion_matrix": [
    [
      40.91891891891892,
      26.389639639639643,
      32.69144144144144
    ],
    [
      31.80172413793103,
      29.879310344827587,
      38.31896551724138
    ],
    [
      32.039855072463766,
      34.12318840579711,
      33.83695652173913
    ]
  ],
  "selected_features": [
    "t_end_sec",
    "SCR_Peaks_N",
    "SCR_Peaks_Amplitude_Mean",
    "EDA_Tonic_SD",
    "EDA_Autocorrelation"
  ],
  "tuned_rf_params": {},
  "n_features": 5,
  "n_seeds": 10,
  "timestamp": "2025-10-17T15:20:27.000313"
}