{
  "name": "perf_gsr",
  "config": {
    "n_seeds": 10,
    "feature_selection": "backward",
    "use_pca": false,
    "pca_variance": 0.95,
    "write_cm": true,
    "tune_hyperparameters": false,
    "tune_n_iter": 30,
    "tune_cv_folds": 5,
    "use_pose_derivatives": true,
    "use_time_features": false,
    "class_config": "all",
    "include_order": false,
    "name": "perf_gsr",
    "feature_groups": [
      "performance",
      "gsr"
    ],
    "split_strategy": "participant"
  },
  "metrics": {
    "test_acc_mean": 0.7269316932124948,
    "test_acc_std": 0.023202271027047812,
    "test_bal_acc_mean": 0.7275297711504608,
    "test_bal_acc_std": 0.023153120588473013,
    "test_f1_mean": 0.7273374616793731,
    "test_f1_std": 0.02315183129173208,
    "test_kappa_mean": 0.5904662825333432,
    "test_kappa_std": 0.03489563202748609,
    "test_precision_L_mean": 0.8616558634527844,
    "test_precision_L_std": 0.04469390793410086,
    "test_recall_L_mean": 0.7962387387387386,
    "test_recall_L_std": 0.060637432184796114,
    "test_f1_L_mean": 0.8250674637918335,
    "test_f1_L_std": 0.024372552708108217,
    "test_precision_M_mean": 0.6308720655325818,
    "test_precision_M_std": 0.03853519652482863,
    "test_recall_M_mean": 0.6855172413793104,
    "test_recall_M_std": 0.08234286086817204,
    "test_f1_M_mean": 0.6529491503099341,
    "test_f1_M_std": 0.03266511818581333,
    "test_precision_H_mean": 0.7345232044313226,
    "test_precision_H_std": 0.08123171048837492,
    "test_recall_H_mean": 0.7008333333333333,
    "test_recall_H_std": 0.1256741082382584,
    "test_f1_H_mean": 0.7051042198008621,
    "test_f1_H_std": 0.0447295039322773
  },
  "confusion_matrix": [
    [
      79.62387387387386,
      15.272522522522522,
      5.103603603603603
    ],
    [
      8.675287356321839,
      68.55172413793103,
      22.77298850574713
    ],
    [
      4.333333333333333,
      25.583333333333336,
      70.08333333333334
    ]
  ],
  "selected_features": [
    "sysmon_failure_rate",
    "sysmon_average_reaction_times",
    "comms_failure_rate",
    "comms_events",
    "comms_own_events",
    "track_failure_rate",
    "resman_failure_rate",
    "average_accuracy",
    "average_reaction_time",
    "t_end_sec",
    "SCR_Peaks_Amplitude_Mean",
    "EDA_Tonic_SD"
  ],
  "tuned_rf_params": {},
  "n_features": 12,
  "n_seeds": 10,
  "timestamp": "2025-10-17T15:33:21.169478"
}