{
  "name": "perf_eye",
  "config": {
    "n_seeds": 10,
    "feature_selection": "backward",
    "use_pca": false,
    "pca_variance": 0.95,
    "write_cm": true,
    "tune_hyperparameters": false,
    "tune_n_iter": 30,
    "tune_cv_folds": 5,
    "use_pose_derivatives": true,
    "use_time_features": false,
    "class_config": "all",
    "include_order": false,
    "name": "perf_eye",
    "feature_groups": [
      "performance",
      "eye_tracking"
    ],
    "split_strategy": "participant"
  },
  "metrics": {
    "test_acc_mean": 0.683465293336943,
    "test_acc_std": 0.04897767702279045,
    "test_bal_acc_mean": 0.6832465690290546,
    "test_bal_acc_std": 0.04880829192768154,
    "test_f1_mean": 0.6803067430194061,
    "test_f1_std": 0.05114568114580757,
    "test_kappa_mean": 0.5244816274924322,
    "test_kappa_std": 0.0733737378963027,
    "test_precision_L_mean": 0.8125026729316526,
    "test_precision_L_std": 0.10866109415074068,
    "test_recall_L_mean": 0.7153021126901322,
    "test_recall_L_std": 0.02490509330534118,
    "test_f1_L_mean": 0.7579408159056498,
    "test_f1_L_std": 0.05499902285133028,
    "test_precision_M_mean": 0.5964203950772071,
    "test_precision_M_std": 0.053587557294146895,
    "test_recall_M_mean": 0.5463881071400325,
    "test_recall_M_std": 0.12873155129673078,
    "test_f1_M_mean": 0.564116010963454,
    "test_f1_M_std": 0.08080142224511286,
    "test_precision_H_mean": 0.6791596612134796,
    "test_precision_H_std": 0.08028000180138647,
    "test_recall_H_mean": 0.7880494872569996,
    "test_recall_H_std": 0.11898308128908637,
    "test_f1_H_mean": 0.7209253108066711,
    "test_f1_H_std": 0.053605404811487525
  },
  "confusion_matrix": [
    [
      71.53021126901322,
      21.774508376235307,
      6.695280354751484
    ],
    [
      11.950919301157379,
      54.63881071400324,
      33.41026998483938
    ],
    [
      5.280730909456801,
      15.914320364843235,
      78.80494872569996
    ]
  ],
  "selected_features": [
    "sysmon_failure_rate",
    "sysmon_average_reaction_times",
    "track_failure_rate",
    "resman_failure_rate",
    "average_accuracy",
    "average_reaction_time",
    "pct_missing",
    "mean_vel",
    "max_vel",
    "fix_mean_dur",
    "blink_mean_dur",
    "blink_rate",
    "sac_rate"
  ],
  "tuned_rf_params": {},
  "n_features": 13,
  "n_seeds": 10,
  "timestamp": "2025-10-17T15:33:03.699312"
}