{
  "name": "perf_eye_ecg",
  "config": {
    "n_seeds": 10,
    "feature_selection": "backward",
    "use_pca": false,
    "pca_variance": 0.95,
    "write_cm": true,
    "tune_hyperparameters": false,
    "tune_n_iter": 30,
    "tune_cv_folds": 5,
    "use_pose_derivatives": true,
    "use_time_features": false,
    "class_config": "all",
    "include_order": false,
    "name": "perf_eye_ecg",
    "feature_groups": [
      "performance",
      "eye_tracking",
      "ecg"
    ],
    "split_strategy": "participant"
  },
  "metrics": {
    "test_acc_mean": 0.702610697347284,
    "test_acc_std": 0.030112901671117992,
    "test_bal_acc_mean": 0.7020577735452163,
    "test_bal_acc_std": 0.030901067157001635,
    "test_f1_mean": 0.7028439400695624,
    "test_f1_std": 0.03407869061195535,
    "test_kappa_mean": 0.5515914540754572,
    "test_kappa_std": 0.0471943140756308,
    "test_precision_L_mean": 0.8438266505351505,
    "test_precision_L_std": 0.11082172038086739,
    "test_recall_L_mean": 0.7157715234935242,
    "test_recall_L_std": 0.06469006816260375,
    "test_f1_L_mean": 0.7671206392807399,
    "test_f1_L_std": 0.03380256139497489,
    "test_precision_M_mean": 0.5872969079247108,
    "test_precision_M_std": 0.04808239826640005,
    "test_recall_M_mean": 0.6421353486657955,
    "test_recall_M_std": 0.14564669726415622,
    "test_f1_M_mean": 0.6056375187648405,
    "test_f1_M_std": 0.07745180944186393,
    "test_precision_H_mean": 0.7499787783748983,
    "test_precision_H_std": 0.09566216718492637,
    "test_recall_H_mean": 0.7482664484763285,
    "test_recall_H_std": 0.10940085103028488,
    "test_f1_H_mean": 0.7383387676593658,
    "test_f1_H_std": 0.03636267176574341
  },
  "confusion_matrix": [
    [
      71.57715234935242,
      24.11185183947054,
      4.310995811177036
    ],
    [
      10.207582495201951,
      64.21353486657956,
      25.578882638218495
    ],
    [
      3.8566742604435347,
      21.31668089192361,
      74.82664484763285
    ]
  ],
  "selected_features": [
    "sysmon_failure_rate",
    "sysmon_average_reaction_times",
    "track_failure_rate",
    "resman_failure_rate",
    "average_accuracy",
    "average_reaction_time",
    "pct_missing",
    "mean_vel",
    "max_vel",
    "fix_mean_dur",
    "fix_rate",
    "blink_mean_dur",
    "blink_rate",
    "sac_rate",
    "t_end_sec",
    "HRV_MeanNN",
    "HRV_MedianNN",
    "HRV_Prc80NN",
    "HRV_pNN20",
    "HRV_MinNN",
    "HRV_VHF",
    "HRV_TP",
    "HRV_LFn",
    "HRV_SD1SD2",
    "HRV_S",
    "HRV_CSI",
    "HRV_CVI",
    "HRV_PI",
    "HRV_C2a",
    "HRV_Ca",
    "HRV_SDNNa",
    "HRV_MFDFA_alpha1_Increment",
    "HRV_SampEn",
    "HRV_FuzzyEn",
    "HRV_CD",
    "HRV_HFD",
    "HRV_MFDFA_alpha2_Width",
    "HRV_MFDFA_alpha2_Peak",
    "HRV_MFDFA_alpha2_Mean",
    "HRV_MFDFA_alpha2_Max",
    "HRV_MFDFA_alpha2_Delta",
    "HRV_MFDFA_alpha2_Asymmetry"
  ],
  "tuned_rf_params": {},
  "n_features": 42,
  "n_seeds": 10,
  "timestamp": "2025-10-17T15:57:24.642693"
}