{
  "name": "perf_eye_gsr",
  "config": {
    "n_seeds": 10,
    "feature_selection": "backward",
    "use_pca": false,
    "pca_variance": 0.95,
    "write_cm": true,
    "tune_hyperparameters": false,
    "tune_n_iter": 30,
    "tune_cv_folds": 5,
    "use_pose_derivatives": true,
    "use_time_features": false,
    "class_config": "all",
    "include_order": false,
    "name": "perf_eye_gsr",
    "feature_groups": [
      "performance",
      "eye_tracking",
      "gsr"
    ],
    "split_strategy": "participant"
  },
  "metrics": {
    "test_acc_mean": 0.7058071181665619,
    "test_acc_std": 0.04403339804418202,
    "test_bal_acc_mean": 0.7067981582461101,
    "test_bal_acc_std": 0.04314039269865027,
    "test_f1_mean": 0.7050662705653823,
    "test_f1_std": 0.0470773960415291,
    "test_kappa_mean": 0.5580590670381259,
    "test_kappa_std": 0.06581778054825047,
    "test_precision_L_mean": 0.8275967888373259,
    "test_precision_L_std": 0.09460089553996281,
    "test_recall_L_mean": 0.7511200295761605,
    "test_recall_L_std": 0.049969703479865256,
    "test_f1_L_mean": 0.7852841619189347,
    "test_f1_L_std": 0.05936356864986693,
    "test_precision_M_mean": 0.61031080799132,
    "test_precision_M_std": 0.05601311001492815,
    "test_recall_M_mean": 0.678421118023045,
    "test_recall_M_std": 0.1542657583899599,
    "test_f1_M_mean": 0.6304841950513554,
    "test_f1_M_std": 0.06916524254248718,
    "test_precision_H_mean": 0.7528354690730071,
    "test_precision_H_std": 0.10136707029437557,
    "test_recall_H_mean": 0.690853327139125,
    "test_recall_H_std": 0.1469251578173672,
    "test_f1_H_mean": 0.7037940812094672,
    "test_f1_H_std": 0.06498304080544066
  },
  "confusion_matrix": [
    [
      75.11200295761603,
      19.6970419466656,
      5.190955095718353
    ],
    [
      10.813517708801685,
      67.8421118023045,
      21.344370488893816
    ],
    [
      4.584083881570732,
      26.33058340451678,
      69.08533271391249
    ]
  ],
  "selected_features": [
    "sysmon_failure_rate",
    "sysmon_average_reaction_times",
    "comms_events",
    "track_failure_rate",
    "resman_failure_rate",
    "average_accuracy",
    "average_reaction_time",
    "pct_missing",
    "mean_vel",
    "max_vel",
    "rms_disp",
    "fix_mean_dur",
    "fix_rate",
    "blink_mean_dur",
    "blink_rate",
    "sac_rate",
    "t_end_sec",
    "SCR_Peaks_N",
    "SCR_Peaks_Amplitude_Mean",
    "EDA_Tonic_SD"
  ],
  "tuned_rf_params": {},
  "n_features": 20,
  "n_seeds": 10,
  "timestamp": "2025-10-17T15:56:10.977627"
}