{
  "name": "performance",
  "config": {
    "n_seeds": 10,
    "feature_selection": "backward",
    "use_pca": false,
    "pca_variance": 0.95,
    "write_cm": true,
    "tune_hyperparameters": false,
    "tune_n_iter": 30,
    "tune_cv_folds": 5,
    "use_pose_derivatives": true,
    "use_time_features": false,
    "class_config": "all",
    "include_order": false,
    "name": "performance",
    "feature_groups": [
      "performance"
    ],
    "split_strategy": "participant"
  },
  "metrics": {
    "test_acc_mean": 0.7094444444444444,
    "test_acc_std": 0.03450114806940484,
    "test_bal_acc_mean": 0.7094444444444444,
    "test_bal_acc_std": 0.03450114806940484,
    "test_f1_mean": 0.708963552539136,
    "test_f1_std": 0.03562303856046573,
    "test_kappa_mean": 0.5641666666666666,
    "test_kappa_std": 0.05175172210410724,
    "test_precision_L_mean": 0.8459216807404939,
    "test_precision_L_std": 0.044591051175009645,
    "test_recall_L_mean": 0.7550000000000001,
    "test_recall_L_std": 0.03832930735702297,
    "test_f1_L_mean": 0.7967979435277972,
    "test_f1_L_std": 0.028053885927044858,
    "test_precision_M_mean": 0.6140783040101381,
    "test_precision_M_std": 0.04059120389240889,
    "test_recall_M_mean": 0.5983333333333334,
    "test_recall_M_std": 0.09459138895373898,
    "test_f1_M_mean": 0.6028635619423774,
    "test_f1_M_std": 0.05764444755865082,
    "test_precision_H_mean": 0.6954646754808793,
    "test_precision_H_std": 0.06950367586709556,
    "test_recall_H_mean": 0.775,
    "test_recall_H_std": 0.0959037583424004,
    "test_f1_H_mean": 0.7272291521472336,
    "test_f1_H_std": 0.042977853603309565
  },
  "confusion_matrix": [
    [
      75.50000000000001,
      18.75,
      5.749999999999999
    ],
    [
      10.5,
      59.833333333333336,
      29.666666666666668
    ],
    [
      3.500000000000001,
      18.999999999999996,
      77.49999999999999
    ]
  ],
  "selected_features": [
    "sysmon_failure_rate",
    "sysmon_average_reaction_times",
    "comms_events",
    "comms_own_events",
    "track_failure_rate",
    "resman_failure_rate",
    "average_accuracy",
    "average_reaction_time"
  ],
  "tuned_rf_params": {},
  "n_features": 8,
  "n_seeds": 10,
  "timestamp": "2025-10-17T15:19:56.876333"
}