{
  "name": "perf_eye_gsr_ecg",
  "config": {
    "n_seeds": 10,
    "feature_selection": "backward",
    "use_pca": false,
    "pca_variance": 0.95,
    "write_cm": true,
    "tune_hyperparameters": false,
    "tune_n_iter": 30,
    "tune_cv_folds": 5,
    "use_pose_derivatives": true,
    "use_time_features": false,
    "class_config": "all",
    "include_order": false,
    "name": "perf_eye_gsr_ecg",
    "feature_groups": [
      "performance",
      "eye_tracking",
      "gsr",
      "ecg"
    ],
    "split_strategy": "participant"
  },
  "metrics": {
    "test_acc_mean": 0.6974465950972244,
    "test_acc_std": 0.03803752441401888,
    "test_bal_acc_mean": 0.6979406332925693,
    "test_bal_acc_std": 0.03853050157033222,
    "test_f1_mean": 0.6983603030109217,
    "test_f1_std": 0.038555442520548155,
    "test_kappa_mean": 0.5443529902293646,
    "test_kappa_std": 0.05790355862134197,
    "test_precision_L_mean": 0.8369802707137376,
    "test_precision_L_std": 0.11482398924833494,
    "test_recall_L_mean": 0.7202838630507409,
    "test_recall_L_std": 0.07481908277845742,
    "test_f1_L_mean": 0.7653125802091498,
    "test_f1_L_std": 0.038928931272814195,
    "test_precision_M_mean": 0.5845115581711504,
    "test_precision_M_std": 0.060105453031519866,
    "test_recall_M_mean": 0.6387440886278217,
    "test_recall_M_std": 0.1461559703263334,
    "test_f1_M_mean": 0.60189137085316,
    "test_f1_M_std": 0.06763565883868813,
    "test_precision_H_mean": 0.7490518402470634,
    "test_precision_H_std": 0.10269818780969531,
    "test_recall_H_mean": 0.7347939481991453,
    "test_recall_H_std": 0.10582352977365005,
    "test_f1_H_mean": 0.7309921151605606,
    "test_f1_H_std": 0.04144486470611574
  },
  "confusion_matrix": [
    [
      72.02838630507408,
      22.95513171000571,
      5.0164819849202065
    ],
    [
      11.47113053156946,
      63.874408862782175,
      24.654460605648367
    ],
    [
      3.184495306711183,
      23.336109873374294,
      73.47939481991452
    ]
  ],
  "selected_features": [
    "sysmon_failure_rate",
    "sysmon_average_reaction_times",
    "track_failure_rate",
    "resman_failure_rate",
    "average_accuracy",
    "average_reaction_time",
    "pct_missing",
    "mean_vel",
    "max_vel",
    "fix_mean_dur",
    "fix_rate",
    "blink_mean_dur",
    "blink_rate",
    "sac_rate",
    "t_end_sec",
    "SCR_Peaks_Amplitude_Mean",
    "EDA_Tonic_SD",
    "HRV_MeanNN",
    "HRV_MedianNN",
    "HRV_Prc80NN",
    "HRV_MinNN",
    "HRV_CVI",
    "HRV_PAS",
    "HRV_C2a"
  ],
  "tuned_rf_params": {},
  "n_features": 24,
  "n_seeds": 10,
  "timestamp": "2025-10-17T16:14:19.480655"
}