{
  "name": "pose_perf",
  "config": {
    "n_seeds": 10,
    "feature_selection": "backward",
    "use_pca": false,
    "pca_variance": 0.95,
    "write_cm": true,
    "tune_hyperparameters": false,
    "tune_n_iter": 30,
    "tune_cv_folds": 5,
    "use_pose_derivatives": true,
    "use_time_features": false,
    "class_config": "all",
    "include_order": false,
    "name": "pose_perf",
    "feature_groups": [
      "pose",
      "performance"
    ],
    "split_strategy": "participant"
  },
  "metrics": {
    "test_acc_mean": 0.6746972534332085,
    "test_acc_std": 0.045280273012589106,
    "test_bal_acc_mean": 0.6746455938697318,
    "test_bal_acc_std": 0.04521354755406028,
    "test_f1_mean": 0.6727469375140591,
    "test_f1_std": 0.046277444311527076,
    "test_kappa_mean": 0.5119980961860523,
    "test_kappa_std": 0.06785860279313324,
    "test_precision_L_mean": 0.7648643791440726,
    "test_precision_L_std": 0.06206457834478174,
    "test_recall_L_mean": 0.7308333333333333,
    "test_recall_L_std": 0.06503204338375558,
    "test_f1_L_mean": 0.7429232197535898,
    "test_f1_L_std": 0.021642877737230677,
    "test_precision_M_mean": 0.5773885030200632,
    "test_precision_M_std": 0.07549958624986021,
    "test_recall_M_mean": 0.5700000000000001,
    "test_recall_M_std": 0.12223484783273288,
    "test_f1_M_mean": 0.5662674304070352,
    "test_f1_M_std": 0.07803556332194107,
    "test_precision_H_mean": 0.7089863843556824,
    "test_precision_H_std": 0.08379782885341953,
    "test_recall_H_mean": 0.723103448275862,
    "test_recall_H_std": 0.12051576294609909,
    "test_f1_H_mean": 0.7091241102446607,
    "test_f1_H_std": 0.07161486218391556
  },
  "confusion_matrix": [
    [
      73.08333333333334,
      21.166666666666668,
      5.75
    ],
    [
      17.583333333333332,
      57.0,
      25.416666666666664
    ],
    [
      6.0201149425287355,
      21.669540229885055,
      72.31034482758619
    ]
  ],
  "selected_features": [
    "head_rotation_rad_min",
    "head_rotation_rad_max",
    "head_rotation_rad_rms",
    "head_rotation_rad_p75",
    "head_rotation_rad_autocorr1",
    "head_tx_max",
    "head_tx_mean",
    "head_tx_median",
    "head_tx_p75",
    "head_tx_autocorr1",
    "head_ty_min",
    "head_ty_max",
    "head_ty_rms",
    "head_ty_std",
    "head_ty_p75",
    "head_ty_autocorr1",
    "head_scalex_min",
    "head_scalex_rms",
    "head_scalex_p75",
    "head_scalex_autocorr1",
    "head_scaley_min",
    "head_scaley_max",
    "head_scaley_std",
    "head_scaley_p75",
    "head_scaley_autocorr1",
    "head_motion_mag_min",
    "head_motion_mag_p75",
    "head_motion_mag_autocorr1",
    "blink_aperture_min",
    "blink_aperture_max",
    "blink_aperture_p25",
    "blink_aperture_p75",
    "mouth_aperture_min",
    "mouth_aperture_max",
    "mouth_aperture_mean",
    "mouth_aperture_p25",
    "mouth_aperture_p75",
    "mouth_aperture_autocorr1",
    "pupil_dy_max",
    "pupil_dy_mean",
    "pupil_dy_median",
    "pupil_dy_p75",
    "pupil_metric_min",
    "pupil_metric_mean",
    "pupil_metric_std",
    "pupil_metric_p75",
    "pupil_metric_autocorr1",
    "head_rotation_rad_vel_min",
    "head_rotation_rad_vel_mean",
    "head_rotation_rad_vel_p25",
    "head_rotation_rad_vel_p75",
    "head_rotation_rad_vel_autocorr1",
    "head_rotation_rad_acc_min",
    "head_rotation_rad_acc_max",
    "head_rotation_rad_acc_p75",
    "head_tx_vel_median",
    "head_tx_vel_p25",
    "head_tx_vel_autocorr1",
    "head_tx_acc_autocorr1",
    "head_ty_vel_median",
    "head_ty_vel_autocorr1",
    "head_ty_acc_autocorr1",
    "head_scalex_acc_p75",
    "head_scaley_acc_p75",
    "head_scaley_acc_autocorr1",
    "head_motion_mag_vel_median",
    "head_motion_mag_vel_autocorr1",
    "head_motion_mag_acc_autocorr1",
    "blink_aperture_vel_mean",
    "blink_aperture_vel_autocorr1",
    "blink_aperture_acc_mean",
    "blink_aperture_acc_median",
    "mouth_aperture_vel_min",
    "mouth_aperture_vel_median",
    "mouth_aperture_acc_std",
    "mouth_aperture_acc_median",
    "mouth_aperture_acc_p75",
    "mouth_aperture_acc_autocorr1",
    "pupil_dx_acc_max",
    "pupil_dx_acc_p75",
    "pupil_dy_vel_median",
    "pupil_metric_vel_std",
    "pupil_metric_vel_autocorr1",
    "pupil_metric_acc_min",
    "pupil_metric_acc_std",
    "pupil_metric_acc_autocorr1",
    "sysmon_failure_rate",
    "sysmon_average_reaction_times",
    "track_failure_rate",
    "resman_failure_rate",
    "average_accuracy",
    "average_reaction_time"
  ],
  "tuned_rf_params": {},
  "n_features": 92,
  "n_seeds": 10,
  "timestamp": "2025-10-17T15:25:19.604451"
}