{
  "name": "pose_ecg",
  "config": {
    "n_seeds": 10,
    "feature_selection": "backward",
    "use_pca": false,
    "pca_variance": 0.95,
    "write_cm": true,
    "tune_hyperparameters": false,
    "tune_n_iter": 30,
    "tune_cv_folds": 5,
    "use_pose_derivatives": true,
    "use_time_features": false,
    "class_config": "all",
    "include_order": false,
    "name": "pose_ecg",
    "feature_groups": [
      "pose",
      "ecg"
    ],
    "split_strategy": "participant"
  },
  "metrics": {
    "test_acc_mean": 0.33579925161241797,
    "test_acc_std": 0.035496573138638673,
    "test_bal_acc_mean": 0.3357247629524857,
    "test_bal_acc_std": 0.036422596029081135,
    "test_f1_mean": 0.3105931716188082,
    "test_f1_std": 0.036025145137513495,
    "test_kappa_mean": 0.00341882699027376,
    "test_kappa_std": 0.05432774317684493,
    "test_precision_L_mean": 0.36135055541269734,
    "test_precision_L_std": 0.050466975677647116,
    "test_recall_L_mean": 0.5003174603174603,
    "test_recall_L_std": 0.1559793385158424,
    "test_f1_L_mean": 0.4128767042883462,
    "test_f1_L_std": 0.07971871855033245,
    "test_precision_M_mean": 0.25423164861805203,
    "test_precision_M_std": 0.1235622759394249,
    "test_recall_M_mean": 0.17984126984126986,
    "test_recall_M_std": 0.16284791169934962,
    "test_f1_M_mean": 0.190906586857848,
    "test_f1_M_std": 0.12900829391325658,
    "test_precision_H_mean": 0.32907082297613754,
    "test_precision_H_std": 0.06618017279019159,
    "test_recall_H_mean": 0.327015558698727,
    "test_recall_H_std": 0.10936717375757313,
    "test_f1_H_mean": 0.3248888514217428,
    "test_f1_H_std": 0.08530587915822567
  },
  "confusion_matrix": [
    [
      50.03174603174603,
      20.539682539682538,
      29.428571428571427
    ],
    [
      43.65079365079365,
      17.984126984126984,
      38.36507936507936
    ],
    [
      41.52098066949552,
      25.777463460631775,
      32.701555869872706
    ]
  ],
  "selected_features": [
    "head_rotation_rad_min",
    "head_rotation_rad_max",
    "head_rotation_rad_p75",
    "head_tx_max",
    "head_tx_median",
    "head_tx_p75",
    "head_tx_autocorr1",
    "head_ty_min",
    "head_ty_max",
    "head_ty_rms",
    "head_ty_p75",
    "head_ty_autocorr1",
    "head_scalex_min",
    "head_scalex_rms",
    "head_scaley_min",
    "head_scaley_autocorr1",
    "head_motion_mag_min",
    "head_motion_mag_rms",
    "head_motion_mag_autocorr1",
    "blink_aperture_max",
    "blink_aperture_p75",
    "mouth_aperture_max",
    "mouth_aperture_std",
    "mouth_aperture_median",
    "mouth_aperture_autocorr1",
    "pupil_dx_p75",
    "pupil_dy_max",
    "pupil_metric_min",
    "pupil_metric_p75",
    "head_rotation_rad_vel_autocorr1",
    "head_tx_vel_median",
    "head_tx_acc_p75",
    "head_ty_vel_max",
    "head_ty_vel_mean",
    "head_scalex_vel_median",
    "head_scalex_acc_median",
    "head_scaley_vel_autocorr1",
    "head_scaley_acc_median",
    "head_motion_mag_vel_median",
    "head_motion_mag_vel_autocorr1",
    "blink_aperture_vel_max",
    "blink_aperture_vel_autocorr1",
    "blink_aperture_acc_max",
    "blink_aperture_acc_mean",
    "blink_aperture_acc_std",
    "blink_aperture_acc_autocorr1",
    "mouth_aperture_vel_min",
    "mouth_aperture_acc_min",
    "mouth_aperture_acc_max",
    "pupil_dy_vel_median",
    "pupil_dy_acc_autocorr1",
    "pupil_metric_vel_std",
    "HRV_MedianNN",
    "HRV_Prc80NN",
    "HRV_pNN50",
    "HRV_pNN20",
    "HRV_HTI",
    "HRV_PAS",
    "HRV_C2a",
    "HRV_SDNNa",
    "HRV_CD",
    "HRV_HFD"
  ],
  "tuned_rf_params": {},
  "n_features": 62,
  "n_seeds": 10,
  "timestamp": "2025-10-17T15:32:36.002444"
}