{
  "name": "pose",
  "config": {
    "n_seeds": 10,
    "feature_selection": "backward",
    "use_pca": false,
    "pca_variance": 0.95,
    "write_cm": true,
    "tune_hyperparameters": false,
    "tune_n_iter": 30,
    "tune_cv_folds": 5,
    "use_pose_derivatives": true,
    "use_time_features": false,
    "class_config": "all",
    "include_order": false,
    "name": "pose",
    "feature_groups": [
      "pose"
    ],
    "split_strategy": "participant"
  },
  "metrics": {
    "test_acc_mean": 0.3162913703395831,
    "test_acc_std": 0.02983410898962782,
    "test_bal_acc_mean": 0.3162359815286024,
    "test_bal_acc_std": 0.029794377833672545,
    "test_f1_mean": 0.3076839680890709,
    "test_f1_std": 0.025076452788980966,
    "test_kappa_mean": -0.02546209156001037,
    "test_kappa_std": 0.04480701274891946,
    "test_precision_L_mean": 0.3350548713991738,
    "test_precision_L_std": 0.049149013216770315,
    "test_recall_L_mean": 0.3807407407407407,
    "test_recall_L_std": 0.10073347831484075,
    "test_f1_L_mean": 0.3531031012936518,
    "test_f1_L_std": 0.06838456450365099,
    "test_precision_M_mean": 0.29190169263583143,
    "test_precision_M_std": 0.05820526053018453,
    "test_recall_M_mean": 0.2051851851851852,
    "test_recall_M_std": 0.06237195388154335,
    "test_f1_M_mean": 0.2350536100017301,
    "test_f1_M_std": 0.056094540044869357,
    "test_precision_H_mean": 0.3147461769793299,
    "test_precision_H_std": 0.027676926609477768,
    "test_recall_H_mean": 0.36278201865988124,
    "test_recall_H_std": 0.07826219609888266,
    "test_f1_H_mean": 0.3346563279209325,
    "test_f1_H_std": 0.042957214216873624
  },
  "confusion_matrix": [
    [
      38.074074074074076,
      24.51851851851852,
      37.407407407407405
    ],
    [
      38.888888888888886,
      20.51851851851852,
      40.592592592592595
    ],
    [
      36.44500989539158,
      27.2767882386203,
      36.27820186598812
    ]
  ],
  "selected_features": [
    "head_rotation_rad_rms",
    "head_rotation_rad_std",
    "head_rotation_rad_median",
    "head_rotation_rad_p25",
    "head_tx_mean",
    "head_tx_p75",
    "head_ty_min",
    "head_ty_max",
    "head_ty_rms",
    "head_ty_p75",
    "head_scalex_min",
    "head_scalex_rms",
    "head_scalex_p75",
    "head_scalex_autocorr1",
    "head_scaley_min",
    "head_scaley_max",
    "head_scaley_p75",
    "head_motion_mag_min",
    "head_motion_mag_rms",
    "head_motion_mag_p75",
    "head_motion_mag_autocorr1",
    "blink_aperture_p25",
    "mouth_aperture_median",
    "pupil_dx_mean",
    "pupil_dx_p25",
    "pupil_dy_p75",
    "head_tx_vel_median",
    "head_tx_acc_p75",
    "head_ty_vel_max",
    "head_ty_vel_median",
    "head_ty_acc_p75",
    "head_scalex_vel_median",
    "head_scaley_vel_autocorr1",
    "head_scaley_acc_mean",
    "blink_aperture_vel_max",
    "blink_aperture_vel_autocorr1",
    "blink_aperture_acc_max",
    "mouth_aperture_acc_max",
    "mouth_aperture_acc_median",
    "mouth_aperture_acc_autocorr1",
    "pupil_dx_acc_min",
    "pupil_dx_acc_median",
    "pupil_dy_acc_autocorr1",
    "pupil_metric_vel_std",
    "pupil_metric_vel_autocorr1",
    "pupil_metric_acc_p75"
  ],
  "tuned_rf_params": {},
  "n_features": 46,
  "n_seeds": 10,
  "timestamp": "2025-10-17T15:19:28.805765"
}