{
  "name": "pose_eye_gsr_ecg",
  "config": {
    "n_seeds": 10,
    "feature_selection": "backward",
    "use_pca": false,
    "pca_variance": 0.95,
    "write_cm": true,
    "tune_hyperparameters": false,
    "tune_n_iter": 30,
    "tune_cv_folds": 5,
    "use_pose_derivatives": true,
    "use_time_features": false,
    "class_config": "all",
    "include_order": false,
    "name": "pose_eye_gsr_ecg",
    "feature_groups": [
      "pose",
      "eye_tracking",
      "gsr",
      "ecg"
    ],
    "split_strategy": "participant"
  },
  "metrics": {
    "test_acc_mean": 0.38375708829292116,
    "test_acc_std": 0.032058208714241046,
    "test_bal_acc_mean": 0.3911166594743201,
    "test_bal_acc_std": 0.03365496423010914,
    "test_f1_mean": 0.35644472721078013,
    "test_f1_std": 0.03869305836620106,
    "test_kappa_mean": 0.08267702463066189,
    "test_kappa_std": 0.048220069767951644,
    "test_precision_L_mean": 0.39658096892947314,
    "test_precision_L_std": 0.05221881022159938,
    "test_recall_L_mean": 0.5557009679888394,
    "test_recall_L_std": 0.18998316188234313,
    "test_f1_L_mean": 0.4497105924338679,
    "test_f1_L_std": 0.07496758605466244,
    "test_precision_M_mean": 0.2888892959176875,
    "test_precision_M_std": 0.12192184835166893,
    "test_recall_M_mean": 0.17514717614647562,
    "test_recall_M_std": 0.1223936504626688,
    "test_f1_M_mean": 0.20451026199293723,
    "test_f1_M_std": 0.12340182679354146,
    "test_precision_H_mean": 0.4159088788779142,
    "test_precision_H_std": 0.03987524905789282,
    "test_recall_H_mean": 0.4425018342876455,
    "test_recall_H_std": 0.1174299889149034,
    "test_f1_H_mean": 0.4217835812083206,
    "test_f1_H_std": 0.06513473446313987
  },
  "confusion_matrix": [
    [
      55.57009679888394,
      19.527072061438062,
      24.902831139678018
    ],
    [
      39.95945555156989,
      17.514717614647562,
      42.525826833782546
    ],
    [
      35.441313991416344,
      20.30850257981911,
      44.250183428764544
    ]
  ],
  "selected_features": [
    "head_rotation_rad_max",
    "head_rotation_rad_median",
    "head_rotation_rad_p25",
    "head_tx_max",
    "head_tx_p25",
    "head_tx_p75",
    "head_ty_min",
    "head_ty_max",
    "head_ty_rms",
    "head_ty_p75",
    "head_scalex_rms",
    "head_scalex_p75",
    "head_scalex_autocorr1",
    "head_scaley_min",
    "head_motion_mag_min",
    "head_motion_mag_rms",
    "head_motion_mag_p75",
    "head_motion_mag_autocorr1",
    "blink_aperture_p25",
    "blink_aperture_p75",
    "mouth_aperture_max",
    "mouth_aperture_autocorr1",
    "pupil_dx_p25",
    "pupil_dx_p75",
    "pupil_dy_max",
    "pupil_dy_mean",
    "pupil_dy_p25",
    "pupil_metric_autocorr1",
    "head_rotation_rad_vel_min",
    "head_rotation_rad_acc_min",
    "head_rotation_rad_acc_std",
    "head_rotation_rad_acc_median",
    "head_tx_vel_p25",
    "head_tx_acc_median",
    "head_ty_acc_mean",
    "head_scalex_acc_autocorr1",
    "head_scaley_vel_min",
    "head_scaley_vel_median",
    "head_scaley_acc_mean",
    "head_motion_mag_vel_mean",
    "head_motion_mag_vel_autocorr1",
    "head_motion_mag_acc_mean",
    "blink_aperture_vel_max",
    "blink_aperture_vel_median",
    "blink_aperture_acc_min",
    "blink_aperture_acc_median",
    "mouth_aperture_vel_min",
    "mouth_aperture_vel_mean",
    "mouth_aperture_acc_min",
    "mouth_aperture_acc_max",
    "mouth_aperture_acc_std",
    "mouth_aperture_acc_median",
    "mouth_aperture_acc_p75",
    "mouth_aperture_acc_autocorr1",
    "pupil_dx_acc_min",
    "pupil_dx_acc_median",
    "pupil_dy_acc_min",
    "pct_missing",
    "mean_vel",
    "max_vel",
    "rms_disp",
    "fix_rate",
    "blink_mean_dur",
    "blink_rate",
    "sac_rate",
    "SCR_Peaks_N",
    "SCR_Peaks_Amplitude_Mean",
    "EDA_Autocorrelation",
    "HRV_MeanNN",
    "HRV_MedianNN",
    "HRV_MinNN",
    "HRV_VHF",
    "HRV_SD1SD2",
    "HRV_CVI",
    "HRV_IALS",
    "HRV_C2a",
    "HRV_MFDFA_alpha1_Width",
    "HRV_MFDFA_alpha1_Mean",
    "HRV_SampEn",
    "HRV_ShanEn"
  ],
  "tuned_rf_params": {},
  "n_features": 80,
  "n_seeds": 10,
  "timestamp": "2025-10-17T16:12:54.910551"
}