{
  "name": "pose_eye_gsr",
  "config": {
    "n_seeds": 10,
    "feature_selection": "backward",
    "use_pca": false,
    "pca_variance": 0.95,
    "write_cm": true,
    "tune_hyperparameters": false,
    "tune_n_iter": 30,
    "tune_cv_folds": 5,
    "use_pose_derivatives": true,
    "use_time_features": false,
    "class_config": "all",
    "include_order": false,
    "name": "pose_eye_gsr",
    "feature_groups": [
      "pose",
      "eye_tracking",
      "gsr"
    ],
    "split_strategy": "participant"
  },
  "metrics": {
    "test_acc_mean": 0.40735959224156826,
    "test_acc_std": 0.03720647091700083,
    "test_bal_acc_mean": 0.41069729535928234,
    "test_bal_acc_std": 0.03823024281411989,
    "test_f1_mean": 0.3908547662751528,
    "test_f1_std": 0.0393642550985983,
    "test_kappa_mean": 0.11287264602450606,
    "test_kappa_std": 0.056854596430060876,
    "test_precision_L_mean": 0.43486395126153254,
    "test_precision_L_std": 0.05952617806921576,
    "test_recall_L_mean": 0.5146936951065392,
    "test_recall_L_std": 0.12099899248721839,
    "test_f1_L_mean": 0.46434964178124305,
    "test_f1_L_std": 0.06383479420460769,
    "test_precision_M_mean": 0.3947695244914548,
    "test_precision_M_std": 0.0617783099270172,
    "test_recall_M_mean": 0.3079609148245051,
    "test_recall_M_std": 0.1440968432250538,
    "test_f1_M_mean": 0.3295695707050572,
    "test_f1_M_std": 0.07727089067321018,
    "test_precision_H_mean": 0.3889972984533488,
    "test_precision_H_std": 0.04939612661274496,
    "test_recall_H_mean": 0.4094372761468027,
    "test_recall_H_std": 0.19789691848175203,
    "test_f1_H_mean": 0.38438565011733056,
    "test_f1_H_std": 0.11445058845318169
  },
  "confusion_matrix": [
    [
      51.46936951065392,
      21.043175086603945,
      27.487455402742135
    ],
    [
      33.40417200407059,
      30.796091482450503,
      35.79973651347891
    ],
    [
      30.233413008836738,
      28.822859376482988,
      40.94372761468028
    ]
  ],
  "selected_features": [
    "head_rotation_rad_min",
    "head_rotation_rad_rms",
    "head_rotation_rad_median",
    "head_rotation_rad_p25",
    "head_rotation_rad_p75",
    "head_tx_max",
    "head_tx_p25",
    "head_tx_p75",
    "head_tx_autocorr1",
    "head_ty_min",
    "head_ty_max",
    "head_ty_rms",
    "head_ty_p75",
    "head_ty_autocorr1",
    "head_scalex_min",
    "head_scalex_rms",
    "head_scalex_autocorr1",
    "head_scaley_min",
    "head_scaley_max",
    "head_scaley_p75",
    "head_motion_mag_min",
    "head_motion_mag_rms",
    "head_motion_mag_p75",
    "head_motion_mag_autocorr1",
    "blink_aperture_min",
    "blink_aperture_max",
    "blink_aperture_p75",
    "mouth_aperture_min",
    "mouth_aperture_max",
    "mouth_aperture_mean",
    "mouth_aperture_median",
    "mouth_aperture_autocorr1",
    "pupil_dx_p25",
    "pupil_dy_p25",
    "pupil_metric_p25",
    "pupil_metric_p75",
    "head_rotation_rad_vel_p75",
    "head_rotation_rad_acc_max",
    "head_rotation_rad_acc_median",
    "head_rotation_rad_acc_p75",
    "head_rotation_rad_acc_autocorr1",
    "head_tx_vel_autocorr1",
    "head_tx_acc_median",
    "head_tx_acc_p75",
    "head_tx_acc_autocorr1",
    "head_ty_vel_max",
    "head_ty_vel_median",
    "head_ty_vel_autocorr1",
    "head_ty_acc_mean",
    "head_ty_acc_median",
    "head_ty_acc_autocorr1",
    "head_scalex_vel_autocorr1",
    "head_scalex_acc_autocorr1",
    "head_scaley_vel_mean",
    "head_scaley_vel_median",
    "head_scaley_vel_autocorr1",
    "head_scaley_acc_mean",
    "head_scaley_acc_p75",
    "head_scaley_acc_autocorr1",
    "head_motion_mag_vel_median",
    "head_motion_mag_vel_autocorr1",
    "head_motion_mag_acc_std",
    "head_motion_mag_acc_median",
    "head_motion_mag_acc_p75",
    "head_motion_mag_acc_autocorr1",
    "blink_aperture_vel_max",
    "blink_aperture_vel_mean",
    "blink_aperture_vel_median",
    "blink_aperture_acc_min",
    "blink_aperture_acc_mean",
    "mouth_aperture_vel_min",
    "mouth_aperture_acc_max",
    "mouth_aperture_acc_median",
    "pupil_dy_vel_median",
    "pupil_dy_acc_median",
    "pupil_dy_acc_p75",
    "pupil_dy_acc_autocorr1",
    "pupil_metric_vel_max",
    "pupil_metric_vel_autocorr1",
    "pupil_metric_acc_median",
    "pct_missing",
    "mean_vel",
    "max_vel",
    "rms_disp",
    "fix_mean_dur",
    "fix_rate",
    "blink_mean_dur",
    "blink_rate",
    "sac_rate",
    "SCR_Peaks_Amplitude_Mean",
    "EDA_Tonic_SD"
  ],
  "tuned_rf_params": {},
  "n_features": 91,
  "n_seeds": 10,
  "timestamp": "2025-10-17T15:47:51.969014"
}