{
  "name": "pose_eye",
  "config": {
    "n_seeds": 10,
    "feature_selection": "backward",
    "use_pca": false,
    "pca_variance": 0.95,
    "write_cm": true,
    "tune_hyperparameters": false,
    "tune_n_iter": 30,
    "tune_cv_folds": 5,
    "use_pose_derivatives": true,
    "use_time_features": false,
    "class_config": "all",
    "include_order": false,
    "name": "pose_eye",
    "feature_groups": [
      "pose",
      "eye_tracking"
    ],
    "split_strategy": "participant"
  },
  "metrics": {
    "test_acc_mean": 0.39829792952965565,
    "test_acc_std": 0.0403271201052039,
    "test_bal_acc_mean": 0.40061850834889673,
    "test_bal_acc_std": 0.04023801206312562,
    "test_f1_mean": 0.3866809511272093,
    "test_f1_std": 0.03732557708184575,
    "test_kappa_mean": 0.10037641604474237,
    "test_kappa_std": 0.06012902973590901,
    "test_precision_L_mean": 0.4040252472911477,
    "test_precision_L_std": 0.06160981504153504,
    "test_recall_L_mean": 0.5094278118994795,
    "test_recall_L_std": 0.10997970064663726,
    "test_f1_L_mean": 0.4442467361785982,
    "test_f1_L_std": 0.0544183805206596,
    "test_precision_M_mean": 0.3942753273580849,
    "test_precision_M_std": 0.07611209125385354,
    "test_recall_M_mean": 0.3018889468472616,
    "test_recall_M_std": 0.12492924850652977,
    "test_f1_M_mean": 0.3281895867189148,
    "test_f1_M_std": 0.08302981816782672,
    "test_precision_H_mean": 0.4250343712548196,
    "test_precision_H_std": 0.08121346558723982,
    "test_recall_H_mean": 0.3905387662999492,
    "test_recall_H_std": 0.14800293366820577,
    "test_f1_H_mean": 0.3902338457115011,
    "test_f1_H_std": 0.07408526287261044
  },
  "confusion_matrix": [
    [
      50.94278118994795,
      21.541956843899637,
      27.515261966152416
    ],
    [
      40.37229580980655,
      30.188894684726154,
      29.438809505467287
    ],
    [
      33.780270822696586,
      27.165852547308493,
      39.05387662999492
    ]
  ],
  "selected_features": [
    "head_rotation_rad_min",
    "head_rotation_rad_rms",
    "head_rotation_rad_median",
    "head_rotation_rad_p75",
    "head_tx_max",
    "head_tx_p25",
    "head_tx_p75",
    "head_tx_autocorr1",
    "head_ty_max",
    "head_ty_rms",
    "head_ty_p75",
    "head_scalex_min",
    "head_scalex_rms",
    "head_scalex_p75",
    "head_scalex_autocorr1",
    "head_scaley_min",
    "head_scaley_max",
    "head_scaley_std",
    "head_scaley_p75",
    "head_scaley_autocorr1",
    "head_motion_mag_min",
    "head_motion_mag_rms",
    "head_motion_mag_p75",
    "blink_aperture_min",
    "blink_aperture_max",
    "blink_aperture_p25",
    "blink_aperture_p75",
    "mouth_aperture_min",
    "mouth_aperture_max",
    "mouth_aperture_median",
    "mouth_aperture_p25",
    "pupil_dx_max",
    "pupil_dx_p25",
    "pupil_dx_p75",
    "pupil_dy_mean",
    "pupil_dy_median",
    "pupil_dy_p25",
    "pupil_dy_p75",
    "pupil_metric_min",
    "head_rotation_rad_vel_min",
    "head_rotation_rad_vel_p25",
    "head_rotation_rad_vel_p75",
    "head_rotation_rad_vel_autocorr1",
    "head_rotation_rad_acc_max",
    "head_rotation_rad_acc_std",
    "head_tx_vel_autocorr1",
    "head_tx_acc_p75",
    "head_ty_vel_max",
    "head_ty_vel_median",
    "head_ty_vel_autocorr1",
    "head_ty_acc_autocorr1",
    "head_scalex_acc_autocorr1",
    "head_scaley_vel_std",
    "head_scaley_vel_median",
    "head_scaley_vel_autocorr1",
    "head_scaley_acc_mean",
    "head_scaley_acc_std",
    "head_scaley_acc_median",
    "head_scaley_acc_p75",
    "head_motion_mag_vel_median",
    "head_motion_mag_acc_std",
    "head_motion_mag_acc_median",
    "head_motion_mag_acc_p75",
    "head_motion_mag_acc_autocorr1",
    "blink_aperture_vel_min",
    "blink_aperture_vel_max",
    "blink_aperture_vel_autocorr1",
    "blink_aperture_acc_min",
    "blink_aperture_acc_mean",
    "blink_aperture_acc_median",
    "mouth_aperture_vel_min",
    "mouth_aperture_acc_min",
    "mouth_aperture_acc_mean",
    "mouth_aperture_acc_median",
    "pupil_dx_acc_min",
    "pupil_dx_acc_p75",
    "pupil_dy_vel_max",
    "pupil_dy_acc_min",
    "pupil_dy_acc_max",
    "pupil_dy_acc_std",
    "pupil_metric_vel_std",
    "pupil_metric_acc_max",
    "pct_missing",
    "mean_vel",
    "max_vel",
    "rms_disp",
    "fix_mean_dur",
    "fix_rate",
    "blink_mean_dur",
    "blink_rate",
    "sac_rate"
  ],
  "tuned_rf_params": {},
  "n_features": 91,
  "n_seeds": 10,
  "timestamp": "2025-10-17T15:26:57.852115"
}