{
  "name": "pose_perf_gsr_ecg",
  "config": {
    "n_seeds": 10,
    "feature_selection": "backward",
    "use_pca": false,
    "pca_variance": 0.95,
    "write_cm": true,
    "tune_hyperparameters": false,
    "tune_n_iter": 30,
    "tune_cv_folds": 5,
    "use_pose_derivatives": true,
    "use_time_features": false,
    "class_config": "all",
    "include_order": false,
    "name": "pose_perf_gsr_ecg",
    "feature_groups": [
      "pose",
      "performance",
      "gsr",
      "ecg"
    ],
    "split_strategy": "participant"
  },
  "metrics": {
    "test_acc_mean": 0.6629941258247726,
    "test_acc_std": 0.04236646846645679,
    "test_bal_acc_mean": 0.6617806066320918,
    "test_bal_acc_std": 0.04280246826111738,
    "test_f1_mean": 0.6598503281348419,
    "test_f1_std": 0.050062737100154325,
    "test_kappa_mean": 0.4936806801973642,
    "test_kappa_std": 0.06370903982661806,
    "test_precision_L_mean": 0.7558325787511763,
    "test_precision_L_std": 0.10217706666905088,
    "test_recall_L_mean": 0.7380952380952381,
    "test_recall_L_std": 0.08188589258054224,
    "test_f1_L_mean": 0.737764171068988,
    "test_f1_L_std": 0.030943759350485513,
    "test_precision_M_mean": 0.5395215787025822,
    "test_precision_M_std": 0.053556773110969444,
    "test_recall_M_mean": 0.5442857142857143,
    "test_recall_M_std": 0.17079451951288022,
    "test_f1_M_mean": 0.53229425240393,
    "test_f1_M_std": 0.1072164406874988,
    "test_precision_H_mean": 0.724408363938171,
    "test_precision_H_std": 0.10223946884125985,
    "test_recall_H_mean": 0.7029608675153229,
    "test_recall_H_std": 0.06417599452859668,
    "test_f1_H_mean": 0.7066212764167034,
    "test_f1_H_std": 0.03733163640653149
  },
  "confusion_matrix": [
    [
      73.8095238095238,
      20.158730158730158,
      6.031746031746032
    ],
    [
      20.555555555555554,
      54.42857142857143,
      25.015873015873012
    ],
    [
      5.522866572371521,
      24.181046676096184,
      70.29608675153229
    ]
  ],
  "selected_features": [
    "head_rotation_rad_max",
    "head_rotation_rad_rms",
    "head_rotation_rad_median",
    "head_rotation_rad_p25",
    "head_rotation_rad_autocorr1",
    "head_tx_mean",
    "head_tx_median",
    "head_tx_p25",
    "head_tx_p75",
    "head_tx_autocorr1",
    "head_ty_max",
    "head_ty_rms",
    "head_ty_std",
    "head_ty_p75",
    "head_scalex_min",
    "head_scalex_rms",
    "head_scalex_autocorr1",
    "head_scaley_p75",
    "head_motion_mag_min",
    "head_motion_mag_p75",
    "blink_aperture_min",
    "blink_aperture_max",
    "blink_aperture_std",
    "blink_aperture_p25",
    "blink_aperture_p75",
    "mouth_aperture_max",
    "mouth_aperture_mean",
    "mouth_aperture_std",
    "mouth_aperture_median",
    "mouth_aperture_autocorr1",
    "pupil_dx_max",
    "pupil_dx_mean",
    "pupil_dy_max",
    "pupil_metric_p25",
    "pupil_metric_p75",
    "pupil_metric_autocorr1",
    "head_rotation_rad_vel_min",
    "head_tx_vel_p25",
    "head_tx_vel_autocorr1",
    "head_tx_acc_median",
    "head_scalex_acc_median",
    "head_scaley_vel_p75",
    "head_scaley_vel_autocorr1",
    "head_scaley_acc_p75",
    "head_motion_mag_vel_autocorr1",
    "head_motion_mag_acc_autocorr1",
    "blink_aperture_vel_max",
    "blink_aperture_acc_mean",
    "mouth_aperture_vel_median",
    "mouth_aperture_acc_max",
    "mouth_aperture_acc_std",
    "mouth_aperture_acc_autocorr1",
    "pupil_dx_acc_min",
    "pupil_dx_acc_max",
    "pupil_dy_acc_min",
    "pupil_metric_vel_std",
    "pupil_metric_acc_std",
    "pupil_metric_acc_p75",
    "sysmon_failure_rate",
    "sysmon_average_reaction_times",
    "comms_failure_rate",
    "track_failure_rate",
    "resman_failure_rate",
    "average_accuracy",
    "average_reaction_time",
    "SCR_Peaks_Amplitude_Mean",
    "EDA_Autocorrelation",
    "HRV_MeanNN",
    "HRV_MedianNN",
    "HRV_Prc80NN",
    "HRV_pNN20",
    "HRV_MinNN",
    "HRV_HTI",
    "HRV_SD1SD2",
    "HRV_CSI_Modified",
    "HRV_IALS",
    "HRV_PAS",
    "HRV_ShanEn",
    "HRV_KFD",
    "HRV_LZC"
  ],
  "tuned_rf_params": {},
  "n_features": 80,
  "n_seeds": 10,
  "timestamp": "2025-10-17T16:08:42.832163"
}