{
  "name": "pose_perf_eye_gsr",
  "config": {
    "n_seeds": 10,
    "feature_selection": "backward",
    "use_pca": false,
    "pca_variance": 0.95,
    "write_cm": true,
    "tune_hyperparameters": false,
    "tune_n_iter": 30,
    "tune_cv_folds": 5,
    "use_pose_derivatives": true,
    "use_time_features": false,
    "class_config": "all",
    "include_order": false,
    "name": "pose_perf_eye_gsr",
    "feature_groups": [
      "pose",
      "performance",
      "eye_tracking",
      "gsr"
    ],
    "split_strategy": "participant"
  },
  "metrics": {
    "test_acc_mean": 0.667940359567601,
    "test_acc_std": 0.032740108726046185,
    "test_bal_acc_mean": 0.6689878112772197,
    "test_bal_acc_std": 0.030728532057077033,
    "test_f1_mean": 0.6658281076045175,
    "test_f1_std": 0.03228174567138073,
    "test_kappa_mean": 0.5013758654984501,
    "test_kappa_std": 0.048801823410551115,
    "test_precision_L_mean": 0.7315773472800369,
    "test_precision_L_std": 0.07606883733079832,
    "test_recall_L_mean": 0.7399041782822706,
    "test_recall_L_std": 0.06662523382518931,
    "test_f1_L_mean": 0.7304918073314971,
    "test_f1_L_std": 0.026398905113495873,
    "test_precision_M_mean": 0.5875023676970447,
    "test_precision_M_std": 0.05393761024162759,
    "test_recall_M_mean": 0.6079079495205255,
    "test_recall_M_std": 0.1146526014503792,
    "test_f1_M_mean": 0.5901083155196267,
    "test_f1_M_std": 0.05319499408814644,
    "test_precision_H_mean": 0.7229345602437554,
    "test_precision_H_std": 0.0830113555762403,
    "test_recall_H_mean": 0.659151306028863,
    "test_recall_H_std": 0.12704478582369752,
    "test_f1_H_mean": 0.6800426969064237,
    "test_f1_H_std": 0.07391912280575753
  },
  "confusion_matrix": [
    [
      73.99041782822707,
      21.03278414798141,
      4.9767980237915195
    ],
    [
      17.114302282912828,
      60.79079495205256,
      22.09490276503461
    ],
    [
      9.663047550540245,
      24.421821846573454,
      65.9151306028863
    ]
  ],
  "selected_features": [
    "head_rotation_rad_min",
    "head_rotation_rad_max",
    "head_rotation_rad_rms",
    "head_rotation_rad_std",
    "head_rotation_rad_p75",
    "head_rotation_rad_autocorr1",
    "head_tx_max",
    "head_tx_median",
    "head_tx_p25",
    "head_tx_p75",
    "head_tx_autocorr1",
    "head_ty_min",
    "head_ty_max",
    "head_ty_rms",
    "head_ty_p75",
    "head_ty_autocorr1",
    "head_scalex_min",
    "head_scalex_rms",
    "head_scalex_autocorr1",
    "head_scaley_min",
    "head_scaley_max",
    "head_scaley_p75",
    "head_scaley_autocorr1",
    "head_motion_mag_min",
    "head_motion_mag_p75",
    "head_motion_mag_autocorr1",
    "blink_aperture_min",
    "blink_aperture_max",
    "blink_aperture_std",
    "blink_aperture_p25",
    "blink_aperture_p75",
    "mouth_aperture_max",
    "mouth_aperture_mean",
    "mouth_aperture_median",
    "mouth_aperture_p25",
    "mouth_aperture_p75",
    "mouth_aperture_autocorr1",
    "pupil_dy_max",
    "pupil_dy_mean",
    "pupil_dy_p75",
    "pupil_metric_min",
    "pupil_metric_p75",
    "head_rotation_rad_vel_max",
    "head_rotation_rad_vel_p75",
    "head_rotation_rad_acc_p75",
    "head_rotation_rad_acc_autocorr1",
    "head_tx_vel_median",
    "head_tx_vel_autocorr1",
    "head_tx_acc_p75",
    "head_ty_vel_max",
    "head_ty_vel_median",
    "head_ty_acc_mean",
    "head_scalex_acc_mean",
    "head_scalex_acc_median",
    "head_scaley_vel_min",
    "head_scaley_vel_median",
    "head_scaley_vel_p75",
    "head_scaley_acc_std",
    "head_scaley_acc_median",
    "head_motion_mag_vel_mean",
    "head_motion_mag_vel_autocorr1",
    "head_motion_mag_acc_mean",
    "head_motion_mag_acc_std",
    "head_motion_mag_acc_median",
    "blink_aperture_vel_min",
    "blink_aperture_vel_mean",
    "blink_aperture_vel_median",
    "blink_aperture_acc_max",
    "blink_aperture_acc_mean",
    "blink_aperture_acc_p75",
    "mouth_aperture_vel_median",
    "mouth_aperture_acc_max",
    "mouth_aperture_acc_median",
    "mouth_aperture_acc_p75",
    "pupil_dx_acc_min",
    "pupil_dx_acc_p75",
    "pupil_dx_acc_autocorr1",
    "pupil_dy_acc_p75",
    "pupil_metric_vel_median",
    "sysmon_failure_rate",
    "sysmon_average_reaction_times",
    "comms_failure_rate",
    "track_failure_rate",
    "resman_failure_rate",
    "average_accuracy",
    "average_reaction_time",
    "pct_missing",
    "mean_vel",
    "max_vel",
    "fix_mean_dur",
    "fix_rate",
    "blink_mean_dur",
    "blink_rate",
    "sac_rate",
    "SCR_Peaks_Amplitude_Mean",
    "EDA_Tonic_SD"
  ],
  "tuned_rf_params": {},
  "n_features": 96,
  "n_seeds": 10,
  "timestamp": "2025-10-17T16:03:20.380543"
}