{
  "name": "pose_perf_eye",
  "config": {
    "n_seeds": 10,
    "feature_selection": "backward",
    "use_pca": false,
    "pca_variance": 0.95,
    "write_cm": true,
    "tune_hyperparameters": false,
    "tune_n_iter": 30,
    "tune_cv_folds": 5,
    "use_pose_derivatives": true,
    "use_time_features": false,
    "class_config": "all",
    "include_order": false,
    "name": "pose_perf_eye",
    "feature_groups": [
      "pose",
      "performance",
      "eye_tracking"
    ],
    "split_strategy": "participant"
  },
  "metrics": {
    "test_acc_mean": 0.678094315785739,
    "test_acc_std": 0.044058075852579356,
    "test_bal_acc_mean": 0.6786010523311228,
    "test_bal_acc_std": 0.04451546291051746,
    "test_f1_mean": 0.6748961420650446,
    "test_f1_std": 0.045533770797653396,
    "test_kappa_mean": 0.5167268625736795,
    "test_kappa_std": 0.0664103919404966,
    "test_precision_L_mean": 0.7699664312543959,
    "test_precision_L_std": 0.07835332301350821,
    "test_recall_L_mean": 0.7375261480739085,
    "test_recall_L_std": 0.06752378317487315,
    "test_f1_L_mean": 0.7476182314535784,
    "test_f1_L_std": 0.02761439516560163,
    "test_precision_M_mean": 0.5806927541472582,
    "test_precision_M_std": 0.059632236794058796,
    "test_recall_M_mean": 0.5730435345380166,
    "test_recall_M_std": 0.14725574756334073,
    "test_f1_M_mean": 0.5677138429122237,
    "test_f1_M_std": 0.08233697334865582,
    "test_precision_H_mean": 0.7111713956775676,
    "test_precision_H_std": 0.079724042809842,
    "test_recall_H_mean": 0.725233474381443,
    "test_recall_H_std": 0.12072352327955777,
    "test_f1_H_mean": 0.7118300424655246,
    "test_f1_H_std": 0.07066563616284961
  },
  "confusion_matrix": [
    [
      73.75261480739084,
      21.233353892015522,
      5.014031300593632
    ],
    [
      16.507797968600904,
      57.30435345380166,
      26.18784857759743
    ],
    [
      6.1706598389982705,
      21.305992722857432,
      72.52334743814428
    ]
  ],
  "selected_features": [
    "head_rotation_rad_min",
    "head_rotation_rad_rms",
    "head_rotation_rad_std",
    "head_rotation_rad_p25",
    "head_rotation_rad_autocorr1",
    "head_tx_median",
    "head_tx_p25",
    "head_tx_p75",
    "head_tx_autocorr1",
    "head_ty_min",
    "head_ty_max",
    "head_ty_rms",
    "head_ty_p75",
    "head_ty_autocorr1",
    "head_scalex_min",
    "head_scalex_rms",
    "head_scalex_p75",
    "head_scalex_autocorr1",
    "head_scaley_min",
    "head_scaley_max",
    "head_scaley_std",
    "head_scaley_p75",
    "head_scaley_autocorr1",
    "head_motion_mag_rms",
    "head_motion_mag_p75",
    "head_motion_mag_autocorr1",
    "blink_aperture_min",
    "blink_aperture_max",
    "blink_aperture_std",
    "blink_aperture_p25",
    "blink_aperture_p75",
    "mouth_aperture_mean",
    "mouth_aperture_std",
    "mouth_aperture_p75",
    "mouth_aperture_autocorr1",
    "pupil_dx_max",
    "pupil_dx_mean",
    "pupil_dy_max",
    "pupil_dy_mean",
    "pupil_dy_median",
    "pupil_dy_p25",
    "pupil_metric_mean",
    "head_rotation_rad_vel_min",
    "head_rotation_rad_vel_p25",
    "head_rotation_rad_acc_autocorr1",
    "head_tx_vel_p25",
    "head_tx_vel_autocorr1",
    "head_tx_acc_autocorr1",
    "head_ty_vel_max",
    "head_ty_vel_median",
    "head_ty_acc_p75",
    "head_ty_acc_autocorr1",
    "head_scalex_vel_mean",
    "head_scalex_vel_autocorr1",
    "head_scalex_acc_mean",
    "head_scalex_acc_autocorr1",
    "head_scaley_vel_autocorr1",
    "head_scaley_acc_mean",
    "head_scaley_acc_std",
    "head_scaley_acc_autocorr1",
    "head_motion_mag_vel_mean",
    "head_motion_mag_acc_mean",
    "head_motion_mag_acc_std",
    "head_motion_mag_acc_autocorr1",
    "blink_aperture_vel_mean",
    "blink_aperture_vel_autocorr1",
    "blink_aperture_acc_max",
    "blink_aperture_acc_median",
    "mouth_aperture_vel_mean",
    "mouth_aperture_vel_median",
    "mouth_aperture_acc_max",
    "mouth_aperture_acc_mean",
    "mouth_aperture_acc_std",
    "mouth_aperture_acc_median",
    "mouth_aperture_acc_p75",
    "pupil_dx_acc_max",
    "pupil_dx_acc_p75",
    "pupil_dy_vel_max",
    "pupil_dy_vel_mean",
    "pupil_dy_vel_median",
    "pupil_metric_vel_max",
    "pupil_metric_vel_std",
    "pupil_metric_vel_autocorr1",
    "pupil_metric_acc_max",
    "pupil_metric_acc_std",
    "sysmon_failure_rate",
    "sysmon_average_reaction_times",
    "track_failure_rate",
    "resman_failure_rate",
    "average_accuracy",
    "average_reaction_time",
    "mean_vel",
    "mean_acc",
    "fix_mean_dur",
    "blink_mean_dur",
    "blink_rate"
  ],
  "tuned_rf_params": {},
  "n_features": 96,
  "n_seeds": 10,
  "timestamp": "2025-10-17T15:41:08.992626"
}