{
  "name": "pose_perf_eye_ecg",
  "config": {
    "n_seeds": 10,
    "feature_selection": "backward",
    "use_pca": false,
    "pca_variance": 0.95,
    "write_cm": true,
    "tune_hyperparameters": false,
    "tune_n_iter": 30,
    "tune_cv_folds": 5,
    "use_pose_derivatives": true,
    "use_time_features": false,
    "class_config": "all",
    "include_order": false,
    "name": "pose_perf_eye_ecg",
    "feature_groups": [
      "pose",
      "performance",
      "eye_tracking",
      "ecg"
    ],
    "split_strategy": "participant"
  },
  "metrics": {
    "test_acc_mean": 0.6609248880743028,
    "test_acc_std": 0.028767891930774295,
    "test_bal_acc_mean": 0.6615492229607781,
    "test_bal_acc_std": 0.032106765896052665,
    "test_f1_mean": 0.660005085712573,
    "test_f1_std": 0.03327787936290726,
    "test_kappa_mean": 0.4900150746785858,
    "test_kappa_std": 0.04496449692406291,
    "test_precision_L_mean": 0.7431005200265461,
    "test_precision_L_std": 0.057304799730139085,
    "test_recall_L_mean": 0.7314208394427677,
    "test_recall_L_std": 0.07835756777723073,
    "test_f1_L_mean": 0.7322615783937289,
    "test_f1_L_std": 0.026974355703812347,
    "test_precision_M_mean": 0.5359172382809707,
    "test_precision_M_std": 0.06133037393295911,
    "test_recall_M_mean": 0.5490004714365351,
    "test_recall_M_std": 0.12465081283627248,
    "test_f1_M_mean": 0.5373223824904139,
    "test_f1_M_std": 0.0832521644774987,
    "test_precision_H_mean": 0.7319741358774955,
    "test_precision_H_std": 0.09963812849412818,
    "test_recall_H_mean": 0.7042263580030316,
    "test_recall_H_std": 0.058996898154892195,
    "test_f1_H_mean": 0.7105900131526381,
    "test_f1_H_std": 0.027182652117236198
  },
  "confusion_matrix": [
    [
      73.14208394427676,
      21.836305764903084,
      5.021610290820149
    ],
    [
      19.571010625986474,
      54.90004714365351,
      25.52894223036002
    ],
    [
      4.598159877679359,
      24.97920432201748,
      70.42263580030315
    ]
  ],
  "selected_features": [
    "head_rotation_rad_min",
    "head_rotation_rad_max",
    "head_rotation_rad_std",
    "head_rotation_rad_median",
    "head_rotation_rad_p25",
    "head_rotation_rad_p75",
    "head_rotation_rad_autocorr1",
    "head_tx_std",
    "head_tx_median",
    "head_tx_p25",
    "head_tx_p75",
    "head_tx_autocorr1",
    "head_ty_min",
    "head_ty_max",
    "head_ty_rms",
    "head_ty_std",
    "head_ty_p75",
    "head_ty_autocorr1",
    "head_scalex_rms",
    "head_scalex_p75",
    "head_scalex_autocorr1",
    "head_scaley_min",
    "head_scaley_std",
    "head_scaley_p75",
    "head_scaley_autocorr1",
    "head_motion_mag_min",
    "head_motion_mag_rms",
    "head_motion_mag_p75",
    "head_motion_mag_autocorr1",
    "blink_aperture_max",
    "blink_aperture_p25",
    "blink_aperture_p75",
    "mouth_aperture_min",
    "mouth_aperture_max",
    "mouth_aperture_mean",
    "mouth_aperture_std",
    "mouth_aperture_median",
    "mouth_aperture_p75",
    "mouth_aperture_autocorr1",
    "pupil_dx_max",
    "pupil_dx_p25",
    "pupil_dx_p75",
    "pupil_dy_max",
    "pupil_dy_mean",
    "pupil_dy_p25",
    "pupil_dy_p75",
    "pupil_metric_min",
    "pupil_metric_mean",
    "pupil_metric_p25",
    "pupil_metric_p75",
    "pupil_metric_autocorr1",
    "head_rotation_rad_vel_min",
    "head_rotation_rad_vel_std",
    "head_rotation_rad_vel_autocorr1",
    "head_rotation_rad_acc_min",
    "head_rotation_rad_acc_mean",
    "head_rotation_rad_acc_std",
    "head_rotation_rad_acc_autocorr1",
    "head_tx_vel_median",
    "head_tx_acc_median",
    "head_tx_acc_p75",
    "head_tx_acc_autocorr1",
    "head_ty_vel_max",
    "head_ty_vel_mean",
    "head_ty_acc_mean",
    "head_ty_acc_std",
    "head_ty_acc_autocorr1",
    "head_scalex_vel_median",
    "head_scalex_vel_autocorr1",
    "head_scalex_acc_median",
    "head_scalex_acc_p75",
    "head_scalex_acc_autocorr1",
    "head_scaley_vel_min",
    "head_scaley_vel_p25",
    "head_scaley_vel_autocorr1",
    "head_scaley_acc_mean",
    "head_scaley_acc_std",
    "head_motion_mag_vel_mean",
    "head_motion_mag_vel_median",
    "head_motion_mag_vel_autocorr1",
    "head_motion_mag_acc_std",
    "head_motion_mag_acc_median",
    "head_motion_mag_acc_p75",
    "head_motion_mag_acc_autocorr1",
    "blink_aperture_vel_min",
    "blink_aperture_vel_mean",
    "blink_aperture_vel_median",
    "blink_aperture_vel_autocorr1",
    "blink_aperture_acc_min",
    "blink_aperture_acc_max",
    "blink_aperture_acc_mean",
    "mouth_aperture_vel_min",
    "mouth_aperture_vel_mean",
    "mouth_aperture_acc_mean",
    "mouth_aperture_acc_std",
    "mouth_aperture_acc_median",
    "mouth_aperture_acc_p75",
    "mouth_aperture_acc_autocorr1",
    "pupil_dx_vel_median",
    "pupil_dx_acc_min",
    "pupil_dx_acc_max",
    "pupil_dx_acc_mean",
    "pupil_dx_acc_median",
    "pupil_dx_acc_p75",
    "pupil_dx_acc_autocorr1",
    "pupil_dy_acc_max",
    "pupil_dy_acc_mean",
    "pupil_dy_acc_autocorr1",
    "pupil_metric_vel_std",
    "pupil_metric_vel_autocorr1",
    "pupil_metric_acc_min",
    "pupil_metric_acc_mean",
    "pupil_metric_acc_std",
    "pupil_metric_acc_median",
    "pupil_metric_acc_p75",
    "pupil_metric_acc_autocorr1",
    "sysmon_failure_rate",
    "sysmon_average_reaction_times",
    "track_failure_rate",
    "resman_failure_rate",
    "average_accuracy",
    "average_reaction_time",
    "pct_missing",
    "mean_vel",
    "mean_acc",
    "fix_mean_dur",
    "fix_rate",
    "blink_mean_dur",
    "blink_rate",
    "t_end_sec",
    "HRV_MeanNN",
    "HRV_MedianNN",
    "HRV_IQRNN",
    "HRV_pNN50",
    "HRV_pNN20",
    "HRV_MinNN",
    "HRV_HTI",
    "HRV_LFn",
    "HRV_HFn",
    "HRV_LnHF",
    "HRV_SD1SD2",
    "HRV_CSI",
    "HRV_CVI",
    "HRV_IALS",
    "HRV_PSS",
    "HRV_PAS",
    "HRV_PI",
    "HRV_C1a",
    "HRV_C2a",
    "HRV_Ca",
    "HRV_SDNNa",
    "HRV_MFDFA_alpha1_Width",
    "HRV_MFDFA_alpha1_Peak",
    "HRV_MFDFA_alpha1_Asymmetry",
    "HRV_MFDFA_alpha1_Increment",
    "HRV_ApEn",
    "HRV_CMSEn",
    "HRV_CD",
    "HRV_LZC"
  ],
  "tuned_rf_params": {},
  "n_features": 159,
  "n_seeds": 10,
  "timestamp": "2025-10-17T16:05:30.323216"
}