{
  "name": "pose_gsr",
  "config": {
    "n_seeds": 10,
    "feature_selection": "backward",
    "use_pca": false,
    "pca_variance": 0.95,
    "write_cm": true,
    "tune_hyperparameters": false,
    "tune_n_iter": 30,
    "tune_cv_folds": 5,
    "use_pose_derivatives": true,
    "use_time_features": false,
    "class_config": "all",
    "include_order": false,
    "name": "pose_gsr",
    "feature_groups": [
      "pose",
      "gsr"
    ],
    "split_strategy": "participant"
  },
  "metrics": {
    "test_acc_mean": 0.3444191608472119,
    "test_acc_std": 0.05341156470144913,
    "test_bal_acc_mean": 0.3440649269959615,
    "test_bal_acc_std": 0.05381015426456132,
    "test_f1_mean": 0.3372435775812134,
    "test_f1_std": 0.05593653591783858,
    "test_kappa_mean": 0.015959873995611773,
    "test_kappa_std": 0.0807115151508509,
    "test_precision_L_mean": 0.38310223697722684,
    "test_precision_L_std": 0.0942624682643008,
    "test_recall_L_mean": 0.38725225225225224,
    "test_recall_L_std": 0.13416654042823192,
    "test_f1_L_mean": 0.3765590273008538,
    "test_f1_L_std": 0.09381414955291822,
    "test_precision_M_mean": 0.34259642790187367,
    "test_precision_M_std": 0.055251917262030624,
    "test_recall_M_mean": 0.3636781609195402,
    "test_recall_M_std": 0.09808112946891692,
    "test_f1_M_mean": 0.34688084601413854,
    "test_f1_M_std": 0.06466824094935109,
    "test_precision_H_mean": 0.3055022301192306,
    "test_precision_H_std": 0.07480341166339965,
    "test_recall_H_mean": 0.281264367816092,
    "test_recall_H_std": 0.11522465376378793,
    "test_f1_H_mean": 0.28766131931465694,
    "test_f1_H_std": 0.09179154469018984
  },
  "confusion_matrix": [
    [
      38.72522522522522,
      32.6936936936937,
      28.581081081081084
    ],
    [
      29.709770114942536,
      36.367816091954026,
      33.92241379310345
    ],
    [
      33.29885057471264,
      38.574712643678154,
      28.126436781609197
    ]
  ],
  "selected_features": [
    "head_rotation_rad_min",
    "head_rotation_rad_p75",
    "head_tx_max",
    "head_tx_p25",
    "head_tx_p75",
    "head_ty_min",
    "head_ty_rms",
    "head_ty_p75",
    "head_scalex_min",
    "head_scalex_rms",
    "head_scaley_p75",
    "head_motion_mag_min",
    "head_motion_mag_rms",
    "head_motion_mag_p75",
    "head_motion_mag_autocorr1",
    "blink_aperture_min",
    "blink_aperture_max",
    "blink_aperture_p75",
    "mouth_aperture_min",
    "mouth_aperture_max",
    "mouth_aperture_p25",
    "pupil_metric_autocorr1",
    "head_rotation_rad_vel_min",
    "head_rotation_rad_vel_max",
    "head_scaley_vel_autocorr1",
    "head_motion_mag_vel_autocorr1",
    "head_motion_mag_acc_mean",
    "head_motion_mag_acc_median",
    "head_motion_mag_acc_autocorr1",
    "blink_aperture_vel_median",
    "blink_aperture_vel_p75",
    "mouth_aperture_acc_median",
    "pupil_dx_acc_min",
    "pupil_metric_vel_std",
    "SCR_Peaks_N",
    "SCR_Peaks_Amplitude_Mean"
  ],
  "tuned_rf_params": {},
  "n_features": 36,
  "n_seeds": 10,
  "timestamp": "2025-10-17T15:29:44.397536"
}