{
  "name": "pose_eye_ecg",
  "config": {
    "n_seeds": 10,
    "feature_selection": "backward",
    "use_pca": false,
    "pca_variance": 0.95,
    "write_cm": true,
    "tune_hyperparameters": false,
    "tune_n_iter": 30,
    "tune_cv_folds": 5,
    "use_pose_derivatives": true,
    "use_time_features": false,
    "class_config": "all",
    "include_order": false,
    "name": "pose_eye_ecg",
    "feature_groups": [
      "pose",
      "eye_tracking",
      "ecg"
    ],
    "split_strategy": "participant"
  },
  "metrics": {
    "test_acc_mean": 0.40125785329668123,
    "test_acc_std": 0.046736127278674676,
    "test_bal_acc_mean": 0.40605224940621065,
    "test_bal_acc_std": 0.04841922026806292,
    "test_f1_mean": 0.38533027384925866,
    "test_f1_std": 0.05100707847225662,
    "test_kappa_mean": 0.10748443988446747,
    "test_kappa_std": 0.07097559702818788,
    "test_precision_L_mean": 0.4025894836483531,
    "test_precision_L_std": 0.07352907292227277,
    "test_recall_L_mean": 0.5211930304119503,
    "test_recall_L_std": 0.1781409964028135,
    "test_f1_L_mean": 0.4383854619093482,
    "test_f1_L_std": 0.0665479967230246,
    "test_precision_M_mean": 0.39365375733766367,
    "test_precision_M_std": 0.10528983170762095,
    "test_recall_M_mean": 0.25044206775475464,
    "test_recall_M_std": 0.11686193058712281,
    "test_f1_M_mean": 0.28656578378664344,
    "test_f1_M_std": 0.1070838123936826,
    "test_precision_H_mean": 0.43433538052755205,
    "test_precision_H_std": 0.04561843776941672,
    "test_recall_H_mean": 0.44652165005192695,
    "test_recall_H_std": 0.1313725021327271,
    "test_f1_H_mean": 0.43210124849698445,
    "test_f1_H_std": 0.06051102886706606
  },
  "confusion_matrix": [
    [
      52.11930304119503,
      22.826867121267263,
      25.0538298375377
    ],
    [
      36.508912911879186,
      25.044206775475466,
      38.446880312645355
    ],
    [
      35.924708870526814,
      19.423126124280483,
      44.6521650051927
    ]
  ],
  "selected_features": [
    "head_rotation_rad_min",
    "head_rotation_rad_rms",
    "head_rotation_rad_p75",
    "head_rotation_rad_autocorr1",
    "head_tx_p75",
    "head_tx_autocorr1",
    "head_ty_max",
    "head_ty_rms",
    "head_ty_p75",
    "head_scalex_min",
    "head_scalex_rms",
    "head_scalex_p75",
    "head_scalex_autocorr1",
    "head_scaley_min",
    "head_scaley_autocorr1",
    "head_motion_mag_rms",
    "head_motion_mag_p75",
    "head_motion_mag_autocorr1",
    "blink_aperture_max",
    "blink_aperture_std",
    "blink_aperture_p25",
    "mouth_aperture_max",
    "mouth_aperture_mean",
    "mouth_aperture_p75",
    "pupil_dx_max",
    "pupil_dy_max",
    "pupil_dy_mean",
    "pupil_dy_p75",
    "pupil_metric_min",
    "pupil_metric_p75",
    "pupil_metric_autocorr1",
    "head_rotation_rad_vel_min",
    "head_rotation_rad_vel_max",
    "head_rotation_rad_vel_std",
    "head_rotation_rad_acc_min",
    "head_rotation_rad_acc_max",
    "head_rotation_rad_acc_median",
    "head_rotation_rad_acc_p75",
    "head_rotation_rad_acc_autocorr1",
    "head_tx_vel_p25",
    "head_tx_vel_autocorr1",
    "head_tx_acc_autocorr1",
    "head_ty_acc_median",
    "head_ty_acc_autocorr1",
    "head_scalex_vel_median",
    "head_scalex_acc_p75",
    "head_scaley_vel_std",
    "head_scaley_vel_p25",
    "head_scaley_vel_autocorr1",
    "head_scaley_acc_p75",
    "head_motion_mag_vel_autocorr1",
    "head_motion_mag_acc_std",
    "blink_aperture_vel_min",
    "blink_aperture_vel_max",
    "blink_aperture_acc_max",
    "mouth_aperture_vel_min",
    "mouth_aperture_vel_median",
    "mouth_aperture_acc_mean",
    "mouth_aperture_acc_median",
    "mouth_aperture_acc_autocorr1",
    "pupil_dx_vel_median",
    "pupil_dx_acc_mean",
    "pupil_dx_acc_median",
    "pupil_dx_acc_p75",
    "pupil_dx_acc_autocorr1",
    "pupil_dy_acc_autocorr1",
    "pupil_metric_vel_max",
    "pupil_metric_vel_median",
    "pupil_metric_acc_p75",
    "pct_missing",
    "mean_vel",
    "max_vel",
    "mean_acc",
    "rms_disp",
    "fix_mean_dur",
    "fix_rate",
    "blink_mean_dur",
    "blink_rate",
    "sac_rate",
    "t_end_sec",
    "HRV_MeanNN",
    "HRV_MedianNN",
    "HRV_Prc80NN",
    "HRV_pNN50",
    "HRV_MinNN",
    "HRV_TINN",
    "HRV_HF",
    "HRV_VHF",
    "HRV_TP",
    "HRV_LFn",
    "HRV_CVI",
    "HRV_PSS",
    "HRV_PAS",
    "HRV_C2a",
    "HRV_ApEn",
    "HRV_SampEn",
    "HRV_CMSEn",
    "HRV_KFD"
  ],
  "tuned_rf_params": {},
  "n_features": 98,
  "n_seeds": 10,
  "timestamp": "2025-10-17T15:51:20.490907"
}