{
  "name": "pose_gsr_ecg",
  "config": {
    "n_seeds": 10,
    "feature_selection": "backward",
    "use_pca": false,
    "pca_variance": 0.95,
    "write_cm": true,
    "tune_hyperparameters": false,
    "tune_n_iter": 30,
    "tune_cv_folds": 5,
    "use_pose_derivatives": true,
    "use_time_features": false,
    "class_config": "all",
    "include_order": false,
    "name": "pose_gsr_ecg",
    "feature_groups": [
      "pose",
      "gsr",
      "ecg"
    ],
    "split_strategy": "participant"
  },
  "metrics": {
    "test_acc_mean": 0.3554149532743865,
    "test_acc_std": 0.046321742930571765,
    "test_bal_acc_mean": 0.3553536722719891,
    "test_bal_acc_std": 0.04845170137100964,
    "test_f1_mean": 0.3368698474404146,
    "test_f1_std": 0.040660462985267445,
    "test_kappa_mean": 0.031863045623049015,
    "test_kappa_std": 0.07178615407331963,
    "test_precision_L_mean": 0.39603778582548793,
    "test_precision_L_std": 0.05589581840929203,
    "test_recall_L_mean": 0.4765277777777778,
    "test_recall_L_std": 0.21153887392818757,
    "test_f1_L_mean": 0.4118236325730803,
    "test_f1_L_std": 0.12698370190109382,
    "test_precision_M_mean": 0.3054558785836384,
    "test_precision_M_std": 0.10078786308868726,
    "test_recall_M_mean": 0.25142857142857145,
    "test_recall_M_std": 0.15879046473451158,
    "test_f1_M_mean": 0.2594355616550489,
    "test_f1_M_std": 0.10613384534203896,
    "test_precision_H_mean": 0.34117626165215864,
    "test_precision_H_std": 0.05451210712680899,
    "test_recall_H_mean": 0.3381046676096181,
    "test_recall_H_std": 0.08095141773637103,
    "test_f1_H_mean": 0.33792099611939636,
    "test_f1_H_std": 0.06383893102274754
  },
  "confusion_matrix": [
    [
      47.652777777777764,
      23.816468253968253,
      28.530753968253965
    ],
    [
      34.11111111111111,
      25.14285714285714,
      40.74603174603174
    ],
    [
      35.01838755304102,
      31.171145685997168,
      33.810466760961816
    ]
  ],
  "selected_features": [
    "head_tx_max",
    "head_tx_mean",
    "head_tx_p25",
    "head_tx_autocorr1",
    "head_ty_max",
    "head_ty_rms",
    "head_ty_p75",
    "head_scalex_min",
    "head_scalex_rms",
    "head_scaley_min",
    "head_scaley_p75",
    "head_motion_mag_rms",
    "head_motion_mag_autocorr1",
    "blink_aperture_min",
    "blink_aperture_max",
    "blink_aperture_p75",
    "mouth_aperture_min",
    "mouth_aperture_max",
    "mouth_aperture_p75",
    "pupil_dy_max",
    "pupil_dy_mean",
    "pupil_metric_autocorr1",
    "head_tx_vel_autocorr1",
    "head_ty_acc_std",
    "head_scalex_vel_autocorr1",
    "head_scaley_vel_autocorr1",
    "head_motion_mag_vel_autocorr1",
    "head_motion_mag_acc_p75",
    "blink_aperture_vel_min",
    "mouth_aperture_acc_min",
    "mouth_aperture_acc_median",
    "pupil_dx_acc_p75",
    "pupil_metric_vel_std",
    "SCR_Peaks_N",
    "SCR_Peaks_Amplitude_Mean",
    "EDA_Tonic_SD",
    "HRV_MeanNN",
    "HRV_MedianNN",
    "HRV_Prc80NN",
    "HRV_VHF"
  ],
  "tuned_rf_params": {},
  "n_features": 40,
  "n_seeds": 10,
  "timestamp": "2025-10-17T15:55:49.483181"
}