{
  "name": "pose_perf_ecg",
  "config": {
    "n_seeds": 10,
    "feature_selection": "backward",
    "use_pca": false,
    "pca_variance": 0.95,
    "write_cm": true,
    "tune_hyperparameters": false,
    "tune_n_iter": 30,
    "tune_cv_folds": 5,
    "use_pose_derivatives": true,
    "use_time_features": false,
    "class_config": "all",
    "include_order": false,
    "name": "pose_perf_ecg",
    "feature_groups": [
      "pose",
      "performance",
      "ecg"
    ],
    "split_strategy": "participant"
  },
  "metrics": {
    "test_acc_mean": 0.6790118382773654,
    "test_acc_std": 0.04347560592034194,
    "test_bal_acc_mean": 0.6773083975064172,
    "test_bal_acc_std": 0.04412050091469389,
    "test_f1_mean": 0.6766786556170896,
    "test_f1_std": 0.04838740768167222,
    "test_kappa_mean": 0.5174463974718506,
    "test_kappa_std": 0.06569820979397602,
    "test_precision_L_mean": 0.7612624504552329,
    "test_precision_L_std": 0.0770332753222041,
    "test_recall_L_mean": 0.7425396825396826,
    "test_recall_L_std": 0.07506815954202899,
    "test_f1_L_mean": 0.7454725509474416,
    "test_f1_L_std": 0.02734084491524529,
    "test_precision_M_mean": 0.5678522485197239,
    "test_precision_M_std": 0.056818098078521,
    "test_recall_M_mean": 0.592063492063492,
    "test_recall_M_std": 0.1625794291129573,
    "test_f1_M_mean": 0.5717354972926862,
    "test_f1_M_std": 0.10074390802406565,
    "test_precision_H_mean": 0.7426646708275771,
    "test_precision_H_std": 0.10673196561900085,
    "test_recall_H_mean": 0.6973220179160773,
    "test_recall_H_std": 0.09169043781817014,
    "test_f1_H_mean": 0.7096791527059171,
    "test_f1_H_std": 0.050032256141670485
  },
  "confusion_matrix": [
    [
      74.25396825396825,
      20.095238095238095,
      5.65079365079365
    ],
    [
      17.714285714285715,
      59.2063492063492,
      23.079365079365083
    ],
    [
      7.039132484677038,
      23.228665723715228,
      69.73220179160772
    ]
  ],
  "selected_features": [
    "head_rotation_rad_min",
    "head_rotation_rad_rms",
    "head_rotation_rad_std",
    "head_rotation_rad_median",
    "head_rotation_rad_p25",
    "head_rotation_rad_p75",
    "head_rotation_rad_autocorr1",
    "head_tx_max",
    "head_tx_mean",
    "head_tx_std",
    "head_tx_median",
    "head_tx_p25",
    "head_tx_p75",
    "head_tx_autocorr1",
    "head_ty_min",
    "head_ty_max",
    "head_ty_rms",
    "head_ty_std",
    "head_ty_p75",
    "head_ty_autocorr1",
    "head_scalex_min",
    "head_scalex_rms",
    "head_scalex_autocorr1",
    "head_scaley_min",
    "head_scaley_std",
    "head_scaley_p75",
    "head_scaley_autocorr1",
    "head_motion_mag_p75",
    "head_motion_mag_autocorr1",
    "blink_aperture_std",
    "blink_aperture_p25",
    "blink_aperture_p75",
    "mouth_aperture_min",
    "mouth_aperture_max",
    "mouth_aperture_mean",
    "mouth_aperture_p75",
    "mouth_aperture_autocorr1",
    "pupil_dx_max",
    "pupil_dx_p25",
    "pupil_dx_p75",
    "pupil_dy_max",
    "pupil_dy_mean",
    "pupil_dy_p25",
    "pupil_metric_p25",
    "pupil_metric_p75",
    "pupil_metric_autocorr1",
    "head_rotation_rad_vel_std",
    "head_rotation_rad_vel_median",
    "head_rotation_rad_vel_p25",
    "head_rotation_rad_vel_p75",
    "head_tx_vel_median",
    "head_tx_acc_median",
    "head_tx_acc_p75",
    "head_ty_vel_max",
    "head_ty_vel_median",
    "head_ty_acc_mean",
    "head_ty_acc_p75",
    "head_ty_acc_autocorr1",
    "head_scalex_vel_mean",
    "head_scalex_vel_median",
    "head_scalex_vel_autocorr1",
    "head_scalex_acc_mean",
    "head_scalex_acc_p75",
    "head_scalex_acc_autocorr1",
    "head_scaley_vel_mean",
    "head_scaley_vel_median",
    "head_scaley_vel_autocorr1",
    "head_scaley_acc_mean",
    "head_scaley_acc_median",
    "head_motion_mag_vel_mean",
    "head_motion_mag_vel_median",
    "head_motion_mag_vel_autocorr1",
    "head_motion_mag_acc_mean",
    "head_motion_mag_acc_std",
    "head_motion_mag_acc_p75",
    "blink_aperture_vel_median",
    "blink_aperture_vel_p75",
    "blink_aperture_acc_min",
    "blink_aperture_acc_max",
    "blink_aperture_acc_std",
    "blink_aperture_acc_autocorr1",
    "mouth_aperture_acc_min",
    "mouth_aperture_acc_mean",
    "mouth_aperture_acc_std",
    "mouth_aperture_acc_median",
    "pupil_dx_acc_min",
    "pupil_dx_acc_max",
    "pupil_dx_acc_mean",
    "pupil_dx_acc_p75",
    "pupil_dy_vel_median",
    "pupil_dy_acc_min",
    "pupil_dy_acc_std",
    "pupil_dy_acc_p75",
    "pupil_metric_vel_max",
    "pupil_metric_vel_std",
    "pupil_metric_vel_median",
    "pupil_metric_acc_min",
    "pupil_metric_acc_median",
    "sysmon_failure_rate",
    "sysmon_average_reaction_times",
    "comms_failure_rate",
    "comms_own_events",
    "track_failure_rate",
    "resman_failure_rate",
    "average_accuracy",
    "average_reaction_time",
    "t_end_sec",
    "HRV_MeanNN",
    "HRV_MedianNN",
    "HRV_IQRNN",
    "HRV_Prc80NN",
    "HRV_pNN50",
    "HRV_MinNN",
    "HRV_VHF",
    "HRV_LFHF",
    "HRV_IALS",
    "HRV_PSS",
    "HRV_C1a",
    "HRV_DFA_alpha1",
    "HRV_MFDFA_alpha1_Width",
    "HRV_MFDFA_alpha1_Increment",
    "HRV_ApEn",
    "HRV_ShanEn",
    "HRV_RCMSEn"
  ],
  "tuned_rf_params": {},
  "n_features": 124,
  "n_seeds": 10,
  "timestamp": "2025-10-17T15:45:33.481833"
}