{
  "name": "all_modalities",
  "config": {
    "n_seeds": 20,
    "feature_selection": "backward",
    "use_pose_derivatives": true,
    "use_time_features": false,
    "include_order": false,
    "normalize_features": true,
    "class_config": "all",
    "use_pca": false,
    "pca_variance": 0.9,
    "write_cm": true,
    "tune_hyperparameters": false,
    "tune_n_iter": 30,
    "tune_cv_folds": 5,
    "name": "all_modalities",
    "feature_groups": [
      "pose",
      "performance",
      "eye_tracking",
      "gsr",
      "ecg"
    ],
    "split_strategy": "random"
  },
  "metrics": {
    "test_acc_mean": 0.9344720496894411,
    "test_acc_std": 0.014210184517414702,
    "test_bal_acc_mean": 0.9343699686741758,
    "test_bal_acc_std": 0.014247973971954273,
    "test_f1_mean": 0.9345762006113716,
    "test_f1_std": 0.014204301253593298,
    "test_kappa_mean": 0.9016221594016983,
    "test_kappa_std": 0.021334736806824642,
    "test_precision_L_mean": 0.9734758383296798,
    "test_precision_L_std": 0.017294506142100843,
    "test_recall_L_mean": 0.9320388349514562,
    "test_recall_L_std": 0.030539709345904834,
    "test_f1_L_mean": 0.9519710930642706,
    "test_f1_L_std": 0.01740058002476111,
    "test_precision_M_mean": 0.9090745463711063,
    "test_precision_M_std": 0.024589941752781487,
    "test_recall_M_mean": 0.9296296296296298,
    "test_recall_M_std": 0.0269365807137829,
    "test_f1_M_mean": 0.9189702727408283,
    "test_f1_M_std": 0.020141716366949357,
    "test_precision_H_mean": 0.9264073268267445,
    "test_precision_H_std": 0.019416366972439602,
    "test_recall_H_mean": 0.9414414414414413,
    "test_recall_H_std": 0.023474431094332053,
    "test_f1_H_mean": 0.9336191401372286,
    "test_f1_H_std": 0.014864142321346583
  },
  "confusion_matrix": [
    [
      93.20388349514565,
      4.271844660194175,
      2.524271844660194
    ],
    [
      1.7129629629629632,
      92.96296296296296,
      5.3240740740740735
    ],
    [
      0.7207207207207207,
      5.135135135135135,
      94.14414414414414
    ]
  ],
  "selected_features": [
    "head_rotation_rad_rms",
    "head_rotation_rad_p75",
    "head_rotation_rad_autocorr1",
    "head_tx_max",
    "head_tx_median",
    "head_tx_p25",
    "head_tx_p75",
    "head_ty_min",
    "head_ty_rms",
    "head_ty_p75",
    "head_scalex_rms",
    "head_scalex_p75",
    "head_scalex_autocorr1",
    "head_scaley_min",
    "head_scaley_p75",
    "head_motion_mag_min",
    "head_motion_mag_rms",
    "head_motion_mag_p75",
    "head_motion_mag_autocorr1",
    "blink_aperture_max",
    "blink_aperture_std",
    "blink_aperture_p25",
    "blink_aperture_p75",
    "mouth_aperture_min",
    "mouth_aperture_max",
    "mouth_aperture_mean",
    "mouth_aperture_std",
    "mouth_aperture_median",
    "mouth_aperture_p25",
    "mouth_aperture_p75",
    "mouth_aperture_autocorr1",
    "pupil_dy_mean",
    "pupil_dy_p75",
    "pupil_metric_p25",
    "pupil_metric_p75",
    "head_rotation_rad_vel_min",
    "head_rotation_rad_vel_mean",
    "head_rotation_rad_vel_autocorr1",
    "head_rotation_rad_acc_std",
    "head_tx_vel_median",
    "head_tx_acc_p75",
    "head_ty_vel_max",
    "head_ty_vel_autocorr1",
    "head_scalex_acc_median",
    "head_scalex_acc_p75",
    "head_scaley_vel_mean",
    "head_scaley_vel_median",
    "head_scaley_vel_p75",
    "head_scaley_vel_autocorr1",
    "head_scaley_acc_std",
    "head_scaley_acc_autocorr1",
    "head_motion_mag_vel_mean",
    "head_motion_mag_acc_std",
    "head_motion_mag_acc_autocorr1",
    "blink_aperture_vel_max",
    "blink_aperture_vel_autocorr1",
    "blink_aperture_acc_mean",
    "blink_aperture_acc_autocorr1",
    "mouth_aperture_vel_min",
    "mouth_aperture_vel_median",
    "mouth_aperture_acc_min",
    "mouth_aperture_acc_max",
    "mouth_aperture_acc_std",
    "mouth_aperture_acc_median",
    "mouth_aperture_acc_p75",
    "mouth_aperture_acc_autocorr1",
    "pupil_dx_acc_min",
    "pupil_dx_acc_p75",
    "pupil_dy_vel_median",
    "pupil_dy_acc_std",
    "pupil_dy_acc_median",
    "pupil_metric_vel_max",
    "pupil_metric_vel_std",
    "pupil_metric_acc_max",
    "sysmon_failure_rate",
    "sysmon_average_reaction_times",
    "comms_events",
    "comms_own_events",
    "track_failure_rate",
    "resman_failure_rate",
    "average_accuracy",
    "average_reaction_time",
    "mean_vel",
    "fix_mean_dur",
    "fix_rate",
    "blink_mean_dur",
    "blink_rate",
    "sac_rate",
    "t_end_sec",
    "SCR_Peaks_Amplitude_Mean",
    "EDA_Tonic_SD",
    "HRV_MeanNN",
    "HRV_MedianNN",
    "HRV_pNN50",
    "HRV_CVI",
    "HRV_SI",
    "HRV_SDNNa",
    "HRV_MFDFA_alpha1_Width",
    "HRV_CD",
    "HRV_MFDFA_alpha2_Peak",
    "HRV_MFDFA_alpha2_Mean",
    "HRV_MFDFA_alpha2_Max",
    "HRV_MFDFA_alpha2_Delta",
    "HRV_MFDFA_alpha2_Asymmetry"
  ],
  "tuned_rf_params": {},
  "n_features": 104,
  "n_seeds": 20,
  "timestamp": "2025-10-18T11:43:50.594738"
}