{
  "name": "eye_ecg",
  "config": {
    "n_seeds": 20,
    "feature_selection": "backward",
    "use_pose_derivatives": true,
    "use_time_features": false,
    "include_order": false,
    "normalize_features": true,
    "class_config": "all",
    "use_pca": false,
    "pca_variance": 0.9,
    "write_cm": true,
    "tune_hyperparameters": false,
    "tune_n_iter": 30,
    "tune_cv_folds": 5,
    "name": "eye_ecg",
    "feature_groups": [
      "eye_tracking",
      "ecg"
    ],
    "split_strategy": "random"
  },
  "metrics": {
    "test_acc_mean": 0.6726993865030675,
    "test_acc_std": 0.020495321417328495,
    "test_bal_acc_mean": 0.6726567401788641,
    "test_bal_acc_std": 0.02019789872895627,
    "test_f1_mean": 0.6719950920462783,
    "test_f1_std": 0.020311680820996603,
    "test_kappa_mean": 0.5086152211408718,
    "test_kappa_std": 0.030679267786691028,
    "test_precision_L_mean": 0.7128710126357981,
    "test_precision_L_std": 0.02672351380337151,
    "test_recall_L_mean": 0.7128571428571427,
    "test_recall_L_std": 0.03200355034607177,
    "test_f1_L_mean": 0.7124147437267524,
    "test_f1_L_std": 0.023083961299418802,
    "test_precision_M_mean": 0.6439183508422385,
    "test_precision_M_std": 0.03134849744848827,
    "test_recall_M_mean": 0.6055555555555555,
    "test_recall_M_std": 0.03241088814501558,
    "test_f1_M_mean": 0.6236365105330279,
    "test_f1_M_std": 0.025771257161028877,
    "test_precision_H_mean": 0.6635277443201174,
    "test_precision_H_std": 0.03349777026375691,
    "test_recall_H_mean": 0.6995575221238938,
    "test_recall_H_std": 0.04358847407413252,
    "test_f1_H_mean": 0.68065582989567,
    "test_f1_H_std": 0.034324743481223004
  },
  "confusion_matrix": [
    [
      71.2857142857143,
      13.714285714285712,
      15.0
    ],
    [
      16.851851851851855,
      60.55555555555556,
      22.592592592592595
    ],
    [
      10.663716814159292,
      19.38053097345133,
      69.95575221238938
    ]
  ],
  "selected_features": [
    "pct_missing",
    "mean_vel",
    "max_vel",
    "mean_acc",
    "rms_disp",
    "fix_mean_dur",
    "fix_rate",
    "blink_mean_dur",
    "blink_rate",
    "sac_rate",
    "t_end_sec",
    "HRV_MeanNN",
    "HRV_MedianNN",
    "HRV_MCVNN",
    "HRV_IQRNN",
    "HRV_Prc80NN",
    "HRV_pNN50",
    "HRV_pNN20",
    "HRV_MinNN",
    "HRV_MaxNN",
    "HRV_HTI",
    "HRV_TINN",
    "HRV_LF",
    "HRV_HF",
    "HRV_VHF",
    "HRV_TP",
    "HRV_LFHF",
    "HRV_LFn",
    "HRV_HFn",
    "HRV_LnHF",
    "HRV_SD1SD2",
    "HRV_S",
    "HRV_CSI",
    "HRV_CVI",
    "HRV_CSI_Modified",
    "HRV_IALS",
    "HRV_PSS",
    "HRV_PAS",
    "HRV_SI",
    "HRV_AI",
    "HRV_PI",
    "HRV_C1a",
    "HRV_C2a",
    "HRV_Ca",
    "HRV_SDNNa",
    "HRV_DFA_alpha1",
    "HRV_MFDFA_alpha1_Width",
    "HRV_MFDFA_alpha1_Peak",
    "HRV_MFDFA_alpha1_Mean",
    "HRV_MFDFA_alpha1_Max",
    "HRV_MFDFA_alpha1_Delta",
    "HRV_MFDFA_alpha1_Asymmetry",
    "HRV_MFDFA_alpha1_Increment",
    "HRV_ApEn",
    "HRV_SampEn",
    "HRV_ShanEn",
    "HRV_FuzzyEn",
    "HRV_MSEn",
    "HRV_CMSEn",
    "HRV_RCMSEn",
    "HRV_CD",
    "HRV_HFD",
    "HRV_KFD",
    "HRV_LZC",
    "HRV_DFA_alpha2",
    "HRV_MFDFA_alpha2_Width",
    "HRV_MFDFA_alpha2_Peak",
    "HRV_MFDFA_alpha2_Mean",
    "HRV_MFDFA_alpha2_Max",
    "HRV_MFDFA_alpha2_Delta",
    "HRV_MFDFA_alpha2_Asymmetry",
    "HRV_MFDFA_alpha2_Increment"
  ],
  "tuned_rf_params": {},
  "n_features": 72,
  "n_seeds": 20,
  "timestamp": "2025-10-18T11:00:06.626757"
}