{
  "name": "gsr_ecg",
  "config": {
    "n_seeds": 20,
    "feature_selection": "backward",
    "use_pose_derivatives": true,
    "use_time_features": false,
    "include_order": false,
    "normalize_features": true,
    "class_config": "all",
    "use_pca": false,
    "pca_variance": 0.9,
    "write_cm": true,
    "tune_hyperparameters": false,
    "tune_n_iter": 30,
    "tune_cv_folds": 5,
    "name": "gsr_ecg",
    "feature_groups": [
      "gsr",
      "ecg"
    ],
    "split_strategy": "random"
  },
  "metrics": {
    "test_acc_mean": 0.6016467065868264,
    "test_acc_std": 0.01904696498228955,
    "test_bal_acc_mean": 0.6017694645570751,
    "test_bal_acc_std": 0.01911589730494995,
    "test_f1_mean": 0.6018578258174145,
    "test_f1_std": 0.01918722510820421,
    "test_kappa_mean": 0.4023043765370697,
    "test_kappa_std": 0.028613410290468048,
    "test_precision_L_mean": 0.6597473368531767,
    "test_precision_L_std": 0.03714863094311254,
    "test_recall_L_mean": 0.6277272727272726,
    "test_recall_L_std": 0.034833225977705815,
    "test_f1_L_mean": 0.6427618850105454,
    "test_f1_L_std": 0.029917168393934497,
    "test_precision_M_mean": 0.5840780550680177,
    "test_precision_M_std": 0.025634253464213098,
    "test_recall_M_mean": 0.5833333333333333,
    "test_recall_M_std": 0.045925487500736176,
    "test_f1_M_mean": 0.5831180843009143,
    "test_f1_M_std": 0.032155395241342186,
    "test_precision_H_mean": 0.5687251723442956,
    "test_precision_H_std": 0.026218639260989128,
    "test_recall_H_mean": 0.5942477876106194,
    "test_recall_H_std": 0.03496179485896745,
    "test_f1_H_mean": 0.5804477797739378,
    "test_f1_H_std": 0.02145543190205499
  },
  "confusion_matrix": [
    [
      62.772727272727266,
      17.227272727272727,
      20.000000000000007
    ],
    [
      15.405405405405407,
      58.33333333333333,
      26.26126126126126
    ],
    [
      16.548672566371685,
      24.02654867256637,
      59.42477876106195
    ]
  ],
  "selected_features": [
    "SCR_Peaks_N",
    "SCR_Peaks_Amplitude_Mean",
    "EDA_Tonic_SD",
    "EDA_Autocorrelation",
    "HRV_MeanNN",
    "HRV_MedianNN",
    "HRV_Prc80NN",
    "HRV_pNN50",
    "HRV_pNN20",
    "HRV_MinNN",
    "HRV_MaxNN",
    "HRV_TINN",
    "HRV_LF",
    "HRV_VHF",
    "HRV_HFn",
    "HRV_LnHF",
    "HRV_S",
    "HRV_CSI",
    "HRV_CVI",
    "HRV_IALS",
    "HRV_PSS",
    "HRV_PI",
    "HRV_C1a",
    "HRV_Ca",
    "HRV_DFA_alpha1",
    "HRV_MFDFA_alpha1_Peak",
    "HRV_MFDFA_alpha1_Max",
    "HRV_ShanEn",
    "HRV_RCMSEn",
    "HRV_CD",
    "HRV_HFD",
    "HRV_MFDFA_alpha2_Asymmetry",
    "HRV_MFDFA_alpha2_Increment"
  ],
  "tuned_rf_params": {},
  "n_features": 33,
  "n_seeds": 20,
  "timestamp": "2025-10-18T11:01:15.275436"
}