{
  "name": "perf_eye_gsr_ecg",
  "config": {
    "n_seeds": 20,
    "feature_selection": "backward",
    "use_pose_derivatives": true,
    "use_time_features": false,
    "include_order": false,
    "normalize_features": true,
    "class_config": "all",
    "use_pca": false,
    "pca_variance": 0.9,
    "write_cm": true,
    "tune_hyperparameters": false,
    "tune_n_iter": 30,
    "tune_cv_folds": 5,
    "name": "perf_eye_gsr_ecg",
    "feature_groups": [
      "performance",
      "eye_tracking",
      "gsr",
      "ecg"
    ],
    "split_strategy": "random"
  },
  "metrics": {
    "test_acc_mean": 0.8357585139318886,
    "test_acc_std": 0.0183977941715905,
    "test_bal_acc_mean": 0.8350068384959162,
    "test_bal_acc_std": 0.01860429102597146,
    "test_f1_mean": 0.8373836795845568,
    "test_f1_std": 0.018080352782950525,
    "test_kappa_mean": 0.7532290370504435,
    "test_kappa_std": 0.027670939399590165,
    "test_precision_L_mean": 0.9414501882499989,
    "test_precision_L_std": 0.027904108709712126,
    "test_recall_L_mean": 0.799514563106796,
    "test_recall_L_std": 0.04287551835681821,
    "test_f1_L_mean": 0.8639146433829215,
    "test_f1_L_std": 0.027016047330649787,
    "test_precision_M_mean": 0.7428479537515272,
    "test_precision_M_std": 0.03003901112123676,
    "test_recall_M_mean": 0.8541666666666666,
    "test_recall_M_std": 0.03017214705441225,
    "test_f1_M_mean": 0.7941560298523883,
    "test_f1_M_std": 0.02269245255405528,
    "test_precision_H_mean": 0.8585038622869737,
    "test_precision_H_std": 0.018698675003548052,
    "test_recall_H_mean": 0.8513392857142857,
    "test_recall_H_std": 0.026750446707172887,
    "test_f1_H_mean": 0.8546684733331518,
    "test_f1_H_std": 0.017892093142007227
  },
  "confusion_matrix": [
    [
      79.95145631067963,
      16.941747572815537,
      3.106796116504854
    ],
    [
      2.962962962962963,
      85.41666666666667,
      11.62037037037037
    ],
    [
      1.7857142857142858,
      13.080357142857144,
      85.13392857142858
    ]
  ],
  "selected_features": [
    "sysmon_failure_rate",
    "sysmon_average_reaction_times",
    "track_failure_rate",
    "resman_failure_rate",
    "average_accuracy",
    "average_reaction_time",
    "pct_missing",
    "mean_vel",
    "max_vel",
    "fix_mean_dur",
    "blink_mean_dur",
    "blink_rate",
    "sac_rate",
    "t_end_sec",
    "SCR_Peaks_N",
    "SCR_Peaks_Amplitude_Mean",
    "HRV_MeanNN",
    "HRV_MedianNN",
    "HRV_Prc80NN",
    "HRV_MaxNN",
    "HRV_HTI",
    "HRV_SD1SD2",
    "HRV_ShanEn",
    "HRV_FuzzyEn"
  ],
  "tuned_rf_params": {},
  "n_features": 24,
  "n_seeds": 20,
  "timestamp": "2025-10-18T11:39:43.724723"
}