{
  "name": "pose_perf_eye_gsr",
  "config": {
    "n_seeds": 20,
    "feature_selection": "backward",
    "use_pose_derivatives": true,
    "use_time_features": false,
    "include_order": false,
    "normalize_features": true,
    "class_config": "all",
    "use_pca": false,
    "pca_variance": 0.9,
    "write_cm": true,
    "tune_hyperparameters": false,
    "tune_n_iter": 30,
    "tune_cv_folds": 5,
    "name": "pose_perf_eye_gsr",
    "feature_groups": [
      "pose",
      "performance",
      "eye_tracking",
      "gsr"
    ],
    "split_strategy": "random"
  },
  "metrics": {
    "test_acc_mean": 0.9166666666666667,
    "test_acc_std": 0.012436064505000928,
    "test_bal_acc_mean": 0.9164486495305461,
    "test_bal_acc_std": 0.012564135511559308,
    "test_f1_mean": 0.9169995965079663,
    "test_f1_std": 0.012253399520970577,
    "test_kappa_mean": 0.8749187184184499,
    "test_kappa_std": 0.018686094220852992,
    "test_precision_L_mean": 0.9706418501499312,
    "test_precision_L_std": 0.017466658324139944,
    "test_recall_L_mean": 0.8986607142857143,
    "test_recall_L_std": 0.037128372501036525,
    "test_f1_L_mean": 0.9327099430198155,
    "test_f1_L_std": 0.01931417143271228,
    "test_precision_M_mean": 0.8741740251880851,
    "test_precision_M_std": 0.032404035389664604,
    "test_recall_M_mean": 0.932242852932508,
    "test_recall_M_std": 0.021822762887224807,
    "test_f1_M_mean": 0.9016783773378894,
    "test_f1_M_std": 0.015461283387840535,
    "test_precision_H_mean": 0.9165821143751771,
    "test_precision_H_std": 0.025974109942202353,
    "test_recall_H_mean": 0.9184423813734158,
    "test_recall_H_std": 0.027862709858722676,
    "test_f1_H_mean": 0.9172180407142637,
    "test_f1_H_std": 0.021106123905919472
  },
  "confusion_matrix": [
    [
      89.86607142857144,
      6.830357142857143,
      3.3035714285714284
    ],
    [
      1.5436192160330091,
      93.2242852932508,
      5.23209549071618
    ],
    [
      1.1166371942234012,
      7.039124668435013,
      91.8442381373416
    ]
  ],
  "selected_features": [
    "head_rotation_rad_min",
    "head_rotation_rad_std",
    "head_tx_max",
    "head_tx_rms",
    "head_tx_median",
    "head_tx_p75",
    "head_ty_max",
    "head_ty_rms",
    "head_ty_p75",
    "head_scalex_min",
    "head_scalex_p75",
    "head_scaley_min",
    "head_scaley_max",
    "head_scaley_p75",
    "head_scaley_autocorr1",
    "head_motion_mag_min",
    "head_motion_mag_rms",
    "head_motion_mag_autocorr1",
    "blink_aperture_max",
    "blink_aperture_p75",
    "mouth_aperture_max",
    "mouth_aperture_mean",
    "mouth_aperture_std",
    "mouth_aperture_autocorr1",
    "pupil_metric_mean",
    "pupil_metric_p75",
    "head_rotation_rad_vel_p75",
    "head_rotation_rad_acc_std",
    "head_tx_vel_p25",
    "head_scalex_vel_median",
    "head_scaley_vel_autocorr1",
    "head_scaley_acc_max",
    "head_scaley_acc_mean",
    "head_motion_mag_vel_median",
    "head_motion_mag_acc_std",
    "head_motion_mag_acc_autocorr1",
    "blink_aperture_vel_p25",
    "blink_aperture_acc_min",
    "pupil_dx_acc_max",
    "pupil_dy_acc_autocorr1",
    "pupil_metric_vel_std",
    "pupil_metric_acc_std",
    "sysmon_average_reaction_times",
    "track_failure_rate",
    "resman_failure_rate",
    "average_accuracy",
    "average_reaction_time",
    "pct_missing",
    "mean_vel",
    "fix_rate",
    "blink_mean_dur",
    "blink_rate",
    "sac_rate",
    "SCR_Peaks_Amplitude_Mean",
    "EDA_Tonic_SD"
  ],
  "tuned_rf_params": {},
  "n_features": 55,
  "n_seeds": 20,
  "timestamp": "2025-10-18T11:28:05.665195"
}