{
  "name": "pose_eye_gsr",
  "config": {
    "n_seeds": 20,
    "feature_selection": "backward",
    "use_pose_derivatives": true,
    "use_time_features": false,
    "include_order": false,
    "normalize_features": true,
    "class_config": "all",
    "use_pca": false,
    "pca_variance": 0.9,
    "write_cm": true,
    "tune_hyperparameters": false,
    "tune_n_iter": 30,
    "tune_cv_folds": 5,
    "name": "pose_eye_gsr",
    "feature_groups": [
      "pose",
      "eye_tracking",
      "gsr"
    ],
    "split_strategy": "random"
  },
  "metrics": {
    "test_acc_mean": 0.921304347826087,
    "test_acc_std": 0.011905619405231006,
    "test_bal_acc_mean": 0.9214733941027046,
    "test_bal_acc_std": 0.011954044419962293,
    "test_f1_mean": 0.9212152708549988,
    "test_f1_std": 0.011892014810515147,
    "test_kappa_mean": 0.8819504058077788,
    "test_kappa_std": 0.017863452106785433,
    "test_precision_L_mean": 0.9174802181030938,
    "test_precision_L_std": 0.029873940899425598,
    "test_recall_L_mean": 0.9330357142857142,
    "test_recall_L_std": 0.03193069075067515,
    "test_f1_L_mean": 0.9245559142874689,
    "test_f1_L_std": 0.01845861361347117,
    "test_precision_M_mean": 0.93245923112666,
    "test_precision_M_std": 0.020288425149689614,
    "test_recall_M_mean": 0.9335396404361923,
    "test_recall_M_std": 0.02232068462138815,
    "test_f1_M_mean": 0.9326921607459455,
    "test_f1_M_std": 0.0125730725496155,
    "test_precision_H_mean": 0.9169342788157643,
    "test_precision_H_std": 0.031118119838611888,
    "test_recall_H_mean": 0.897844827586207,
    "test_recall_H_std": 0.03305496036353794,
    "test_f1_H_mean": 0.9065492604413568,
    "test_f1_H_std": 0.018186005940127384
  },
  "confusion_matrix": [
    [
      93.30357142857143,
      1.6071428571428565,
      5.0892857142857135
    ],
    [
      3.2581786030061886,
      93.35396404361921,
      3.3878573533745957
    ],
    [
      4.937371058060712,
      5.278146183318596,
      89.78448275862068
    ]
  ],
  "selected_features": [
    "head_rotation_rad_min",
    "head_rotation_rad_rms",
    "head_rotation_rad_std",
    "head_rotation_rad_p25",
    "head_rotation_rad_p75",
    "head_rotation_rad_autocorr1",
    "head_tx_rms",
    "head_tx_std",
    "head_tx_median",
    "head_tx_p25",
    "head_tx_p75",
    "head_ty_min",
    "head_ty_max",
    "head_ty_rms",
    "head_ty_std",
    "head_ty_p75",
    "head_scalex_min",
    "head_scalex_p75",
    "head_scalex_autocorr1",
    "head_scaley_min",
    "head_scaley_max",
    "head_scaley_p75",
    "head_motion_mag_min",
    "head_motion_mag_rms",
    "head_motion_mag_p75",
    "head_motion_mag_autocorr1",
    "blink_aperture_min",
    "blink_aperture_max",
    "blink_aperture_std",
    "blink_aperture_p25",
    "blink_aperture_p75",
    "mouth_aperture_min",
    "mouth_aperture_max",
    "mouth_aperture_mean",
    "mouth_aperture_std",
    "mouth_aperture_p25",
    "mouth_aperture_autocorr1",
    "pupil_dx_max",
    "pupil_dx_p25",
    "pupil_dx_p75",
    "pupil_dy_max",
    "pupil_dy_p25",
    "pupil_metric_min",
    "pupil_metric_mean",
    "pupil_metric_p75",
    "head_rotation_rad_vel_min",
    "head_rotation_rad_vel_mean",
    "head_rotation_rad_vel_p25",
    "head_rotation_rad_vel_autocorr1",
    "head_rotation_rad_acc_min",
    "head_rotation_rad_acc_max",
    "head_rotation_rad_acc_median",
    "head_tx_vel_median",
    "head_tx_vel_autocorr1",
    "head_tx_acc_p75",
    "head_tx_acc_autocorr1",
    "head_ty_vel_max",
    "head_ty_vel_mean",
    "head_ty_vel_median",
    "head_ty_vel_autocorr1",
    "head_scalex_vel_median",
    "head_scalex_vel_autocorr1",
    "head_scalex_acc_mean",
    "head_scalex_acc_p75",
    "head_scalex_acc_autocorr1",
    "head_scaley_vel_min",
    "head_scaley_vel_max",
    "head_scaley_vel_mean",
    "head_scaley_vel_std",
    "head_scaley_vel_median",
    "head_scaley_vel_p25",
    "head_scaley_vel_p75",
    "head_scaley_vel_autocorr1",
    "head_scaley_acc_max",
    "head_scaley_acc_p75",
    "head_scaley_acc_autocorr1",
    "head_motion_mag_vel_median",
    "head_motion_mag_acc_std",
    "head_motion_mag_acc_median",
    "head_motion_mag_acc_p75",
    "head_motion_mag_acc_autocorr1",
    "blink_aperture_vel_min",
    "blink_aperture_vel_max",
    "blink_aperture_vel_median",
    "blink_aperture_vel_autocorr1",
    "blink_aperture_acc_min",
    "blink_aperture_acc_max",
    "blink_aperture_acc_autocorr1",
    "mouth_aperture_vel_mean",
    "mouth_aperture_vel_median",
    "mouth_aperture_acc_min",
    "mouth_aperture_acc_median",
    "mouth_aperture_acc_p75",
    "mouth_aperture_acc_autocorr1",
    "pupil_dx_vel_min",
    "pupil_dx_acc_min",
    "pupil_dx_acc_max",
    "pupil_dx_acc_mean",
    "pupil_dx_acc_p75",
    "pupil_dx_acc_autocorr1",
    "pupil_dy_vel_min",
    "pupil_dy_vel_max",
    "pupil_dy_acc_min",
    "pupil_dy_acc_mean",
    "pupil_dy_acc_autocorr1",
    "pupil_metric_vel_max",
    "pupil_metric_vel_std",
    "pupil_metric_vel_autocorr1",
    "pupil_metric_acc_min",
    "pupil_metric_acc_mean",
    "pupil_metric_acc_std",
    "pupil_metric_acc_median",
    "pupil_metric_acc_p75",
    "pupil_metric_acc_autocorr1",
    "mean_vel",
    "max_vel",
    "rms_disp",
    "fix_rate",
    "blink_mean_dur",
    "blink_rate",
    "sac_rate",
    "SCR_Peaks_N",
    "SCR_Peaks_Amplitude_Mean",
    "EDA_Tonic_SD",
    "EDA_Autocorrelation"
  ],
  "tuned_rf_params": {},
  "n_features": 125,
  "n_seeds": 20,
  "timestamp": "2025-10-18T11:10:04.916489"
}