{
  "name": "pose_perf_ecg",
  "config": {
    "n_seeds": 20,
    "feature_selection": "backward",
    "use_pose_derivatives": true,
    "use_time_features": false,
    "include_order": false,
    "normalize_features": true,
    "class_config": "all",
    "use_pca": false,
    "pca_variance": 0.9,
    "write_cm": true,
    "tune_hyperparameters": false,
    "tune_n_iter": 30,
    "tune_cv_folds": 5,
    "name": "pose_perf_ecg",
    "feature_groups": [
      "pose",
      "performance",
      "ecg"
    ],
    "split_strategy": "random"
  },
  "metrics": {
    "test_acc_mean": 0.9130952380952382,
    "test_acc_std": 0.01253798382157439,
    "test_bal_acc_mean": 0.9131302354986565,
    "test_bal_acc_std": 0.012496061215644262,
    "test_f1_mean": 0.9133083783469891,
    "test_f1_std": 0.012485944674696553,
    "test_kappa_mean": 0.8696327524160411,
    "test_kappa_std": 0.01880014665072044,
    "test_precision_L_mean": 0.9583277416134477,
    "test_precision_L_std": 0.020337457004565115,
    "test_recall_L_mean": 0.9130630630630631,
    "test_recall_L_std": 0.02072484342683408,
    "test_f1_L_mean": 0.9349452435152615,
    "test_f1_L_std": 0.014988282899295546,
    "test_precision_M_mean": 0.8777996186606039,
    "test_precision_M_std": 0.027015854609227428,
    "test_recall_M_mean": 0.9171171171171171,
    "test_recall_M_std": 0.02872789347826762,
    "test_f1_M_mean": 0.8967218274304024,
    "test_f1_M_std": 0.02234729503759491,
    "test_precision_H_mean": 0.9084622787634791,
    "test_precision_H_std": 0.01676176114667591,
    "test_recall_H_mean": 0.9092105263157896,
    "test_recall_H_std": 0.03370726261835651,
    "test_f1_H_mean": 0.9083909671019263,
    "test_f1_H_std": 0.01679380109926495
  },
  "confusion_matrix": [
    [
      91.3063063063063,
      5.675675675675675,
      3.0180180180180174
    ],
    [
      1.8468468468468466,
      91.71171171171171,
      6.441441441441443
    ],
    [
      2.1052631578947363,
      6.973684210526317,
      90.92105263157895
    ]
  ],
  "selected_features": [
    "head_rotation_rad_min",
    "head_rotation_rad_rms",
    "head_rotation_rad_std",
    "head_rotation_rad_median",
    "head_rotation_rad_p25",
    "head_rotation_rad_p75",
    "head_rotation_rad_autocorr1",
    "head_tx_max",
    "head_tx_std",
    "head_tx_median",
    "head_tx_p25",
    "head_tx_p75",
    "head_tx_autocorr1",
    "head_ty_min",
    "head_ty_max",
    "head_ty_rms",
    "head_ty_p75",
    "head_scalex_min",
    "head_scalex_p75",
    "head_scalex_autocorr1",
    "head_scaley_min",
    "head_scaley_max",
    "head_scaley_std",
    "head_scaley_p75",
    "head_scaley_autocorr1",
    "head_motion_mag_rms",
    "head_motion_mag_p75",
    "head_motion_mag_autocorr1",
    "blink_aperture_max",
    "blink_aperture_std",
    "blink_aperture_p25",
    "blink_aperture_p75",
    "mouth_aperture_max",
    "mouth_aperture_mean",
    "mouth_aperture_std",
    "mouth_aperture_median",
    "mouth_aperture_p25",
    "mouth_aperture_p75",
    "mouth_aperture_autocorr1",
    "pupil_dx_max",
    "pupil_dx_mean",
    "pupil_dx_p25",
    "pupil_dx_p75",
    "pupil_dy_max",
    "pupil_dy_mean",
    "pupil_dy_median",
    "pupil_dy_p25",
    "pupil_dy_p75",
    "pupil_metric_min",
    "pupil_metric_mean",
    "pupil_metric_p25",
    "pupil_metric_p75",
    "pupil_metric_autocorr1",
    "head_rotation_rad_vel_max",
    "head_rotation_rad_vel_mean",
    "head_rotation_rad_vel_p25",
    "head_rotation_rad_acc_mean",
    "head_rotation_rad_acc_std",
    "head_rotation_rad_acc_median",
    "head_rotation_rad_acc_p75",
    "head_rotation_rad_acc_autocorr1",
    "head_tx_vel_mean",
    "head_tx_vel_median",
    "head_tx_vel_p25",
    "head_tx_vel_autocorr1",
    "head_tx_acc_median",
    "head_tx_acc_p75",
    "head_tx_acc_autocorr1",
    "head_ty_vel_max",
    "head_ty_vel_mean",
    "head_ty_vel_median",
    "head_ty_vel_autocorr1",
    "head_ty_acc_mean",
    "head_ty_acc_median",
    "head_ty_acc_p75",
    "head_scalex_vel_mean",
    "head_scalex_vel_autocorr1",
    "head_scalex_acc_mean",
    "head_scalex_acc_median",
    "head_scalex_acc_p75",
    "head_scalex_acc_autocorr1",
    "head_scaley_vel_min",
    "head_scaley_vel_mean",
    "head_scaley_vel_std",
    "head_scaley_vel_median",
    "head_scaley_vel_p25",
    "head_scaley_vel_autocorr1",
    "head_scaley_acc_median",
    "head_scaley_acc_p75",
    "head_motion_mag_vel_mean",
    "head_motion_mag_vel_autocorr1",
    "head_motion_mag_acc_std",
    "head_motion_mag_acc_median",
    "head_motion_mag_acc_autocorr1",
    "blink_aperture_vel_min",
    "blink_aperture_vel_mean",
    "blink_aperture_vel_median",
    "blink_aperture_vel_p75",
    "blink_aperture_acc_min",
    "blink_aperture_acc_max",
    "blink_aperture_acc_mean",
    "blink_aperture_acc_std",
    "blink_aperture_acc_p25",
    "blink_aperture_acc_p75",
    "blink_aperture_acc_autocorr1",
    "mouth_aperture_vel_min",
    "mouth_aperture_vel_mean",
    "mouth_aperture_vel_median",
    "mouth_aperture_acc_max",
    "mouth_aperture_acc_mean",
    "mouth_aperture_acc_std",
    "mouth_aperture_acc_median",
    "mouth_aperture_acc_p75",
    "mouth_aperture_acc_autocorr1",
    "pupil_dx_acc_min",
    "pupil_dx_acc_max",
    "pupil_dx_acc_mean",
    "pupil_dx_acc_median",
    "pupil_dx_acc_p75",
    "pupil_dx_acc_autocorr1",
    "pupil_dy_acc_min",
    "pupil_dy_acc_median",
    "pupil_dy_acc_autocorr1",
    "pupil_metric_vel_min",
    "pupil_metric_vel_max",
    "pupil_metric_vel_std",
    "pupil_metric_vel_median",
    "pupil_metric_vel_autocorr1",
    "pupil_metric_acc_min",
    "pupil_metric_acc_std",
    "pupil_metric_acc_median",
    "pupil_metric_acc_p75",
    "pupil_metric_acc_autocorr1",
    "sysmon_failure_rate",
    "sysmon_average_reaction_times",
    "comms_failure_rate",
    "comms_events",
    "comms_own_events",
    "comms_average_reaction_times",
    "track_failure_rate",
    "resman_failure_rate",
    "average_accuracy",
    "average_reaction_time",
    "t_end_sec",
    "HRV_MeanNN",
    "HRV_MedianNN",
    "HRV_IQRNN",
    "HRV_pNN50",
    "HRV_MinNN",
    "HRV_HTI",
    "HRV_TINN",
    "HRV_LF",
    "HRV_HF",
    "HRV_TP",
    "HRV_LFn",
    "HRV_SD1SD2",
    "HRV_CVI",
    "HRV_CSI_Modified",
    "HRV_IALS",
    "HRV_PAS",
    "HRV_SI",
    "HRV_AI",
    "HRV_PI",
    "HRV_C1a",
    "HRV_C2a",
    "HRV_Ca",
    "HRV_SDNNa",
    "HRV_DFA_alpha1",
    "HRV_MFDFA_alpha1_Width",
    "HRV_MFDFA_alpha1_Peak",
    "HRV_MFDFA_alpha1_Delta",
    "HRV_MFDFA_alpha1_Increment",
    "HRV_ApEn",
    "HRV_ShanEn",
    "HRV_FuzzyEn",
    "HRV_MSEn",
    "HRV_CMSEn",
    "HRV_RCMSEn",
    "HRV_KFD",
    "HRV_LZC",
    "HRV_DFA_alpha2",
    "HRV_MFDFA_alpha2_Width",
    "HRV_MFDFA_alpha2_Peak",
    "HRV_MFDFA_alpha2_Mean",
    "HRV_MFDFA_alpha2_Max",
    "HRV_MFDFA_alpha2_Delta",
    "HRV_MFDFA_alpha2_Asymmetry",
    "HRV_MFDFA_alpha2_Fluctuation",
    "HRV_MFDFA_alpha2_Increment"
  ],
  "tuned_rf_params": {},
  "n_features": 189,
  "n_seeds": 20,
  "timestamp": "2025-10-18T11:07:48.833598"
}