{
  "name": "pose_perf_gsr",
  "config": {
    "n_seeds": 20,
    "feature_selection": "backward",
    "use_pose_derivatives": true,
    "use_time_features": false,
    "include_order": false,
    "normalize_features": true,
    "class_config": "all",
    "use_pca": false,
    "pca_variance": 0.9,
    "write_cm": true,
    "tune_hyperparameters": false,
    "tune_n_iter": 30,
    "tune_cv_folds": 5,
    "name": "pose_perf_gsr",
    "feature_groups": [
      "pose",
      "performance",
      "gsr"
    ],
    "split_strategy": "random"
  },
  "metrics": {
    "test_acc_mean": 0.9139044943820226,
    "test_acc_std": 0.021104835681193087,
    "test_bal_acc_mean": 0.9138771186440678,
    "test_bal_acc_std": 0.021090552244760634,
    "test_f1_mean": 0.9141562553048279,
    "test_f1_std": 0.02096555902760378,
    "test_kappa_mean": 0.8708354243909582,
    "test_kappa_std": 0.03166086385941584,
    "test_precision_L_mean": 0.9615964454980277,
    "test_precision_L_std": 0.021298913954253977,
    "test_recall_L_mean": 0.9110169491525424,
    "test_recall_L_std": 0.028106989748774576,
    "test_f1_L_mean": 0.9352836056977495,
    "test_f1_L_std": 0.017476440629210523,
    "test_precision_M_mean": 0.8791402370537975,
    "test_precision_M_std": 0.033266690905797515,
    "test_recall_M_mean": 0.91875,
    "test_recall_M_std": 0.03429266455242671,
    "test_f1_M_mean": 0.8980003819456662,
    "test_f1_M_std": 0.02605006738020589,
    "test_precision_H_mean": 0.9079025377851065,
    "test_precision_H_std": 0.031109334756870725,
    "test_recall_H_mean": 0.9118644067796611,
    "test_recall_H_std": 0.037538692699043384,
    "test_f1_H_mean": 0.9094586066330879,
    "test_f1_H_std": 0.028565786732260262
  },
  "confusion_matrix": [
    [
      91.10169491525426,
      5.80508474576271,
      3.0932203389830497
    ],
    [
      1.9999999999999996,
      91.87500000000001,
      6.124999999999999
    ],
    [
      1.6525423728813557,
      7.16101694915254,
      91.1864406779661
    ]
  ],
  "selected_features": [
    "head_rotation_rad_min",
    "head_rotation_rad_max",
    "head_rotation_rad_rms",
    "head_rotation_rad_autocorr1",
    "head_tx_max",
    "head_tx_std",
    "head_tx_median",
    "head_tx_p25",
    "head_tx_p75",
    "head_tx_autocorr1",
    "head_ty_min",
    "head_ty_max",
    "head_ty_rms",
    "head_ty_p75",
    "head_scalex_min",
    "head_scalex_rms",
    "head_scalex_p75",
    "head_scalex_autocorr1",
    "head_scaley_min",
    "head_scaley_max",
    "head_scaley_std",
    "head_scaley_p75",
    "head_motion_mag_min",
    "head_motion_mag_rms",
    "head_motion_mag_p75",
    "head_motion_mag_autocorr1",
    "blink_aperture_min",
    "blink_aperture_std",
    "blink_aperture_p25",
    "blink_aperture_p75",
    "mouth_aperture_max",
    "mouth_aperture_mean",
    "mouth_aperture_std",
    "mouth_aperture_p25",
    "mouth_aperture_p75",
    "mouth_aperture_autocorr1",
    "pupil_dx_max",
    "pupil_dy_max",
    "pupil_dy_mean",
    "pupil_dy_median",
    "pupil_dy_p25",
    "pupil_metric_min",
    "pupil_metric_mean",
    "pupil_metric_p75",
    "pupil_metric_autocorr1",
    "head_rotation_rad_vel_std",
    "head_rotation_rad_vel_p75",
    "head_rotation_rad_acc_std",
    "head_rotation_rad_acc_median",
    "head_rotation_rad_acc_autocorr1",
    "head_tx_vel_median",
    "head_tx_vel_p25",
    "head_tx_vel_autocorr1",
    "head_tx_acc_median",
    "head_tx_acc_p75",
    "head_ty_vel_max",
    "head_ty_vel_median",
    "head_ty_acc_mean",
    "head_ty_acc_std",
    "head_ty_acc_median",
    "head_ty_acc_p75",
    "head_ty_acc_autocorr1",
    "head_scalex_vel_autocorr1",
    "head_scalex_acc_p75",
    "head_scalex_acc_autocorr1",
    "head_scaley_vel_min",
    "head_scaley_vel_mean",
    "head_scaley_vel_std",
    "head_scaley_vel_median",
    "head_scaley_vel_p25",
    "head_scaley_vel_p75",
    "head_scaley_acc_mean",
    "head_scaley_acc_std",
    "head_scaley_acc_median",
    "head_scaley_acc_p75",
    "head_scaley_acc_autocorr1",
    "head_motion_mag_vel_mean",
    "head_motion_mag_vel_median",
    "head_motion_mag_vel_autocorr1",
    "head_motion_mag_acc_std",
    "head_motion_mag_acc_median",
    "blink_aperture_vel_min",
    "blink_aperture_vel_mean",
    "blink_aperture_vel_median",
    "blink_aperture_acc_min",
    "blink_aperture_acc_max",
    "blink_aperture_acc_mean",
    "blink_aperture_acc_p75",
    "mouth_aperture_vel_min",
    "mouth_aperture_acc_min",
    "mouth_aperture_acc_max",
    "mouth_aperture_acc_std",
    "mouth_aperture_acc_p75",
    "mouth_aperture_acc_autocorr1",
    "pupil_dx_acc_min",
    "pupil_dx_acc_max",
    "pupil_dx_acc_median",
    "pupil_dx_acc_p75",
    "pupil_dy_acc_p75",
    "pupil_dy_acc_autocorr1",
    "pupil_metric_vel_min",
    "pupil_metric_vel_std",
    "pupil_metric_acc_min",
    "pupil_metric_acc_max",
    "pupil_metric_acc_mean",
    "pupil_metric_acc_std",
    "pupil_metric_acc_p75",
    "sysmon_failure_rate",
    "sysmon_average_reaction_times",
    "track_failure_rate",
    "resman_failure_rate",
    "average_accuracy",
    "average_reaction_time",
    "SCR_Peaks_Amplitude_Mean",
    "EDA_Tonic_SD",
    "EDA_Autocorrelation"
  ],
  "tuned_rf_params": {},
  "n_features": 116,
  "n_seeds": 20,
  "timestamp": "2025-10-18T11:06:10.285175"
}