{
  "name": "pose_perf_eye_ecg",
  "config": {
    "n_seeds": 20,
    "feature_selection": "backward",
    "use_pose_derivatives": true,
    "use_time_features": false,
    "include_order": false,
    "normalize_features": true,
    "class_config": "all",
    "use_pca": false,
    "pca_variance": 0.9,
    "write_cm": true,
    "tune_hyperparameters": false,
    "tune_n_iter": 30,
    "tune_cv_folds": 5,
    "name": "pose_perf_eye_ecg",
    "feature_groups": [
      "pose",
      "performance",
      "eye_tracking",
      "ecg"
    ],
    "split_strategy": "random"
  },
  "metrics": {
    "test_acc_mean": 0.932,
    "test_acc_std": 0.011421539857601474,
    "test_bal_acc_mean": 0.9321946649029982,
    "test_bal_acc_std": 0.011493021272217617,
    "test_f1_mean": 0.9320870566390258,
    "test_f1_std": 0.011420105546854778,
    "test_kappa_mean": 0.8979537993406111,
    "test_kappa_std": 0.017142641005479586,
    "test_precision_L_mean": 0.9607950670353151,
    "test_precision_L_std": 0.024972323265553202,
    "test_recall_L_mean": 0.9466666666666667,
    "test_recall_L_std": 0.024014158213955927,
    "test_f1_L_mean": 0.9534866272764635,
    "test_f1_L_std": 0.020238094481623482,
    "test_precision_M_mean": 0.9157624778814272,
    "test_precision_M_std": 0.02213872570440619,
    "test_recall_M_mean": 0.9226851851851853,
    "test_recall_M_std": 0.022535759212622346,
    "test_f1_M_mean": 0.9188511572093659,
    "test_f1_M_std": 0.01206487757632474,
    "test_precision_H_mean": 0.9229256022145294,
    "test_precision_H_std": 0.024539020689486803,
    "test_recall_H_mean": 0.9272321428571431,
    "test_recall_H_std": 0.02192313830221986,
    "test_f1_H_mean": 0.9247881479021711,
    "test_f1_H_std": 0.016257529059169152
  },
  "confusion_matrix": [
    [
      94.66666666666663,
      2.8571428571428568,
      2.4761904761904754
    ],
    [
      2.037037037037037,
      92.2685185185185,
      5.694444444444445
    ],
    [
      1.6964285714285712,
      5.580357142857143,
      92.72321428571429
    ]
  ],
  "selected_features": [
    "head_rotation_rad_min",
    "head_rotation_rad_max",
    "head_rotation_rad_rms",
    "head_rotation_rad_std",
    "head_rotation_rad_median",
    "head_rotation_rad_p25",
    "head_rotation_rad_p75",
    "head_rotation_rad_autocorr1",
    "head_tx_max",
    "head_tx_std",
    "head_tx_median",
    "head_tx_p25",
    "head_tx_p75",
    "head_tx_autocorr1",
    "head_ty_min",
    "head_ty_max",
    "head_ty_rms",
    "head_ty_std",
    "head_ty_p75",
    "head_ty_autocorr1",
    "head_scalex_min",
    "head_scalex_rms",
    "head_scalex_p75",
    "head_scalex_autocorr1",
    "head_scaley_min",
    "head_scaley_std",
    "head_scaley_p75",
    "head_scaley_autocorr1",
    "head_motion_mag_min",
    "head_motion_mag_rms",
    "head_motion_mag_p75",
    "head_motion_mag_autocorr1",
    "blink_aperture_min",
    "blink_aperture_max",
    "blink_aperture_std",
    "blink_aperture_p25",
    "blink_aperture_p75",
    "mouth_aperture_min",
    "mouth_aperture_max",
    "mouth_aperture_mean",
    "mouth_aperture_std",
    "mouth_aperture_median",
    "mouth_aperture_p25",
    "mouth_aperture_p75",
    "mouth_aperture_autocorr1",
    "pupil_dx_max",
    "pupil_dx_mean",
    "pupil_dx_p25",
    "pupil_dx_p75",
    "pupil_dy_max",
    "pupil_dy_mean",
    "pupil_dy_median",
    "pupil_dy_p25",
    "pupil_dy_p75",
    "pupil_metric_min",
    "pupil_metric_mean",
    "pupil_metric_p25",
    "pupil_metric_p75",
    "pupil_metric_autocorr1",
    "head_rotation_rad_vel_min",
    "head_rotation_rad_vel_max",
    "head_rotation_rad_vel_mean",
    "head_rotation_rad_vel_std",
    "head_rotation_rad_vel_median",
    "head_rotation_rad_vel_p25",
    "head_rotation_rad_vel_p75",
    "head_rotation_rad_vel_autocorr1",
    "head_rotation_rad_acc_min",
    "head_rotation_rad_acc_max",
    "head_rotation_rad_acc_mean",
    "head_rotation_rad_acc_std",
    "head_rotation_rad_acc_median",
    "head_rotation_rad_acc_p75",
    "head_rotation_rad_acc_autocorr1",
    "head_tx_vel_mean",
    "head_tx_vel_median",
    "head_tx_vel_p25",
    "head_tx_vel_autocorr1",
    "head_tx_acc_median",
    "head_tx_acc_p75",
    "head_tx_acc_autocorr1",
    "head_ty_vel_max",
    "head_ty_vel_mean",
    "head_ty_vel_median",
    "head_ty_vel_autocorr1",
    "head_ty_acc_mean",
    "head_ty_acc_std",
    "head_ty_acc_median",
    "head_ty_acc_p75",
    "head_ty_acc_autocorr1",
    "head_scalex_vel_mean",
    "head_scalex_vel_median",
    "head_scalex_vel_autocorr1",
    "head_scalex_acc_mean",
    "head_scalex_acc_median",
    "head_scalex_acc_p75",
    "head_scalex_acc_autocorr1",
    "head_scaley_vel_min",
    "head_scaley_vel_mean",
    "head_scaley_vel_std",
    "head_scaley_vel_median",
    "head_scaley_vel_p25",
    "head_scaley_vel_p75",
    "head_scaley_vel_autocorr1",
    "head_scaley_acc_mean",
    "head_scaley_acc_std",
    "head_scaley_acc_median",
    "head_scaley_acc_p75",
    "head_scaley_acc_autocorr1",
    "head_motion_mag_vel_mean",
    "head_motion_mag_vel_median",
    "head_motion_mag_vel_autocorr1",
    "head_motion_mag_acc_mean",
    "head_motion_mag_acc_std",
    "head_motion_mag_acc_median",
    "head_motion_mag_acc_p75",
    "head_motion_mag_acc_autocorr1",
    "blink_aperture_vel_min",
    "blink_aperture_vel_max",
    "blink_aperture_vel_mean",
    "blink_aperture_vel_median",
    "blink_aperture_vel_autocorr1",
    "blink_aperture_acc_min",
    "blink_aperture_acc_max",
    "blink_aperture_acc_mean",
    "blink_aperture_acc_std",
    "blink_aperture_acc_median",
    "blink_aperture_acc_p75",
    "blink_aperture_acc_autocorr1",
    "mouth_aperture_vel_min",
    "mouth_aperture_vel_mean",
    "mouth_aperture_vel_median",
    "mouth_aperture_acc_min",
    "mouth_aperture_acc_max",
    "mouth_aperture_acc_mean",
    "mouth_aperture_acc_std",
    "mouth_aperture_acc_median",
    "mouth_aperture_acc_p75",
    "mouth_aperture_acc_autocorr1",
    "pupil_dx_vel_median",
    "pupil_dx_acc_min",
    "pupil_dx_acc_max",
    "pupil_dx_acc_mean",
    "pupil_dx_acc_median",
    "pupil_dx_acc_p75",
    "pupil_dx_acc_autocorr1",
    "pupil_dy_vel_mean",
    "pupil_dy_vel_median",
    "pupil_dy_acc_min",
    "pupil_dy_acc_mean",
    "pupil_dy_acc_median",
    "pupil_dy_acc_p75",
    "pupil_dy_acc_autocorr1",
    "pupil_metric_vel_max",
    "pupil_metric_vel_mean",
    "pupil_metric_vel_std",
    "pupil_metric_vel_median",
    "pupil_metric_vel_autocorr1",
    "pupil_metric_acc_min",
    "pupil_metric_acc_max",
    "pupil_metric_acc_mean",
    "pupil_metric_acc_std",
    "pupil_metric_acc_median",
    "pupil_metric_acc_p75",
    "pupil_metric_acc_autocorr1",
    "sysmon_failure_rate",
    "sysmon_average_reaction_times",
    "comms_failure_rate",
    "comms_events",
    "comms_own_events",
    "comms_average_reaction_times",
    "track_failure_rate",
    "resman_failure_rate",
    "average_accuracy",
    "average_reaction_time",
    "pct_missing",
    "mean_vel",
    "max_vel",
    "mean_acc",
    "rms_disp",
    "fix_mean_dur",
    "fix_rate",
    "blink_mean_dur",
    "blink_rate",
    "sac_rate",
    "t_end_sec",
    "HRV_MeanNN",
    "HRV_MedianNN",
    "HRV_MCVNN",
    "HRV_IQRNN",
    "HRV_Prc80NN",
    "HRV_pNN50",
    "HRV_pNN20",
    "HRV_MinNN",
    "HRV_MaxNN",
    "HRV_HTI",
    "HRV_TINN",
    "HRV_LF",
    "HRV_HF",
    "HRV_VHF",
    "HRV_TP",
    "HRV_LFHF",
    "HRV_LFn",
    "HRV_HFn",
    "HRV_LnHF",
    "HRV_SD1SD2",
    "HRV_S",
    "HRV_CSI",
    "HRV_CVI",
    "HRV_CSI_Modified",
    "HRV_IALS",
    "HRV_PSS",
    "HRV_PAS",
    "HRV_SI",
    "HRV_AI",
    "HRV_PI",
    "HRV_C1a",
    "HRV_C2a",
    "HRV_Ca",
    "HRV_SDNNa",
    "HRV_DFA_alpha1",
    "HRV_MFDFA_alpha1_Width",
    "HRV_MFDFA_alpha1_Peak",
    "HRV_MFDFA_alpha1_Mean",
    "HRV_MFDFA_alpha1_Max",
    "HRV_MFDFA_alpha1_Delta",
    "HRV_MFDFA_alpha1_Asymmetry",
    "HRV_MFDFA_alpha1_Increment",
    "HRV_ApEn",
    "HRV_SampEn",
    "HRV_ShanEn",
    "HRV_FuzzyEn",
