{
  "name": "pose_perf_eye",
  "config": {
    "n_seeds": 20,
    "feature_selection": "backward",
    "use_pose_derivatives": true,
    "use_time_features": false,
    "include_order": false,
    "normalize_features": true,
    "class_config": "all",
    "use_pca": false,
    "pca_variance": 0.9,
    "write_cm": true,
    "tune_hyperparameters": false,
    "tune_n_iter": 30,
    "tune_cv_folds": 5,
    "name": "pose_perf_eye",
    "feature_groups": [
      "pose",
      "performance",
      "eye_tracking"
    ],
    "split_strategy": "random"
  },
  "metrics": {
    "test_acc_mean": 0.9225333333333333,
    "test_acc_std": 0.0123109802175996,
    "test_bal_acc_mean": 0.9224937455988732,
    "test_bal_acc_std": 0.01230844540964561,
    "test_f1_mean": 0.9227078342350827,
    "test_f1_std": 0.012274523081845302,
    "test_kappa_mean": 0.883767610411114,
    "test_kappa_std": 0.018474810176242917,
    "test_precision_L_mean": 0.9670645690560062,
    "test_precision_L_std": 0.012350903166642497,
    "test_recall_L_mean": 0.9268292682926829,
    "test_recall_L_std": 0.02460326317751827,
    "test_f1_L_mean": 0.9463262642667554,
    "test_f1_L_std": 0.01440821128599207,
    "test_precision_M_mean": 0.8975636461016532,
    "test_precision_M_std": 0.02694387500701344,
    "test_recall_M_mean": 0.9064,
    "test_recall_M_std": 0.03137280082458286,
    "test_f1_M_mean": 0.9014742534818158,
    "test_f1_M_std": 0.020027696354707265,
    "test_precision_H_mean": 0.9079662913103206,
    "test_precision_H_std": 0.024357893030964327,
    "test_recall_H_mean": 0.934251968503937,
    "test_recall_H_std": 0.01882064020979839,
    "test_f1_H_mean": 0.9207324854182529,
    "test_f1_H_std": 0.017200363292223294
  },
  "confusion_matrix": [
    [
      92.68292682926828,
      4.8373983739837385,
      2.4796747967479673
    ],
    [
      2.12,
      90.64000000000001,
      7.24
    ],
    [
      0.9842519685039373,
      5.590551181102361,
      93.42519685039369
    ]
  ],
  "selected_features": [
    "head_rotation_rad_min",
    "head_rotation_rad_max",
    "head_rotation_rad_rms",
    "head_rotation_rad_std",
    "head_rotation_rad_median",
    "head_rotation_rad_p25",
    "head_rotation_rad_p75",
    "head_tx_max",
    "head_tx_rms",
    "head_tx_std",
    "head_tx_median",
    "head_tx_p25",
    "head_tx_p75",
    "head_tx_autocorr1",
    "head_ty_min",
    "head_ty_max",
    "head_ty_rms",
    "head_ty_std",
    "head_ty_p75",
    "head_ty_autocorr1",
    "head_scalex_min",
    "head_scalex_rms",
    "head_scalex_p75",
    "head_scalex_autocorr1",
    "head_scaley_min",
    "head_scaley_max",
    "head_scaley_p75",
    "head_scaley_autocorr1",
    "head_motion_mag_rms",
    "head_motion_mag_p75",
    "head_motion_mag_autocorr1",
    "blink_aperture_min",
    "blink_aperture_max",
    "blink_aperture_p75",
    "mouth_aperture_max",
    "mouth_aperture_median",
    "mouth_aperture_p75",
    "mouth_aperture_autocorr1",
    "pupil_dx_max",
    "pupil_dx_p25",
    "pupil_dx_p75",
    "pupil_dy_mean",
    "pupil_dy_median",
    "pupil_dy_p75",
    "pupil_metric_mean",
    "pupil_metric_p25",
    "pupil_metric_autocorr1",
    "head_rotation_rad_vel_min",
    "head_rotation_rad_vel_std",
    "head_rotation_rad_vel_median",
    "head_rotation_rad_vel_p25",
    "head_rotation_rad_vel_p75",
    "head_rotation_rad_vel_autocorr1",
    "head_rotation_rad_acc_min",
    "head_rotation_rad_acc_max",
    "head_rotation_rad_acc_std",
    "head_tx_vel_median",
    "head_tx_vel_p25",
    "head_tx_vel_autocorr1",
    "head_tx_acc_p75",
    "head_tx_acc_autocorr1",
    "head_ty_vel_mean",
    "head_ty_acc_max",
    "head_ty_acc_mean",
    "head_ty_acc_std",
    "head_scalex_vel_mean",
    "head_scalex_vel_median",
    "head_scalex_vel_autocorr1",
    "head_scalex_acc_mean",
    "head_scalex_acc_median",
    "head_scalex_acc_autocorr1",
    "head_scaley_vel_max",
    "head_scaley_vel_std",
    "head_scaley_vel_autocorr1",
    "head_scaley_acc_min",
    "head_scaley_acc_max",
    "head_scaley_acc_p75",
    "head_scaley_acc_autocorr1",
    "head_motion_mag_vel_median",
    "head_motion_mag_vel_autocorr1",
    "head_motion_mag_acc_median",
    "head_motion_mag_acc_p75",
    "head_motion_mag_acc_autocorr1",
    "blink_aperture_vel_min",
    "blink_aperture_vel_median",
    "blink_aperture_acc_min",
    "blink_aperture_acc_max",
    "blink_aperture_acc_mean",
    "blink_aperture_acc_std",
    "blink_aperture_acc_median",
    "blink_aperture_acc_p75",
    "mouth_aperture_vel_mean",
    "mouth_aperture_acc_max",
    "mouth_aperture_acc_median",
    "mouth_aperture_acc_p75",
    "mouth_aperture_acc_autocorr1",
    "pupil_dx_acc_max",
    "pupil_dx_acc_std",
    "pupil_dy_vel_max",
    "pupil_dy_vel_mean",
    "pupil_dy_acc_min",
    "pupil_dy_acc_std",
    "pupil_dy_acc_median",
    "pupil_dy_acc_autocorr1",
    "pupil_metric_vel_min",
    "pupil_metric_vel_mean",
    "pupil_metric_vel_std",
    "pupil_metric_vel_median",
    "pupil_metric_acc_max",
    "pupil_metric_acc_median",
    "pupil_metric_acc_p75",
    "pupil_metric_acc_autocorr1",
    "sysmon_failure_rate",
    "sysmon_average_reaction_times",
    "track_failure_rate",
    "resman_failure_rate",
    "average_accuracy",
    "average_reaction_time",
    "pct_missing",
    "mean_vel",
    "max_vel",
    "mean_acc",
    "rms_disp",
    "fix_mean_dur",
    "fix_rate",
    "blink_mean_dur",
    "blink_rate",
    "sac_rate"
  ],
  "tuned_rf_params": {},
  "n_features": 128,
  "n_seeds": 20,
  "timestamp": "2025-10-18T11:03:50.847087"
}