{
  "name": "pose_gsr",
  "config": {
    "n_seeds": 20,
    "feature_selection": "backward",
    "use_pose_derivatives": true,
    "use_time_features": false,
    "include_order": false,
    "normalize_features": true,
    "class_config": "all",
    "use_pca": false,
    "pca_variance": 0.9,
    "write_cm": true,
    "tune_hyperparameters": false,
    "tune_n_iter": 30,
    "tune_cv_folds": 5,
    "name": "pose_gsr",
    "feature_groups": [
      "pose",
      "gsr"
    ],
    "split_strategy": "random"
  },
  "metrics": {
    "test_acc_mean": 0.9231741573033707,
    "test_acc_std": 0.01938159394104553,
    "test_bal_acc_mean": 0.9230743879472693,
    "test_bal_acc_std": 0.019391852860595967,
    "test_f1_mean": 0.9230211896259677,
    "test_f1_std": 0.019402903785442908,
    "test_kappa_mean": 0.8847520359326527,
    "test_kappa_std": 0.029073575686353666,
    "test_precision_L_mean": 0.9158232388383798,
    "test_precision_L_std": 0.032435289090894256,
    "test_recall_L_mean": 0.9389830508474576,
    "test_recall_L_std": 0.02917597547932237,
    "test_f1_L_mean": 0.9268850209361862,
    "test_f1_L_std": 0.024625622031611522,
    "test_precision_M_mean": 0.9251014556289642,
    "test_precision_M_std": 0.027251886796459828,
    "test_recall_M_mean": 0.9408333333333335,
    "test_recall_M_std": 0.02702338168872906,
    "test_f1_M_mean": 0.9324955130778114,
    "test_f1_M_std": 0.01839428695182954,
    "test_precision_H_mean": 0.9315325610078385,
    "test_precision_H_std": 0.02854261011343936,
    "test_recall_H_mean": 0.8894067796610171,
    "test_recall_H_std": 0.033727827347189175,
    "test_f1_H_mean": 0.9095224531104847,
    "test_f1_H_std": 0.023556265368726736
  },
  "confusion_matrix": [
    [
      93.89830508474576,
      1.9491525423728813,
      4.152542372881355
    ],
    [
      3.499999999999999,
      94.08333333333331,
      2.416666666666667
    ],
    [
      5.1694915254237275,
      5.889830508474574,
      88.9406779661017
    ]
  ],
  "selected_features": [
    "head_rotation_rad_min",
    "head_rotation_rad_max",
    "head_rotation_rad_p25",
    "head_tx_std",
    "head_tx_p75",
    "head_ty_min",
    "head_ty_max",
    "head_ty_rms",
    "head_ty_p75",
    "head_scalex_min",
    "head_scalex_rms",
    "head_scalex_p75",
    "head_scaley_min",
    "head_scaley_p75",
    "head_motion_mag_rms",
    "head_motion_mag_p75",
    "blink_aperture_max",
    "blink_aperture_p25",
    "blink_aperture_p75",
    "mouth_aperture_max",
    "mouth_aperture_p75",
    "pupil_dy_max",
    "pupil_metric_min",
    "head_rotation_rad_vel_max",
    "head_tx_vel_autocorr1",
    "head_ty_vel_max",
    "head_scalex_acc_p75",
    "head_scaley_vel_median",
    "head_scaley_vel_p25",
    "head_scaley_vel_p75",
    "head_scaley_vel_autocorr1",
    "head_scaley_acc_autocorr1",
    "head_motion_mag_vel_autocorr1",
    "pupil_dy_acc_p75",
    "pupil_metric_vel_std",
    "SCR_Peaks_N",
    "SCR_Peaks_Amplitude_Mean"
  ],
  "tuned_rf_params": {},
  "n_features": 37,
  "n_seeds": 20,
  "timestamp": "2025-10-18T10:52:37.272398"
}