{
  "name": "pose_ecg",
  "config": {
    "n_seeds": 20,
    "feature_selection": "backward",
    "use_pose_derivatives": true,
    "use_time_features": false,
    "include_order": false,
    "normalize_features": true,
    "class_config": "all",
    "use_pca": false,
    "pca_variance": 0.9,
    "write_cm": true,
    "tune_hyperparameters": false,
    "tune_n_iter": 30,
    "tune_cv_folds": 5,
    "name": "pose_ecg",
    "feature_groups": [
      "pose",
      "ecg"
    ],
    "split_strategy": "random"
  },
  "metrics": {
    "test_acc_mean": 0.9288690476190478,
    "test_acc_std": 0.015566897281266711,
    "test_bal_acc_mean": 0.9290659080132766,
    "test_bal_acc_std": 0.015616892817176655,
    "test_f1_mean": 0.928835894969587,
    "test_f1_std": 0.015543116994650991,
    "test_kappa_mean": 0.893302332542317,
    "test_kappa_std": 0.023353862852756417,
    "test_precision_L_mean": 0.9391050744643696,
    "test_precision_L_std": 0.0260594177293158,
    "test_recall_L_mean": 0.9346846846846846,
    "test_recall_L_std": 0.02921081099799399,
    "test_f1_L_mean": 0.936537277700966,
    "test_f1_L_std": 0.020557738218412204,
    "test_precision_M_mean": 0.9265457639796851,
    "test_precision_M_std": 0.025805865600096067,
    "test_recall_M_mean": 0.9454954954954957,
    "test_recall_M_std": 0.02346988134507053,
    "test_f1_M_mean": 0.9356340031467452,
    "test_f1_M_std": 0.01815708340683924,
    "test_precision_H_mean": 0.9230189473563938,
    "test_precision_H_std": 0.025501439551447555,
    "test_recall_H_mean": 0.9070175438596492,
    "test_recall_H_std": 0.017864112988343783,
    "test_f1_H_mean": 0.9147179696112749,
    "test_f1_H_std": 0.01603181183517893
  },
  "confusion_matrix": [
    [
      93.46846846846844,
      2.252252252252252,
      4.2792792792792795
    ],
    [
      1.8918918918918917,
      94.54954954954955,
      3.558558558558558
    ],
    [
      4.122807017543858,
      5.175438596491227,
      90.70175438596493
    ]
  ],
  "selected_features": [
    "head_rotation_rad_min",
    "head_rotation_rad_median",
    "head_rotation_rad_p75",
    "head_tx_std",
    "head_tx_median",
    "head_tx_p75",
    "head_tx_autocorr1",
    "head_ty_min",
    "head_ty_max",
    "head_ty_rms",
    "head_ty_p75",
    "head_ty_autocorr1",
    "head_scalex_min",
    "head_scalex_p75",
    "head_scaley_min",
    "head_scaley_max",
    "head_scaley_p75",
    "head_scaley_autocorr1",
    "head_motion_mag_min",
    "head_motion_mag_rms",
    "blink_aperture_max",
    "blink_aperture_p25",
    "blink_aperture_p75",
    "mouth_aperture_max",
    "mouth_aperture_mean",
    "mouth_aperture_median",
    "mouth_aperture_p75",
    "pupil_dx_mean",
    "pupil_dx_p25",
    "pupil_dx_p75",
    "pupil_dy_max",
    "pupil_dy_mean",
    "pupil_dy_p75",
    "pupil_metric_mean",
    "head_rotation_rad_acc_median",
    "head_rotation_rad_acc_autocorr1",
    "head_tx_vel_median",
    "head_tx_vel_p25",
    "head_tx_acc_p75",
    "head_tx_acc_autocorr1",
    "head_ty_acc_p75",
    "head_scalex_acc_p75",
    "head_scaley_vel_min",
    "head_scaley_vel_std",
    "head_scaley_vel_p75",
    "head_scaley_vel_autocorr1",
    "head_motion_mag_acc_p75",
    "blink_aperture_vel_mean",
    "blink_aperture_acc_min",
    "mouth_aperture_vel_min",
    "pupil_dx_acc_min",
    "pupil_dy_acc_autocorr1",
    "pupil_metric_vel_max",
    "pupil_metric_vel_median",
    "pupil_metric_acc_std",
    "HRV_MeanNN",
    "HRV_MedianNN",
    "HRV_Prc80NN",
    "HRV_IALS",
    "HRV_SDNNa"
  ],
  "tuned_rf_params": {},
  "n_features": 60,
  "n_seeds": 20,
  "timestamp": "2025-10-18T10:56:39.102043"
}