{
  "name": "pose_eye_ecg",
  "config": {
    "n_seeds": 20,
    "feature_selection": "backward",
    "use_pose_derivatives": true,
    "use_time_features": false,
    "include_order": false,
    "normalize_features": true,
    "class_config": "all",
    "use_pca": false,
    "pca_variance": 0.9,
    "write_cm": true,
    "tune_hyperparameters": false,
    "tune_n_iter": 30,
    "tune_cv_folds": 5,
    "name": "pose_eye_ecg",
    "feature_groups": [
      "pose",
      "eye_tracking",
      "ecg"
    ],
    "split_strategy": "random"
  },
  "metrics": {
    "test_acc_mean": 0.9335384615384615,
    "test_acc_std": 0.01310760867472513,
    "test_bal_acc_mean": 0.9336298500881833,
    "test_bal_acc_std": 0.013170734436952033,
    "test_f1_mean": 0.9335353014291373,
    "test_f1_std": 0.013104020819919892,
    "test_kappa_mean": 0.900264046910079,
    "test_kappa_std": 0.01967511718943443,
    "test_precision_L_mean": 0.9420310126133222,
    "test_precision_L_std": 0.02294471216872719,
    "test_recall_L_mean": 0.9385714285714286,
    "test_recall_L_std": 0.02481101742193168,
    "test_f1_L_mean": 0.9401120156110203,
    "test_f1_L_std": 0.019649152864809692,
    "test_precision_M_mean": 0.9400115821607532,
    "test_precision_M_std": 0.022710534000080784,
    "test_recall_M_mean": 0.9324074074074075,
    "test_recall_M_std": 0.02328904488338651,
    "test_f1_M_mean": 0.9358611760035277,
    "test_f1_M_std": 0.014339650552287905,
    "test_precision_H_mean": 0.9210380475688931,
    "test_precision_H_std": 0.02224539838085645,
    "test_recall_H_mean": 0.9299107142857144,
    "test_recall_H_std": 0.02513307092314679,
    "test_f1_H_mean": 0.925126824258317,
    "test_f1_H_std": 0.015789677167000617
  },
  "confusion_matrix": [
    [
      93.85714285714283,
      2.333333333333333,
      3.80952380952381
    ],
    [
      2.1296296296296298,
      93.24074074074072,
      4.629629629629629
    ],
    [
      3.3928571428571423,
      3.6160714285714284,
      92.99107142857144
    ]
  ],
  "selected_features": [
    "head_rotation_rad_min",
    "head_rotation_rad_rms",
    "head_rotation_rad_std",
    "head_tx_median",
    "head_ty_min",
    "head_ty_max",
    "head_ty_rms",
    "head_ty_p75",
    "head_scalex_min",
    "head_scalex_rms",
    "head_scalex_p75",
    "head_scaley_min",
    "head_scaley_p75",
    "head_motion_mag_min",
    "head_motion_mag_rms",
    "head_motion_mag_p75",
    "blink_aperture_max",
    "blink_aperture_p25",
    "blink_aperture_p75",
    "mouth_aperture_max",
    "mouth_aperture_mean",
    "mouth_aperture_median",
    "mouth_aperture_p75",
    "mouth_aperture_autocorr1",
    "pupil_dx_max",
    "pupil_dx_p25",
    "pupil_dy_max",
    "pupil_dy_mean",
    "pupil_dy_median",
    "pupil_metric_p75",
    "head_tx_vel_p25",
    "head_tx_vel_autocorr1",
    "head_ty_vel_mean",
    "head_ty_vel_autocorr1",
    "head_scaley_vel_autocorr1",
    "head_scaley_acc_std",
    "head_scaley_acc_autocorr1",
    "head_motion_mag_vel_autocorr1",
    "head_motion_mag_acc_std",
    "head_motion_mag_acc_median",
    "head_motion_mag_acc_autocorr1",
    "blink_aperture_vel_max",
    "blink_aperture_acc_min",
    "blink_aperture_acc_max",
    "blink_aperture_acc_autocorr1",
    "mouth_aperture_acc_min",
    "mouth_aperture_acc_std",
    "mouth_aperture_acc_median",
    "mouth_aperture_acc_p75",
    "pupil_dx_acc_max",
    "pupil_metric_acc_min",
    "pupil_metric_acc_max",
    "mean_vel",
    "fix_mean_dur",
    "blink_mean_dur",
    "blink_rate",
    "HRV_MeanNN",
    "HRV_MedianNN",
    "HRV_MaxNN",
    "HRV_LFHF",
    "HRV_IALS",
    "HRV_PSS",
    "HRV_ShanEn",
    "HRV_FuzzyEn"
  ],
  "tuned_rf_params": {},
  "n_features": 64,
  "n_seeds": 20,
  "timestamp": "2025-10-18T11:14:13.356788"
}