{
  "name": "pose",
  "config": {
    "n_seeds": 20,
    "feature_selection": "backward",
    "use_pose_derivatives": true,
    "use_time_features": false,
    "include_order": false,
    "normalize_features": true,
    "class_config": "all",
    "use_pca": false,
    "pca_variance": 0.9,
    "write_cm": true,
    "tune_hyperparameters": false,
    "tune_n_iter": 30,
    "tune_cv_folds": 5,
    "name": "pose",
    "feature_groups": [
      "pose"
    ],
    "split_strategy": "random"
  },
  "metrics": {
    "test_acc_mean": 0.909753086419753,
    "test_acc_std": 0.018931500730049507,
    "test_bal_acc_mean": 0.909753086419753,
    "test_bal_acc_std": 0.01893150073004953,
    "test_f1_mean": 0.9097082937780409,
    "test_f1_std": 0.018869274248399664,
    "test_kappa_mean": 0.8646296296296295,
    "test_kappa_std": 0.028397251095074252,
    "test_precision_L_mean": 0.9063494620575104,
    "test_precision_L_std": 0.02545175219858794,
    "test_recall_L_mean": 0.9214814814814813,
    "test_recall_L_std": 0.027757627519217714,
    "test_f1_L_mean": 0.9134984248634517,
    "test_f1_L_std": 0.018895445928371224,
    "test_precision_M_mean": 0.9273447548588226,
    "test_precision_M_std": 0.023898436295337392,
    "test_recall_M_mean": 0.9066666666666666,
    "test_recall_M_std": 0.03929932855341317,
    "test_f1_M_mean": 0.916408387208312,
    "test_f1_M_std": 0.024644130115515448,
    "test_precision_H_mean": 0.898372458814638,
    "test_precision_H_std": 0.03480774497578641,
    "test_recall_H_mean": 0.901111111111111,
    "test_recall_H_std": 0.028766673053963028,
    "test_f1_H_mean": 0.899218069262359,
    "test_f1_H_std": 0.02292938260671729
  },
  "confusion_matrix": [
    [
      92.14814814814815,
      2.2592592592592586,
      5.5925925925925934
    ],
    [
      4.5925925925925934,
      90.66666666666666,
      4.74074074074074
    ],
    [
      5.0,
      4.888888888888889,
      90.1111111111111
    ]
  ],
  "selected_features": [
    "head_rotation_rad_min",
    "head_rotation_rad_rms",
    "head_rotation_rad_p25",
    "head_rotation_rad_p75",
    "head_tx_max",
    "head_tx_rms",
    "head_tx_std",
    "head_tx_median",
    "head_tx_p25",
    "head_tx_p75",
    "head_tx_autocorr1",
    "head_ty_min",
    "head_ty_max",
    "head_ty_rms",
    "head_ty_std",
    "head_ty_p75",
    "head_ty_autocorr1",
    "head_scalex_min",
    "head_scalex_autocorr1",
    "head_scaley_min",
    "head_scaley_max",
    "head_scaley_std",
    "head_scaley_p75",
    "head_scaley_autocorr1",
    "head_motion_mag_min",
    "head_motion_mag_rms",
    "head_motion_mag_p75",
    "head_motion_mag_autocorr1",
    "blink_aperture_max",
    "blink_aperture_std",
    "blink_aperture_p25",
    "blink_aperture_p75",
    "mouth_aperture_min",
    "mouth_aperture_rms",
    "mouth_aperture_autocorr1",
    "pupil_dx_max",
    "pupil_dx_mean",
    "pupil_dx_p25",
    "pupil_dx_p75",
    "pupil_dy_max",
    "pupil_metric_mean",
    "head_rotation_rad_vel_min",
    "head_rotation_rad_vel_max",
    "head_rotation_rad_vel_p25",
    "head_rotation_rad_acc_median",
    "head_rotation_rad_acc_autocorr1",
    "head_tx_vel_median",
    "head_tx_vel_autocorr1",
    "head_ty_vel_max",
    "head_ty_vel_median",
    "head_ty_acc_median",
    "head_scaley_vel_median",
    "head_scaley_acc_mean",
    "head_scaley_acc_autocorr1",
    "head_motion_mag_vel_median",
    "head_motion_mag_acc_autocorr1",
    "blink_aperture_vel_max",
    "blink_aperture_vel_median",
    "blink_aperture_vel_autocorr1",
    "blink_aperture_acc_mean",
    "blink_aperture_acc_p75",
    "mouth_aperture_acc_max",
    "mouth_aperture_acc_std",
    "mouth_aperture_acc_median",
    "mouth_aperture_acc_autocorr1",
    "pupil_dx_acc_max",
    "pupil_dx_acc_p75",
    "pupil_dy_acc_autocorr1",
    "pupil_metric_vel_max",
    "pupil_metric_acc_min",
    "pupil_metric_acc_p75"
  ],
  "tuned_rf_params": {},
  "n_features": 71,
  "n_seeds": 20,
  "timestamp": "2025-10-18T10:41:22.795417"
}