{
  "name": "pose_eye_gsr_ecg",
  "config": {
    "n_seeds": 20,
    "feature_selection": "backward",
    "use_pose_derivatives": true,
    "use_time_features": false,
    "include_order": false,
    "normalize_features": true,
    "class_config": "all",
    "use_pca": false,
    "pca_variance": 0.9,
    "write_cm": true,
    "tune_hyperparameters": false,
    "tune_n_iter": 30,
    "tune_cv_folds": 5,
    "name": "pose_eye_gsr_ecg",
    "feature_groups": [
      "pose",
      "eye_tracking",
      "gsr",
      "ecg"
    ],
    "split_strategy": "random"
  },
  "metrics": {
    "test_acc_mean": 0.9392857142857143,
    "test_acc_std": 0.007298919087517806,
    "test_bal_acc_mean": 0.9396578617452406,
    "test_bal_acc_std": 0.0074070131975035635,
    "test_f1_mean": 0.9392128939665071,
    "test_f1_std": 0.007364720744368998,
    "test_kappa_mean": 0.9089003786039582,
    "test_kappa_std": 0.01095923031501518,
    "test_precision_L_mean": 0.9407211084886035,
    "test_precision_L_std": 0.021254110713108423,
    "test_recall_L_mean": 0.9538834951456311,
    "test_recall_L_std": 0.02354559885633976,
    "test_f1_L_mean": 0.9469653569231788,
    "test_f1_L_std": 0.014417766969060646,
    "test_precision_M_mean": 0.9427191638459996,
    "test_precision_M_std": 0.022367043286468987,
    "test_recall_M_mean": 0.9416666666666667,
    "test_recall_M_std": 0.025152053657526766,
    "test_f1_M_mean": 0.9418470046066398,
    "test_f1_M_std": 0.015057316710139117,
    "test_precision_H_mean": 0.9365999974556345,
    "test_precision_H_std": 0.022926653754067345,
    "test_recall_H_mean": 0.9234234234234234,
    "test_recall_H_std": 0.025565008187213974,
    "test_f1_H_mean": 0.9294562486181148,
    "test_f1_H_std": 0.009880501110242813
  },
  "confusion_matrix": [
    [
      95.38834951456312,
      1.5533980582524272,
      3.0582524271844655
    ],
    [
      2.2222222222222223,
      94.16666666666666,
      3.6111111111111116
    ],
    [
      3.4684684684684677,
      4.189189189189189,
      92.34234234234233
    ]
  ],
  "selected_features": [
    "head_rotation_rad_max",
    "head_rotation_rad_p75",
    "head_rotation_rad_autocorr1",
    "head_tx_std",
    "head_tx_median",
    "head_tx_p25",
    "head_tx_p75",
    "head_tx_autocorr1",
    "head_ty_min",
    "head_ty_rms",
    "head_ty_p75",
    "head_ty_autocorr1",
    "head_scalex_min",
    "head_scalex_rms",
    "head_scalex_p75",
    "head_scaley_min",
    "head_scaley_p75",
    "head_scaley_autocorr1",
    "head_motion_mag_min",
    "head_motion_mag_rms",
    "head_motion_mag_p75",
    "blink_aperture_min",
    "blink_aperture_max",
    "blink_aperture_p25",
    "blink_aperture_p75",
    "mouth_aperture_mean",
    "mouth_aperture_p25",
    "mouth_aperture_p75",
    "pupil_dx_p25",
    "pupil_dy_max",
    "pupil_metric_p75",
    "pupil_metric_autocorr1",
    "head_rotation_rad_vel_autocorr1",
    "head_rotation_rad_acc_max",
    "head_rotation_rad_acc_std",
    "head_scalex_acc_p75",
    "head_scaley_vel_autocorr1",
    "head_motion_mag_acc_median",
    "head_motion_mag_acc_p75",
    "head_motion_mag_acc_autocorr1",
    "blink_aperture_vel_min",
    "blink_aperture_vel_max",
    "blink_aperture_acc_min",
    "blink_aperture_acc_p75",
    "mouth_aperture_vel_min",
    "mouth_aperture_acc_median",
    "pupil_dx_acc_p75",
    "pupil_metric_acc_max",
    "pct_missing",
    "mean_vel",
    "mean_acc",
    "fix_mean_dur",
    "blink_mean_dur",
    "blink_rate",
    "SCR_Peaks_N",
    "EDA_Tonic_SD",
    "HRV_MeanNN",
    "HRV_MedianNN",
    "HRV_MinNN",
    "HRV_MaxNN",
    "HRV_VHF",
    "HRV_SDNNa",
    "HRV_MFDFA_alpha1_Asymmetry",
    "HRV_FuzzyEn"
  ],
  "tuned_rf_params": {},
  "n_features": 64,
  "n_seeds": 20,
  "timestamp": "2025-10-18T11:37:54.195856"
}