{
  "name": "pose_gsr_ecg",
  "config": {
    "n_seeds": 20,
    "feature_selection": "backward",
    "use_pose_derivatives": true,
    "use_time_features": false,
    "include_order": false,
    "normalize_features": true,
    "class_config": "all",
    "use_pca": false,
    "pca_variance": 0.9,
    "write_cm": true,
    "tune_hyperparameters": false,
    "tune_n_iter": 30,
    "tune_cv_folds": 5,
    "name": "pose_gsr_ecg",
    "feature_groups": [
      "pose",
      "gsr",
      "ecg"
    ],
    "split_strategy": "random"
  },
  "metrics": {
    "test_acc_mean": 0.9328828828828829,
    "test_acc_std": 0.014944516019017948,
    "test_bal_acc_mean": 0.9331411504059064,
    "test_bal_acc_std": 0.014847908126210955,
    "test_f1_mean": 0.9327903676060518,
    "test_f1_std": 0.015018848698480759,
    "test_kappa_mean": 0.8993309135936084,
    "test_kappa_std": 0.02240518609068083,
    "test_precision_L_mean": 0.9371336467868072,
    "test_precision_L_std": 0.027720191518130034,
    "test_recall_L_mean": 0.9522935779816516,
    "test_recall_L_std": 0.02239339367310846,
    "test_f1_L_mean": 0.9443581780018595,
    "test_f1_L_std": 0.018647884048955846,
    "test_precision_M_mean": 0.9227943620306785,
    "test_precision_M_std": 0.02670654329162089,
    "test_recall_M_mean": 0.9378378378378379,
    "test_recall_M_std": 0.02693202839555835,
    "test_f1_M_mean": 0.9298855027021234,
    "test_f1_M_std": 0.019089297664141604,
    "test_precision_H_mean": 0.940843727216458,
    "test_precision_H_std": 0.017977725117620046,
    "test_recall_H_mean": 0.9092920353982302,
    "test_recall_H_std": 0.02912156282895603,
    "test_f1_H_mean": 0.9244854885900603,
    "test_f1_H_std": 0.017180591180773953
  },
  "confusion_matrix": [
    [
      95.22935779816514,
      1.9724770642201839,
      2.798165137614679
    ],
    [
      3.1081081081081074,
      93.78378378378378,
      3.1081081081081074
    ],
    [
      3.1858407079646023,
      5.88495575221239,
      90.92920353982302
    ]
  ],
  "selected_features": [
    "head_rotation_rad_min",
    "head_rotation_rad_p25",
    "head_tx_p25",
    "head_tx_p75",
    "head_ty_max",
    "head_ty_rms",
    "head_ty_p75",
    "head_ty_autocorr1",
    "head_scalex_min",
    "head_scalex_rms",
    "head_scalex_p75",
    "head_scaley_p75",
    "head_scaley_autocorr1",
    "head_motion_mag_min",
    "head_motion_mag_rms",
    "head_motion_mag_p75",
    "head_motion_mag_autocorr1",
    "blink_aperture_p25",
    "mouth_aperture_min",
    "mouth_aperture_mean",
    "mouth_aperture_std",
    "mouth_aperture_autocorr1",
    "pupil_dx_p25",
    "pupil_dx_p75",
    "pupil_dy_max",
    "pupil_dy_p25",
    "pupil_metric_min",
    "pupil_metric_autocorr1",
    "head_ty_acc_median",
    "head_scalex_vel_autocorr1",
    "head_scalex_acc_median",
    "head_scalex_acc_p75",
    "head_scaley_vel_autocorr1",
    "head_scaley_acc_std",
    "head_scaley_acc_autocorr1",
    "head_motion_mag_vel_median",
    "blink_aperture_vel_median",
    "blink_aperture_vel_p75",
    "blink_aperture_acc_std",
    "blink_aperture_acc_p75",
    "mouth_aperture_acc_min",
    "mouth_aperture_acc_median",
    "mouth_aperture_acc_p75",
    "pupil_dx_acc_min",
    "pupil_dy_vel_median",
    "pupil_dy_acc_min",
    "pupil_dy_acc_p75",
    "pupil_metric_vel_max",
    "pupil_metric_acc_min",
    "pupil_metric_acc_median",
    "SCR_Peaks_N",
    "SCR_Peaks_Amplitude_Mean",
    "EDA_Tonic_SD",
    "HRV_MeanNN",
    "HRV_Prc80NN",
    "HRV_MinNN",
    "HRV_MaxNN",
    "HRV_HTI",
    "HRV_VHF",
    "HRV_CSI",
    "HRV_CVI",
    "HRV_IALS",
    "HRV_SDNNa",
    "HRV_CD"
  ],
  "tuned_rf_params": {},
  "n_features": 64,
  "n_seeds": 20,
  "timestamp": "2025-10-18T11:18:30.531946"
}