{
  "name": "pose_perf",
  "config": {
    "n_seeds": 20,
    "feature_selection": "backward",
    "use_pose_derivatives": true,
    "use_time_features": false,
    "include_order": false,
    "normalize_features": true,
    "class_config": "all",
    "use_pca": false,
    "pca_variance": 0.9,
    "write_cm": true,
    "tune_hyperparameters": false,
    "tune_n_iter": 30,
    "tune_cv_folds": 5,
    "name": "pose_perf",
    "feature_groups": [
      "pose",
      "performance"
    ],
    "split_strategy": "random"
  },
  "metrics": {
    "test_acc_mean": 0.9147286821705425,
    "test_acc_std": 0.01896977644407746,
    "test_bal_acc_mean": 0.9147286821705425,
    "test_bal_acc_std": 0.018969776444077432,
    "test_f1_mean": 0.9151265766200268,
    "test_f1_std": 0.018790951207950685,
    "test_kappa_mean": 0.8720930232558141,
    "test_kappa_std": 0.02845466466611622,
    "test_precision_L_mean": 0.9668846838687353,
    "test_precision_L_std": 0.013776687401645317,
    "test_recall_L_mean": 0.9100775193798449,
    "test_recall_L_std": 0.026306141270559136,
    "test_f1_L_mean": 0.937369804391043,
    "test_f1_L_std": 0.014636139020839553,
    "test_precision_M_mean": 0.8745182699504109,
    "test_precision_M_std": 0.030426795389209584,
    "test_recall_M_mean": 0.9139534883720932,
    "test_recall_M_std": 0.030586696519958816,
    "test_f1_M_mean": 0.8933809701910779,
    "test_f1_M_std": 0.023262683988283007,
    "test_precision_H_mean": 0.9098003493199303,
    "test_precision_H_std": 0.035526415814345146,
    "test_recall_H_mean": 0.9201550387596902,
    "test_recall_H_std": 0.027447599480105875,
    "test_f1_H_mean": 0.9146289552779588,
    "test_f1_H_std": 0.026697591421670615
  },
  "confusion_matrix": [
    [
      91.0077519379845,
      6.317829457364341,
      2.674418604651163
    ],
    [
      2.0542635658914725,
      91.3953488372093,
      6.550387596899225
    ],
    [
      1.0852713178294573,
      6.89922480620155,
      92.01550387596899
    ]
  ],
  "selected_features": [
    "head_rotation_rad_min",
    "head_rotation_rad_rms",
    "head_rotation_rad_std",
    "head_rotation_rad_median",
    "head_rotation_rad_p25",
    "head_rotation_rad_p75",
    "head_rotation_rad_autocorr1",
    "head_tx_min",
    "head_tx_max",
    "head_tx_rms",
    "head_tx_std",
    "head_tx_median",
    "head_tx_p25",
    "head_tx_p75",
    "head_tx_autocorr1",
    "head_ty_max",
    "head_ty_rms",
    "head_ty_std",
    "head_ty_p75",
    "head_scalex_min",
    "head_scalex_p75",
    "head_scalex_autocorr1",
    "head_scaley_min",
    "head_scaley_max",
    "head_scaley_p75",
    "head_scaley_autocorr1",
    "head_motion_mag_min",
    "head_motion_mag_rms",
    "head_motion_mag_p75",
    "head_motion_mag_autocorr1",
    "blink_aperture_min",
    "blink_aperture_max",
    "blink_aperture_p25",
    "blink_aperture_p75",
    "mouth_aperture_min",
    "mouth_aperture_max",
    "mouth_aperture_mean",
    "mouth_aperture_std",
    "mouth_aperture_median",
    "mouth_aperture_p75",
    "mouth_aperture_autocorr1",
    "pupil_dx_max",
    "pupil_dx_p25",
    "pupil_dx_autocorr1",
    "pupil_dy_mean",
    "pupil_dy_median",
    "pupil_dy_p25",
    "pupil_metric_min",
    "pupil_metric_mean",
    "pupil_metric_p75",
    "pupil_metric_autocorr1",
    "head_rotation_rad_vel_std",
    "head_rotation_rad_vel_autocorr1",
    "head_rotation_rad_acc_min",
    "head_rotation_rad_acc_std",
    "head_rotation_rad_acc_autocorr1",
    "head_tx_vel_p25",
    "head_tx_acc_p75",
    "head_tx_acc_autocorr1",
    "head_ty_vel_median",
    "head_ty_acc_max",
    "head_ty_acc_mean",
    "head_ty_acc_std",
    "head_ty_acc_median",
    "head_ty_acc_p75",
    "head_scalex_vel_median",
    "head_scalex_vel_autocorr1",
    "head_scalex_acc_mean",
    "head_scalex_acc_median",
    "head_scalex_acc_p75",
    "head_scalex_acc_autocorr1",
    "head_scaley_vel_median",
    "head_scaley_vel_autocorr1",
    "head_scaley_acc_mean",
    "head_scaley_acc_std",
    "head_scaley_acc_p75",
    "head_scaley_acc_autocorr1",
    "head_motion_mag_vel_median",
    "head_motion_mag_vel_autocorr1",
    "head_motion_mag_acc_max",
    "head_motion_mag_acc_mean",
    "head_motion_mag_acc_std",
    "head_motion_mag_acc_median",
    "head_motion_mag_acc_p75",
    "head_motion_mag_acc_autocorr1",
    "blink_aperture_vel_max",
    "blink_aperture_vel_p25",
    "blink_aperture_vel_autocorr1",
    "blink_aperture_acc_min",
    "blink_aperture_acc_mean",
    "blink_aperture_acc_median",
    "blink_aperture_acc_p25",
    "blink_aperture_acc_p75",
    "blink_aperture_acc_autocorr1",
    "mouth_aperture_acc_max",
    "mouth_aperture_acc_std",
    "mouth_aperture_acc_median",
    "mouth_aperture_acc_p75",
    "mouth_aperture_acc_autocorr1",
    "pupil_dx_vel_autocorr1",
    "pupil_dx_acc_min",
    "pupil_dx_acc_std",
    "pupil_dx_acc_median",
    "pupil_dx_acc_p75",
    "pupil_dy_vel_mean",
    "pupil_dy_acc_min",
    "pupil_dy_acc_median",
    "pupil_dy_acc_p75",
    "pupil_metric_vel_max",
    "pupil_metric_vel_std",
    "pupil_metric_vel_median",
    "pupil_metric_acc_min",
    "pupil_metric_acc_max",
    "pupil_metric_acc_std",
    "pupil_metric_acc_median",
    "pupil_metric_acc_p75",
    "sysmon_failure_rate",
    "sysmon_average_reaction_times",
    "track_failure_rate",
    "resman_failure_rate",
    "average_accuracy",
    "average_reaction_time"
  ],
  "tuned_rf_params": {},
  "n_features": 122,
  "n_seeds": 20,
  "timestamp": "2025-10-18T10:46:11.216653"
}