{
  "name": "pose_perf_gsr_ecg",
  "config": {
    "n_seeds": 20,
    "feature_selection": "backward",
    "use_pose_derivatives": true,
    "use_time_features": false,
    "include_order": false,
    "normalize_features": true,
    "class_config": "all",
    "use_pca": false,
    "pca_variance": 0.9,
    "write_cm": true,
    "tune_hyperparameters": false,
    "tune_n_iter": 30,
    "tune_cv_folds": 5,
    "name": "pose_perf_gsr_ecg",
    "feature_groups": [
      "pose",
      "performance",
      "gsr",
      "ecg"
    ],
    "split_strategy": "random"
  },
  "metrics": {
    "test_acc_mean": 0.928978978978979,
    "test_acc_std": 0.016599644250747246,
    "test_bal_acc_mean": 0.9290528289107488,
    "test_bal_acc_std": 0.016638668701238684,
    "test_f1_mean": 0.9291265683353928,
    "test_f1_std": 0.016520803823967034,
    "test_kappa_mean": 0.893448921778098,
    "test_kappa_std": 0.024908021752518137,
    "test_precision_L_mean": 0.9619861481243943,
    "test_precision_L_std": 0.02019540554376291,
    "test_recall_L_mean": 0.9348623853211009,
    "test_recall_L_std": 0.026102065149634684,
    "test_f1_L_mean": 0.9480491496706399,
    "test_f1_L_std": 0.019283331740781097,
    "test_precision_M_mean": 0.9010591026478604,
    "test_precision_M_std": 0.02827312723701864,
    "test_recall_M_mean": 0.9297297297297298,
    "test_recall_M_std": 0.023126099250363463,
    "test_f1_M_mean": 0.9149754140732149,
    "test_f1_M_std": 0.02200856749397792,
    "test_precision_H_mean": 0.9273677039098918,
    "test_precision_H_std": 0.02033043450970579,
    "test_recall_H_mean": 0.9225663716814159,
    "test_recall_H_std": 0.02382816286342702,
    "test_f1_H_mean": 0.9247745042430011,
    "test_f1_H_std": 0.017548245259397684
  },
  "confusion_matrix": [
    [
      93.4862385321101,
      4.3577981651376145,
      2.155963302752294
    ],
    [
      1.7567567567567566,
      92.97297297297295,
      5.270270270270272
    ],
    [
      1.8584070796460175,
      5.88495575221239,
      92.25663716814158
    ]
  ],
  "selected_features": [
    "head_rotation_rad_min",
    "head_rotation_rad_max",
    "head_rotation_rad_rms",
    "head_rotation_rad_std",
    "head_rotation_rad_p25",
    "head_rotation_rad_p75",
    "head_rotation_rad_autocorr1",
    "head_tx_max",
    "head_tx_std",
    "head_tx_median",
    "head_tx_p25",
    "head_tx_p75",
    "head_tx_autocorr1",
    "head_ty_max",
    "head_ty_rms",
    "head_ty_std",
    "head_ty_p75",
    "head_ty_autocorr1",
    "head_scalex_min",
    "head_scalex_rms",
    "head_scalex_p75",
    "head_scalex_autocorr1",
    "head_scaley_min",
    "head_scaley_max",
    "head_scaley_std",
    "head_scaley_p75",
    "head_scaley_autocorr1",
    "head_motion_mag_min",
    "head_motion_mag_rms",
    "head_motion_mag_p75",
    "head_motion_mag_autocorr1",
    "blink_aperture_min",
    "blink_aperture_max",
    "blink_aperture_p25",
    "blink_aperture_p75",
    "mouth_aperture_min",
    "mouth_aperture_max",
    "mouth_aperture_mean",
    "mouth_aperture_std",
    "mouth_aperture_median",
    "mouth_aperture_p25",
    "mouth_aperture_p75",
    "mouth_aperture_autocorr1",
    "pupil_dx_mean",
    "pupil_dx_p25",
    "pupil_dx_p75",
    "pupil_dy_max",
    "pupil_dy_rms",
    "pupil_dy_mean",
    "pupil_dy_median",
    "pupil_dy_p75",
    "pupil_metric_min",
    "pupil_metric_rms",
    "pupil_metric_mean",
    "pupil_metric_p25",
    "pupil_metric_p75",
    "pupil_metric_autocorr1",
    "head_rotation_rad_vel_min",
    "head_rotation_rad_vel_mean",
    "head_rotation_rad_vel_std",
    "head_rotation_rad_vel_p25",
    "head_rotation_rad_vel_p75",
    "head_rotation_rad_vel_autocorr1",
    "head_rotation_rad_acc_min",
    "head_rotation_rad_acc_max",
    "head_rotation_rad_acc_mean",
    "head_rotation_rad_acc_std",
    "head_rotation_rad_acc_median",
    "head_rotation_rad_acc_autocorr1",
    "head_tx_acc_p75",
    "head_tx_acc_autocorr1",
    "head_ty_vel_autocorr1",
    "head_scalex_vel_mean",
    "head_scalex_vel_median",
    "head_scalex_vel_autocorr1",
    "head_scalex_acc_median",
    "head_scalex_acc_p75",
    "head_scalex_acc_autocorr1",
    "head_scaley_vel_median",
    "head_scaley_vel_p25",
    "head_scaley_vel_autocorr1",
    "head_scaley_acc_std",
    "head_motion_mag_vel_autocorr1",
    "head_motion_mag_acc_std",
    "head_motion_mag_acc_median",
    "head_motion_mag_acc_p75",
    "head_motion_mag_acc_autocorr1",
    "blink_aperture_vel_min",
    "blink_aperture_vel_max",
    "blink_aperture_vel_p75",
    "blink_aperture_vel_autocorr1",
    "blink_aperture_acc_min",
    "blink_aperture_acc_max",
    "blink_aperture_acc_mean",
    "blink_aperture_acc_autocorr1",
    "mouth_aperture_vel_min",
    "mouth_aperture_vel_median",
    "mouth_aperture_acc_min",
    "mouth_aperture_acc_max",
    "mouth_aperture_acc_std",
    "mouth_aperture_acc_median",
    "mouth_aperture_acc_p75",
    "mouth_aperture_acc_autocorr1",
    "pupil_dx_vel_median",
    "pupil_dx_acc_min",
    "pupil_dx_acc_std",
    "pupil_dx_acc_median",
    "pupil_dx_acc_p75",
    "pupil_dx_acc_autocorr1",
    "pupil_dy_vel_median",
    "pupil_dy_acc_min",
    "pupil_dy_acc_max",
    "pupil_dy_acc_mean",
    "pupil_dy_acc_p75",
    "pupil_metric_vel_max",
    "pupil_metric_vel_mean",
    "pupil_metric_vel_std",
    "pupil_metric_vel_median",
    "pupil_metric_acc_min",
    "pupil_metric_acc_max",
    "pupil_metric_acc_mean",
    "pupil_metric_acc_std",
    "pupil_metric_acc_median",
    "pupil_metric_acc_p75",
    "pupil_metric_acc_autocorr1",
    "sysmon_failure_rate",
    "sysmon_average_reaction_times",
    "comms_failure_rate",
    "track_failure_rate",
    "resman_failure_rate",
    "average_accuracy",
    "average_reaction_time",
    "SCR_Peaks_N",
    "SCR_Peaks_Amplitude_Mean",
    "EDA_Tonic_SD",
    "HRV_MeanNN",
    "HRV_MedianNN",
    "HRV_IQRNN",
    "HRV_Prc80NN",
    "HRV_pNN50",
    "HRV_pNN20",
    "HRV_MinNN",
    "HRV_MaxNN",
    "HRV_LF",
    "HRV_HF",
    "HRV_LFn",
    "HRV_CSI_Modified",
    "HRV_IALS",
    "HRV_PSS",
    "HRV_AI",
    "HRV_C1a",
    "HRV_C2a",
    "HRV_Ca",
    "HRV_SDNNa",
    "HRV_DFA_alpha1",
    "HRV_ShanEn",
    "HRV_FuzzyEn",
    "HRV_CMSEn",
    "HRV_RCMSEn",
    "HRV_CD"
  ],
  "tuned_rf_params": {},
  "n_features": 160,
  "n_seeds": 20,
  "timestamp": "2025-10-18T11:33:39.707560"
}