{
  "name": "pose_eye",
  "config": {
    "n_seeds": 20,
    "feature_selection": "backward",
    "use_pose_derivatives": true,
    "use_time_features": false,
    "include_order": false,
    "normalize_features": true,
    "class_config": "all",
    "use_pca": false,
    "pca_variance": 0.9,
    "write_cm": true,
    "tune_hyperparameters": false,
    "tune_n_iter": 30,
    "tune_cv_folds": 5,
    "name": "pose_eye",
    "feature_groups": [
      "pose",
      "eye_tracking"
    ],
    "split_strategy": "random"
  },
  "metrics": {
    "test_acc_mean": 0.9174666666666667,
    "test_acc_std": 0.014333700525692395,
    "test_bal_acc_mean": 0.9176668075027207,
    "test_bal_acc_std": 0.014267184156142495,
    "test_f1_mean": 0.9174154033653265,
    "test_f1_std": 0.01440261227577987,
    "test_kappa_mean": 0.8761990593747923,
    "test_kappa_std": 0.021493819633091476,
    "test_precision_L_mean": 0.913829232166063,
    "test_precision_L_std": 0.02334245165997022,
    "test_recall_L_mean": 0.9414634146341463,
    "test_recall_L_std": 0.024261534592919028,
    "test_f1_L_mean": 0.9271379442555734,
    "test_f1_L_std": 0.016739796633486455,
    "test_precision_M_mean": 0.9400087236815537,
    "test_precision_M_std": 0.02330285357531582,
    "test_recall_M_mean": 0.9076000000000002,
    "test_recall_M_std": 0.024136454193866813,
    "test_f1_M_mean": 0.9232749966683343,
    "test_f1_M_std": 0.017943944606104628,
    "test_precision_H_mean": 0.90162335945618,
    "test_precision_H_std": 0.026132463763861163,
    "test_recall_H_mean": 0.9039370078740155,
    "test_recall_H_std": 0.03356254397616299,
    "test_f1_H_mean": 0.9022317679922844,
    "test_f1_H_std": 0.01958963979660619
  },
  "confusion_matrix": [
    [
      94.14634146341464,
      1.2601626016260163,
      4.593495934959348
    ],
    [
      3.6399999999999997,
      90.75999999999999,
      5.599999999999999
    ],
    [
      5.078740157480316,
      4.527559055118109,
      90.39370078740157
    ]
  ],
  "selected_features": [
    "head_rotation_rad_max",
    "head_rotation_rad_rms",
    "head_rotation_rad_std",
    "head_rotation_rad_p75",
    "head_tx_max",
    "head_tx_p25",
    "head_tx_p75",
    "head_tx_autocorr1",
    "head_ty_min",
    "head_ty_max",
    "head_ty_rms",
    "head_ty_p75",
    "head_scalex_min",
    "head_scalex_p75",
    "head_scaley_min",
    "head_scaley_max",
    "head_scaley_std",
    "head_scaley_p75",
    "head_motion_mag_min",
    "head_motion_mag_rms",
    "head_motion_mag_p75",
    "head_motion_mag_autocorr1",
    "blink_aperture_min",
    "blink_aperture_max",
    "blink_aperture_std",
    "blink_aperture_p75",
    "mouth_aperture_min",
    "mouth_aperture_max",
    "mouth_aperture_median",
    "mouth_aperture_autocorr1",
    "pupil_dx_mean",
    "pupil_dx_p25",
    "pupil_dy_max",
    "pupil_dy_p25",
    "pupil_metric_min",
    "pupil_metric_p75",
    "head_rotation_rad_vel_min",
    "head_rotation_rad_vel_std",
    "head_rotation_rad_vel_median",
    "head_rotation_rad_acc_max",
    "head_tx_vel_autocorr1",
    "head_ty_vel_median",
    "head_ty_vel_autocorr1",
    "head_scalex_vel_autocorr1",
    "head_scalex_acc_mean",
    "head_scalex_acc_p75",
    "head_scalex_acc_autocorr1",
    "head_scaley_vel_max",
    "head_scaley_vel_median",
    "head_scaley_vel_autocorr1",
    "head_scaley_acc_min",
    "head_motion_mag_vel_median",
    "head_motion_mag_vel_autocorr1",
    "head_motion_mag_acc_mean",
    "head_motion_mag_acc_std",
    "head_motion_mag_acc_median",
    "head_motion_mag_acc_autocorr1",
    "blink_aperture_vel_max",
    "blink_aperture_vel_p25",
    "blink_aperture_vel_autocorr1",
    "blink_aperture_acc_min",
    "blink_aperture_acc_max",
    "blink_aperture_acc_p75",
    "mouth_aperture_vel_median",
    "mouth_aperture_acc_median",
    "mouth_aperture_acc_p75",
    "pupil_dx_acc_p75",
    "pupil_dy_vel_median",
    "pupil_metric_vel_min",
    "pupil_metric_acc_min",
    "pupil_metric_acc_median",
    "mean_vel",
    "max_vel",
    "rms_disp",
    "fix_mean_dur",
    "blink_mean_dur",
    "blink_rate",
    "sac_rate"
  ],
  "tuned_rf_params": {},
  "n_features": 78,
  "n_seeds": 20,
  "timestamp": "2025-10-18T10:49:10.353695"
}