{
  "name": "all_modalities",
  "config": {
    "n_seeds": 3,
    "feature_selection": "none",
    "use_pca": false,
    "pca_variance": 0.95,
    "write_cm": true,
    "tune_hyperparameters": false,
    "tune_n_iter": 30,
    "tune_cv_folds": 5,
    "use_pose_derivatives": false,
    "use_time_features": false,
    "class_config": "all",
    "include_order": false,
    "name": "all_modalities",
    "feature_groups": [
      "pose",
      "performance",
      "eye_tracking",
      "gsr",
      "ecg"
    ],
    "split_strategy": "random"
  },
  "metrics": {
    "test_acc_mean": 0.9461697722567287,
    "test_acc_std": 0.02181294772847362,
    "test_bal_acc_mean": 0.9461756794550754,
    "test_bal_acc_std": 0.02145111260327929,
    "test_f1_mean": 0.9461867193070198,
    "test_f1_std": 0.0218422199410985,
    "test_kappa_mean": 0.9192024919269648,
    "test_kappa_std": 0.03273373200656935,
    "test_precision_L_mean": 0.9702502744825701,
    "test_precision_L_std": 0.00954575578417303,
    "test_recall_L_mean": 0.9482200647249192,
    "test_recall_L_std": 0.02242136967726701,
    "test_f1_L_mean": 0.9590089718928677,
    "test_f1_L_std": 0.012794287275690434,
    "test_precision_M_mean": 0.9275984693246747,
    "test_precision_M_std": 0.03842125342193074,
    "test_recall_M_mean": 0.941358024691358,
    "test_recall_M_std": 0.04567484131774304,
    "test_f1_M_mean": 0.9340460407157863,
    "test_f1_M_std": 0.03524994203036164,
    "test_precision_H_mean": 0.9435359128729722,
    "test_precision_H_std": 0.027949046156629784,
    "test_recall_H_mean": 0.948948948948949,
    "test_recall_H_std": 0.028959912195174038,
    "test_f1_H_mean": 0.9461011451764877,
    "test_f1_H_std": 0.024827355525576512
  },
  "confusion_matrix": [
    [
      94.82200647249192,
      4.207119741100323,
      0.9708737864077669
    ],
    [
      0.9259259259259259,
      94.1358024691358,
      4.938271604938272
    ],
    [
      1.8018018018018018,
      3.3033033033033035,
      94.89489489489489
    ]
  ],
  "selected_features": [],
  "tuned_rf_params": {},
  "n_features": 411,
  "n_seeds": 3,
  "timestamp": "2025-10-17T09:54:07.834852"
}