{
  "name": "eye_gsr",
  "config": {
    "n_seeds": 3,
    "feature_selection": "none",
    "use_pca": false,
    "pca_variance": 0.95,
    "write_cm": true,
    "tune_hyperparameters": false,
    "tune_n_iter": 30,
    "tune_cv_folds": 5,
    "use_pose_derivatives": false,
    "use_time_features": false,
    "class_config": "all",
    "include_order": false,
    "name": "eye_gsr",
    "feature_groups": [
      "eye_tracking",
      "gsr"
    ],
    "split_strategy": "random"
  },
  "metrics": {
    "test_acc_mean": 0.733140655105973,
    "test_acc_std": 0.021692351154523514,
    "test_bal_acc_mean": 0.7336351919685252,
    "test_bal_acc_std": 0.02171834907541785,
    "test_f1_mean": 0.7331476359548939,
    "test_f1_std": 0.021285498896380567,
    "test_kappa_mean": 0.5998281948455745,
    "test_kappa_std": 0.03236316210841073,
    "test_precision_L_mean": 0.7205373404326542,
    "test_precision_L_std": 0.05899179459111917,
    "test_recall_L_mean": 0.7678571428571429,
    "test_recall_L_std": 0.03891874056732743,
    "test_f1_L_mean": 0.743035374667174,
    "test_f1_L_std": 0.04676491759512064,
    "test_precision_M_mean": 0.7278252769726331,
    "test_precision_M_std": 0.04099067719053125,
    "test_recall_M_mean": 0.7464387464387464,
    "test_recall_M_std": 0.0345423237976699,
    "test_f1_M_mean": 0.7360979207137204,
    "test_f1_M_std": 0.0214869591251874,
    "test_precision_H_mean": 0.7596165739022882,
    "test_precision_H_std": 0.044189091696096514,
    "test_recall_H_mean": 0.6866096866096866,
    "test_recall_H_std": 0.01973847074152566,
    "test_f1_H_mean": 0.7207321654202098,
    "test_f1_H_std": 0.021464031700088936
  },
  "confusion_matrix": [
    [
      76.78571428571429,
      13.392857142857144,
      9.821428571428571
    ],
    [
      12.82051282051282,
      74.64387464387465,
      12.535612535612534
    ],
    [
      15.954415954415955,
      15.384615384615387,
      68.66096866096866
    ]
  ],
  "selected_features": [],
  "tuned_rf_params": {},
  "n_features": 13,
  "n_seeds": 3,
  "timestamp": "2025-10-17T09:53:47.661246"
}