{
  "name": "eye_gsr_ecg",
  "config": {
    "n_seeds": 3,
    "feature_selection": "none",
    "use_pca": false,
    "pca_variance": 0.95,
    "write_cm": true,
    "tune_hyperparameters": false,
    "tune_n_iter": 30,
    "tune_cv_folds": 5,
    "use_pose_derivatives": false,
    "use_time_features": false,
    "class_config": "all",
    "include_order": false,
    "name": "eye_gsr_ecg",
    "feature_groups": [
      "eye_tracking",
      "gsr",
      "ecg"
    ],
    "split_strategy": "random"
  },
  "metrics": {
    "test_acc_mean": 0.7440660474716202,
    "test_acc_std": 0.028766480629032698,
    "test_bal_acc_mean": 0.7453396916719462,
    "test_bal_acc_std": 0.02949559457143705,
    "test_f1_mean": 0.7433322441336233,
    "test_f1_std": 0.02825507891316209,
    "test_kappa_mean": 0.6160694537177392,
    "test_kappa_std": 0.04328570881246616,
    "test_precision_L_mean": 0.7534333879223057,
    "test_precision_L_std": 0.03890889540265312,
    "test_recall_L_mean": 0.8122977346278316,
    "test_recall_L_std": 0.05347155871151553,
    "test_f1_L_mean": 0.7817159427104764,
    "test_f1_L_std": 0.045455745343447596,
    "test_precision_M_mean": 0.7605554822535954,
    "test_precision_M_std": 0.039949525716120704,
    "test_recall_M_mean": 0.6975308641975309,
    "test_recall_M_std": 0.04660391626710338,
    "test_f1_M_mean": 0.7264276897498552,
    "test_f1_M_std": 0.024580962007600814,
    "test_precision_H_mean": 0.724867724867725,
    "test_precision_H_std": 0.04577273160929254,
    "test_recall_H_mean": 0.7261904761904763,
    "test_recall_H_std": 0.03135611235968077,
    "test_f1_H_mean": 0.7243337702053299,
    "test_f1_H_std": 0.016281909264817998
  },
  "confusion_matrix": [
    [
      81.22977346278317,
      7.766990291262135,
      11.003236245954694
    ],
    [
      11.728395061728394,
      69.75308641975307,
      18.518518518518515
    ],
    [
      13.095238095238095,
      14.285714285714286,
      72.61904761904762
    ]
  ],
  "selected_features": [],
  "tuned_rf_params": {},
  "n_features": 101,
  "n_seeds": 3,
  "timestamp": "2025-10-17T09:54:00.408387"
}