{
  "name": "gsr",
  "config": {
    "n_seeds": 3,
    "feature_selection": "none",
    "use_pca": false,
    "pca_variance": 0.95,
    "write_cm": true,
    "tune_hyperparameters": false,
    "tune_n_iter": 30,
    "tune_cv_folds": 5,
    "use_pose_derivatives": false,
    "use_time_features": false,
    "class_config": "all",
    "include_order": false,
    "name": "gsr",
    "feature_groups": [
      "gsr"
    ],
    "split_strategy": "random"
  },
  "metrics": {
    "test_acc_mean": 0.42577030812324934,
    "test_acc_std": 0.007411068098220136,
    "test_bal_acc_mean": 0.4260352540262809,
    "test_bal_acc_std": 0.007512877040525406,
    "test_f1_mean": 0.4237345663635847,
    "test_f1_std": 0.008970676111838854,
    "test_kappa_mean": 0.13882526433848005,
    "test_kappa_std": 0.011008998060107257,
    "test_precision_L_mean": 0.45629281185284404,
    "test_precision_L_std": 0.04271895692670075,
    "test_recall_L_mean": 0.5084745762711864,
    "test_recall_L_std": 0.008474576271186418,
    "test_f1_L_mean": 0.4801452499680348,
    "test_f1_L_std": 0.022714898851388332,
    "test_precision_M_mean": 0.42991801789172546,
    "test_precision_M_std": 0.03820650862825026,
    "test_recall_M_mean": 0.4138888888888889,
    "test_recall_M_std": 0.037577081273524125,
    "test_f1_M_mean": 0.4214625425163044,
    "test_f1_M_std": 0.03571151779333669,
    "test_precision_H_mean": 0.38686091933233957,
    "test_precision_H_std": 0.02649554572012785,
    "test_recall_H_mean": 0.3557422969187675,
    "test_recall_H_std": 0.05595233713007894,
    "test_f1_H_mean": 0.37008903860180764,
    "test_f1_H_std": 0.04272736519585569
  },
  "confusion_matrix": [
    [
      50.847457627118644,
      23.72881355932203,
      25.423728813559322
    ],
    [
      28.055555555555554,
      41.38888888888889,
      30.555555555555557
    ],
    [
      32.49299719887955,
      31.932773109243698,
      35.57422969187675
    ]
  ],
  "selected_features": [],
  "tuned_rf_params": {},
  "n_features": -3,
  "n_seeds": 3,
  "timestamp": "2025-10-17T09:53:38.534235"
}