{
  "name": "gsr_ecg",
  "config": {
    "n_seeds": 3,
    "feature_selection": "none",
    "use_pca": false,
    "pca_variance": 0.95,
    "write_cm": true,
    "tune_hyperparameters": false,
    "tune_n_iter": 30,
    "tune_cv_folds": 5,
    "use_pose_derivatives": false,
    "use_time_features": false,
    "class_config": "all",
    "include_order": false,
    "name": "gsr_ecg",
    "feature_groups": [
      "gsr",
      "ecg"
    ],
    "split_strategy": "random"
  },
  "metrics": {
    "test_acc_mean": 0.5788423153692616,
    "test_acc_std": 0.007534764905459808,
    "test_bal_acc_mean": 0.578928566539186,
    "test_bal_acc_std": 0.007334696683673365,
    "test_f1_mean": 0.578656522305309,
    "test_f1_std": 0.008592506020674646,
    "test_kappa_mean": 0.3680548771668916,
    "test_kappa_std": 0.011213443959429142,
    "test_precision_L_mean": 0.6409799007322228,
    "test_precision_L_std": 0.02393925943027025,
    "test_recall_L_mean": 0.6121212121212122,
    "test_recall_L_std": 0.050068823157146426,
    "test_f1_L_mean": 0.6248360352104797,
    "test_f1_L_std": 0.01749988822299295,
    "test_precision_M_mean": 0.5592562117017703,
    "test_precision_M_std": 0.014048504576480183,
    "test_recall_M_mean": 0.5435435435435435,
    "test_recall_M_std": 0.022672175481293532,
    "test_f1_M_mean": 0.5508874699891199,
    "test_f1_M_std": 0.005541867103396248,
    "test_precision_H_mean": 0.5446407747709886,
    "test_precision_H_std": 0.02106906442547333,
    "test_recall_H_mean": 0.5811209439528023,
    "test_recall_H_std": 0.06642082742889499,
    "test_f1_H_mean": 0.5609805788321073,
    "test_f1_H_std": 0.03352064513888643
  },
  "confusion_matrix": [
    [
      61.21212121212122,
      15.15151515151515,
      23.636363636363637
    ],
    [
      19.51951951951952,
      54.35435435435435,
      26.126126126126124
    ],
    [
      14.454277286135692,
      27.433628318584073,
      58.112094395280245
    ]
  ],
  "selected_features": [],
  "tuned_rf_params": {},
  "n_features": 85,
  "n_seeds": 3,
  "timestamp": "2025-10-17T09:53:49.428629"
}