{
  "name": "perf_gsr",
  "config": {
    "n_seeds": 3,
    "feature_selection": "none",
    "use_pca": false,
    "pca_variance": 0.95,
    "write_cm": true,
    "tune_hyperparameters": false,
    "tune_n_iter": 30,
    "tune_cv_folds": 5,
    "use_pose_derivatives": false,
    "use_time_features": false,
    "class_config": "all",
    "include_order": false,
    "name": "perf_gsr",
    "feature_groups": [
      "performance",
      "gsr"
    ],
    "split_strategy": "random"
  },
  "metrics": {
    "test_acc_mean": 0.8281979458450047,
    "test_acc_std": 0.013237578785021327,
    "test_bal_acc_mean": 0.8282522801964477,
    "test_bal_acc_std": 0.013312858621174229,
    "test_f1_mean": 0.8292817001879739,
    "test_f1_std": 0.013293676479575743,
    "test_kappa_mean": 0.7422336546177787,
    "test_kappa_std": 0.01987197220050029,
    "test_precision_L_mean": 0.8965228300814491,
    "test_precision_L_std": 0.031522038721770895,
    "test_recall_L_mean": 0.8305084745762712,
    "test_recall_L_std": 0.03389830508474578,
    "test_f1_L_mean": 0.862103571905334,
    "test_f1_L_std": 0.02964580514583616,
    "test_precision_M_mean": 0.7486341187833725,
    "test_precision_M_std": 0.011899274744490736,
    "test_recall_M_mean": 0.8111111111111112,
    "test_recall_M_std": 0.03154949081000151,
    "test_f1_M_mean": 0.7784997119262531,
    "test_f1_M_std": 0.0195365978098623,
    "test_precision_H_mean": 0.8536140350877193,
    "test_precision_H_std": 0.0271051666381067,
    "test_recall_H_mean": 0.8431372549019608,
    "test_recall_H_std": 0.021147995617004936,
    "test_f1_H_mean": 0.8479443701775371,
    "test_f1_H_std": 0.00915685583153427
  },
  "confusion_matrix": [
    [
      83.05084745762713,
      13.559322033898304,
      3.3898305084745766
    ],
    [
      7.777777777777778,
      81.11111111111111,
      11.111111111111109
    ],
    [
      1.680672268907563,
      14.005602240896359,
      84.31372549019608
    ]
  ],
  "selected_features": [],
  "tuned_rf_params": {},
  "n_features": 9,
  "n_seeds": 3,
  "timestamp": "2025-10-17T09:53:46.089800"
}