{
  "name": "perf_eye",
  "config": {
    "n_seeds": 3,
    "feature_selection": "none",
    "use_pca": false,
    "pca_variance": 0.95,
    "write_cm": true,
    "tune_hyperparameters": false,
    "tune_n_iter": 30,
    "tune_cv_folds": 5,
    "use_pose_derivatives": false,
    "use_time_features": false,
    "class_config": "all",
    "include_order": false,
    "name": "perf_eye",
    "feature_groups": [
      "performance",
      "eye_tracking"
    ],
    "split_strategy": "random"
  },
  "metrics": {
    "test_acc_mean": 0.7964444444444444,
    "test_acc_std": 0.012602175003340287,
    "test_bal_acc_mean": 0.7962933088648471,
    "test_bal_acc_std": 0.012531442992962027,
    "test_f1_mean": 0.798820608746269,
    "test_f1_std": 0.012059061125872484,
    "test_kappa_mean": 0.694570342966626,
    "test_kappa_std": 0.018874786871667527,
    "test_precision_L_mean": 0.8971563709658948,
    "test_precision_L_std": 0.042123785270892826,
    "test_recall_L_mean": 0.7669376693766937,
    "test_recall_L_std": 0.02046025592214295,
    "test_f1_L_mean": 0.8264243260456338,
    "test_f1_L_std": 0.017320515573749543,
    "test_precision_M_mean": 0.6932445108637794,
    "test_precision_M_std": 0.03330460278691578,
    "test_recall_M_mean": 0.8266666666666667,
    "test_recall_M_std": 0.009237604307034021,
    "test_f1_M_mean": 0.7536743872142612,
    "test_f1_M_std": 0.0161113951486996,
    "test_precision_H_mean": 0.8397718377308099,
    "test_precision_H_std": 0.012163964832044386,
    "test_recall_H_mean": 0.795275590551181,
    "test_recall_H_std": 0.031496062992125984,
    "test_f1_H_mean": 0.8165215572791755,
    "test_f1_H_std": 0.010953516790862126
  },
  "confusion_matrix": [
    [
      76.69376693766937,
      20.05420054200542,
      3.252032520325203
    ],
    [
      5.066666666666666,
      82.66666666666667,
      12.266666666666666
    ],
    [
      3.6745406824146976,
      16.79790026246719,
      79.52755905511812
    ]
  ],
  "selected_features": [],
  "tuned_rf_params": {},
  "n_features": 16,
  "n_seeds": 3,
  "timestamp": "2025-10-17T09:53:45.355458"
}