{
  "name": "perf_eye_gsr",
  "config": {
    "n_seeds": 3,
    "feature_selection": "none",
    "use_pca": false,
    "pca_variance": 0.95,
    "write_cm": true,
    "tune_hyperparameters": false,
    "tune_n_iter": 30,
    "tune_cv_folds": 5,
    "use_pose_derivatives": false,
    "use_time_features": false,
    "class_config": "all",
    "include_order": false,
    "name": "perf_eye_gsr",
    "feature_groups": [
      "performance",
      "eye_tracking",
      "gsr"
    ],
    "split_strategy": "random"
  },
  "metrics": {
    "test_acc_mean": 0.8526011560693642,
    "test_acc_std": 0.0028901734104046506,
    "test_bal_acc_mean": 0.8520723104056437,
    "test_bal_acc_std": 0.0031042467497547645,
    "test_f1_mean": 0.8535221035425863,
    "test_f1_std": 0.0035501079082241164,
    "test_kappa_mean": 0.7786611078213589,
    "test_kappa_std": 0.004360949910062092,
    "test_precision_L_mean": 0.9319234006734008,
    "test_precision_L_std": 0.00656332919770654,
    "test_recall_L_mean": 0.8154761904761904,
    "test_recall_L_std": 0.01858630356666194,
    "test_f1_L_mean": 0.8697745777129664,
    "test_f1_L_std": 0.013022043528327316,
    "test_precision_M_mean": 0.7710701128936424,
    "test_precision_M_std": 0.005491408509473166,
    "test_recall_M_mean": 0.8632478632478633,
    "test_recall_M_std": 0.03418803418803418,
    "test_f1_M_mean": 0.8143124660577873,
    "test_f1_M_std": 0.014439783187980709,
    "test_precision_H_mean": 0.8779464682073378,
    "test_precision_H_std": 0.012248535217588051,
    "test_recall_H_mean": 0.8774928774928775,
    "test_recall_H_std": 0.04301899963117238,
    "test_f1_H_mean": 0.8771738170352261,
    "test_f1_H_std": 0.016560122660431918
  },
  "confusion_matrix": [
    [
      81.54761904761905,
      16.36904761904762,
      2.0833333333333335
    ],
    [
      3.4188034188034186,
      86.32478632478633,
      10.256410256410255
    ],
    [
      2.2792022792022792,
      9.971509971509972,
      87.74928774928776
    ]
  ],
  "selected_features": [],
  "tuned_rf_params": {},
  "n_features": 23,
  "n_seeds": 3,
  "timestamp": "2025-10-17T09:53:57.826500"
}