{
  "name": "perf_gsr_ecg",
  "config": {
    "n_seeds": 3,
    "feature_selection": "none",
    "use_pca": false,
    "pca_variance": 0.95,
    "write_cm": true,
    "tune_hyperparameters": false,
    "tune_n_iter": 30,
    "tune_cv_folds": 5,
    "use_pose_derivatives": false,
    "use_time_features": false,
    "class_config": "all",
    "include_order": false,
    "name": "perf_gsr_ecg",
    "feature_groups": [
      "performance",
      "gsr",
      "ecg"
    ],
    "split_strategy": "random"
  },
  "metrics": {
    "test_acc_mean": 0.7904191616766467,
    "test_acc_std": 0.029940119760479056,
    "test_bal_acc_mean": 0.7905078851981507,
    "test_bal_acc_std": 0.030089912290491017,
    "test_f1_mean": 0.7933510926782779,
    "test_f1_std": 0.028997601612214645,
    "test_kappa_mean": 0.6855485862144429,
    "test_kappa_std": 0.04495537354440578,
    "test_precision_L_mean": 0.9448141575470768,
    "test_precision_L_std": 0.012765831710236486,
    "test_recall_L_mean": 0.7848484848484848,
    "test_recall_L_std": 0.06823230454059213,
    "test_f1_L_mean": 0.8565880973505756,
    "test_f1_L_std": 0.04492447602573214,
    "test_precision_M_mean": 0.6826843227471664,
    "test_precision_M_std": 0.03801172674654976,
    "test_recall_M_mean": 0.8138138138138138,
    "test_recall_M_std": 0.04534435096258713,
    "test_f1_M_mean": 0.7424727458495811,
    "test_f1_M_std": 0.040904233173786844,
    "test_precision_H_mean": 0.7927115188583079,
    "test_precision_H_std": 0.03683915393268892,
    "test_recall_H_mean": 0.7728613569321534,
    "test_recall_H_std": 0.05185367501842754,
    "test_f1_H_mean": 0.7817707916520172,
    "test_f1_H_std": 0.03055383819006017
  },
  "confusion_matrix": [
    [
      78.48484848484848,
      16.06060606060606,
      5.454545454545454
    ],
    [
      3.3033033033033035,
      81.38138138138139,
      15.315315315315312
    ],
    [
      1.1799410029498525,
      21.53392330383481,
      77.28613569321534
    ]
  ],
  "selected_features": [],
  "tuned_rf_params": {},
  "n_features": 97,
  "n_seeds": 3,
  "timestamp": "2025-10-17T09:53:59.520462"
}