{
  "name": "perf_eye_ecg",
  "config": {
    "n_seeds": 3,
    "feature_selection": "none",
    "use_pca": false,
    "pca_variance": 0.95,
    "write_cm": true,
    "tune_hyperparameters": false,
    "tune_n_iter": 30,
    "tune_cv_folds": 5,
    "use_pose_derivatives": false,
    "use_time_features": false,
    "class_config": "all",
    "include_order": false,
    "name": "perf_eye_ecg",
    "feature_groups": [
      "performance",
      "eye_tracking",
      "ecg"
    ],
    "split_strategy": "random"
  },
  "metrics": {
    "test_acc_mean": 0.8312883435582822,
    "test_acc_std": 0.02811396131874749,
    "test_bal_acc_mean": 0.8310808842273935,
    "test_bal_acc_std": 0.028211358992386932,
    "test_f1_mean": 0.8335790671733632,
    "test_f1_std": 0.027808220413425053,
    "test_kappa_mean": 0.746751540005622,
    "test_kappa_std": 0.0421819231539902,
    "test_precision_L_mean": 0.9401997503121099,
    "test_precision_L_std": 0.04551807497895049,
    "test_recall_L_mean": 0.7999999999999999,
    "test_recall_L_std": 0.041513323271815956,
    "test_f1_L_mean": 0.864446206714248,
    "test_f1_L_std": 0.043406701451887186,
    "test_precision_M_mean": 0.7244391025641025,
    "test_precision_M_std": 0.03587480327623389,
    "test_recall_M_mean": 0.867283950617284,
    "test_recall_M_std": 0.03505498978889061,
    "test_f1_M_mean": 0.7894412002088971,
    "test_f1_M_std": 0.035812635876818724,
    "test_precision_H_mean": 0.8693745797196639,
    "test_precision_H_std": 0.020426680730292933,
    "test_recall_H_mean": 0.8259587020648967,
    "test_recall_H_std": 0.03107862463968359,
    "test_f1_H_mean": 0.8470820758491991,
    "test_f1_H_std": 0.02601624167645869
  },
  "confusion_matrix": [
    [
      80.0,
      17.46031746031746,
      2.53968253968254
    ],
    [
      2.7777777777777772,
      86.7283950617284,
      10.493827160493828
    ],
    [
      2.064896755162242,
      15.339233038348084,
      82.59587020648968
    ]
  ],
  "selected_features": [],
  "tuned_rf_params": {},
  "n_features": 107,
  "n_seeds": 3,
  "timestamp": "2025-10-17T09:53:58.673803"
}