{
  "name": "perf_ecg",
  "config": {
    "n_seeds": 3,
    "feature_selection": "none",
    "use_pca": false,
    "pca_variance": 0.95,
    "write_cm": true,
    "tune_hyperparameters": false,
    "tune_n_iter": 30,
    "tune_cv_folds": 5,
    "use_pose_derivatives": false,
    "use_time_features": false,
    "class_config": "all",
    "include_order": false,
    "name": "perf_ecg",
    "feature_groups": [
      "performance",
      "ecg"
    ],
    "split_strategy": "random"
  },
  "metrics": {
    "test_acc_mean": 0.7658730158730158,
    "test_acc_std": 0.025312204012248134,
    "test_bal_acc_mean": 0.7661082134766346,
    "test_bal_acc_std": 0.02571144533026639,
    "test_f1_mean": 0.7682796366227859,
    "test_f1_std": 0.02393192655796317,
    "test_kappa_mean": 0.6489057323347747,
    "test_kappa_std": 0.038037932153453025,
    "test_precision_L_mean": 0.8958480236830751,
    "test_precision_L_std": 0.03396287699466104,
    "test_recall_L_mean": 0.7477477477477477,
    "test_recall_L_std": 0.09143145554137132,
    "test_f1_L_mean": 0.8117056636560184,
    "test_f1_L_std": 0.04322035687263611,
    "test_precision_M_mean": 0.6509440813362382,
    "test_precision_M_std": 0.04068686996401776,
    "test_recall_M_mean": 0.8108108108108109,
    "test_recall_M_std": 0.04767119479395656,
    "test_f1_M_mean": 0.721986071015747,
    "test_f1_M_std": 0.04203440411867532,
    "test_precision_H_mean": 0.807491733502181,
    "test_precision_H_std": 0.03211871174924169,
    "test_recall_H_mean": 0.7397660818713451,
    "test_recall_H_std": 0.04327090230101972,
    "test_f1_H_mean": 0.771071713655176,
    "test_f1_H_std": 0.015136071499576157
  },
  "confusion_matrix": [
    [
      74.77477477477477,
      19.81981981981982,
      5.405405405405406
    ],
    [
      6.0060060060060065,
      81.08108108108108,
      12.912912912912914
    ],
    [
      2.923976608187134,
      23.099415204678362,
      73.9766081871345
    ]
  ],
  "selected_features": [],
  "tuned_rf_params": {},
  "n_features": 93,
  "n_seeds": 3,
  "timestamp": "2025-10-17T09:53:46.912491"
}