{
  "name": "pose_eye_gsr_ecg",
  "config": {
    "n_seeds": 3,
    "feature_selection": "none",
    "use_pca": false,
    "pca_variance": 0.95,
    "write_cm": true,
    "tune_hyperparameters": false,
    "tune_n_iter": 30,
    "tune_cv_folds": 5,
    "use_pose_derivatives": false,
    "use_time_features": false,
    "class_config": "all",
    "include_order": false,
    "name": "pose_eye_gsr_ecg",
    "feature_groups": [
      "pose",
      "eye_tracking",
      "gsr",
      "ecg"
    ],
    "split_strategy": "random"
  },
  "metrics": {
    "test_acc_mean": 0.9306418219461697,
    "test_acc_std": 0.025859204962312195,
    "test_bal_acc_mean": 0.93139390739175,
    "test_bal_acc_std": 0.025400120191437985,
    "test_f1_mean": 0.9305490950306735,
    "test_f1_std": 0.025964960526200443,
    "test_kappa_mean": 0.8959739678579265,
    "test_kappa_std": 0.03873504733312715,
    "test_precision_L_mean": 0.9330350349034995,
    "test_precision_L_std": 0.058774305653548006,
    "test_recall_L_mean": 0.9579288025889968,
    "test_recall_L_std": 0.011210684838633505,
    "test_f1_L_mean": 0.94482449139486,
    "test_f1_L_std": 0.03458143811327869,
    "test_precision_M_mean": 0.925260500590826,
    "test_precision_M_std": 0.03734290121621913,
    "test_recall_M_mean": 0.941358024691358,
    "test_recall_M_std": 0.021383343303319504,
    "test_f1_M_mean": 0.9329042081949059,
    "test_f1_M_std": 0.02186391133085262,
    "test_precision_H_mean": 0.9370894676282747,
    "test_precision_H_std": 0.004644408781647233,
    "test_recall_H_mean": 0.8948948948948949,
    "test_recall_H_std": 0.052013537764831135,
    "test_f1_H_mean": 0.9150110946050133,
    "test_f1_H_std": 0.027289723735471144
  },
  "confusion_matrix": [
    [
      95.79288025889969,
      1.941747572815534,
      2.2653721682847894
    ],
    [
      1.8518518518518519,
      94.1358024691358,
      4.012345679012345
    ],
    [
      4.804804804804805,
      5.705705705705706,
      89.48948948948949
    ]
  ],
  "selected_features": [],
  "tuned_rf_params": {},
  "n_features": 401,
  "n_seeds": 3,
  "timestamp": "2025-10-17T09:54:05.663786"
}