{
  "name": "pose",
  "config": {
    "n_seeds": 3,
    "feature_selection": "none",
    "use_pca": false,
    "pca_variance": 0.95,
    "write_cm": true,
    "tune_hyperparameters": false,
    "tune_n_iter": 30,
    "tune_cv_folds": 5,
    "use_pose_derivatives": false,
    "use_time_features": false,
    "class_config": "all",
    "include_order": false,
    "name": "pose",
    "feature_groups": [
      "pose"
    ],
    "split_strategy": "random"
  },
  "metrics": {
    "test_acc_mean": 0.9061728395061728,
    "test_acc_std": 0.0257785345899026,
    "test_bal_acc_mean": 0.9061728395061728,
    "test_bal_acc_std": 0.0257785345899026,
    "test_f1_mean": 0.9060267404840247,
    "test_f1_std": 0.025865709734093436,
    "test_kappa_mean": 0.8592592592592593,
    "test_kappa_std": 0.03866780188485385,
    "test_precision_L_mean": 0.8885232141966793,
    "test_precision_L_std": 0.03562281334542542,
    "test_recall_L_mean": 0.9382716049382717,
    "test_recall_L_std": 0.011315001715940362,
    "test_f1_L_mean": 0.9125996336877905,
    "test_f1_L_std": 0.024188480303792614,
    "test_precision_M_mean": 0.8984092770283842,
    "test_precision_M_std": 0.04347633106073069,
    "test_recall_M_mean": 0.9135802469135803,
    "test_recall_M_std": 0.03728313301368271,
    "test_f1_M_mean": 0.905849193757638,
    "test_f1_M_std": 0.03916314059929076,
    "test_precision_H_mean": 0.9363030296491859,
    "test_precision_H_std": 0.013916455861608648,
    "test_recall_H_mean": 0.8666666666666666,
    "test_recall_H_std": 0.04444444444444445,
    "test_f1_H_mean": 0.899631394006645,
    "test_f1_H_std": 0.02264112478784536
  },
  "confusion_matrix": [
    [
      93.82716049382718,
      3.45679012345679,
      2.7160493827160495
    ],
    [
      5.432098765432099,
      91.35802469135803,
      3.2098765432098766
    ],
    [
      6.419753086419753,
      6.91358024691358,
      86.66666666666667
    ]
  ],
  "selected_features": [],
  "tuned_rf_params": {},
  "n_features": 290,
  "n_seeds": 3,
  "timestamp": "2025-10-17T09:53:36.359238"
}