{
  "name": "pose_perf",
  "config": {
    "n_seeds": 3,
    "feature_selection": "none",
    "use_pca": false,
    "pca_variance": 0.95,
    "write_cm": true,
    "tune_hyperparameters": false,
    "tune_n_iter": 30,
    "tune_cv_folds": 5,
    "use_pose_derivatives": false,
    "use_time_features": false,
    "class_config": "all",
    "include_order": false,
    "name": "pose_perf",
    "feature_groups": [
      "pose",
      "performance"
    ],
    "split_strategy": "random"
  },
  "metrics": {
    "test_acc_mean": 0.9138673557278209,
    "test_acc_std": 0.02762965535287758,
    "test_bal_acc_mean": 0.9138673557278209,
    "test_bal_acc_std": 0.02762965535287752,
    "test_f1_mean": 0.9141893430881973,
    "test_f1_std": 0.027456962972166567,
    "test_kappa_mean": 0.8708010335917313,
    "test_kappa_std": 0.041444483029316394,
    "test_precision_L_mean": 0.956236421868351,
    "test_precision_L_std": 0.016831831635647842,
    "test_recall_L_mean": 0.9018087855297159,
    "test_recall_L_std": 0.011841280865518927,
    "test_f1_L_mean": 0.9282116402116402,
    "test_f1_L_std": 0.013676805535584088,
    "test_precision_M_mean": 0.8633104796908868,
    "test_precision_M_std": 0.03668615235961473,
    "test_recall_M_mean": 0.9147286821705426,
    "test_recall_M_std": 0.060544571131059384,
    "test_f1_M_mean": 0.887934287934288,
    "test_f1_M_std": 0.04437984194618961,
    "test_precision_H_mean": 0.9285630909852539,
    "test_precision_H_std": 0.04899617007709778,
    "test_recall_H_mean": 0.9250645994832042,
    "test_recall_H_std": 0.03977985611974325,
    "test_f1_H_mean": 0.9264221011186637,
    "test_f1_H_std": 0.03852985931369805
  },
  "confusion_matrix": [
    [
      90.18087855297158,
      7.751937984496124,
      2.0671834625323
    ],
    [
      3.359173126614987,
      91.47286821705427,
      5.167958656330749
    ],
    [
      0.7751937984496124,
      6.718346253229974,
      92.50645994832041
    ]
  ],
  "selected_features": [],
  "tuned_rf_params": {},
  "n_features": 302,
  "n_seeds": 3,
  "timestamp": "2025-10-17T09:53:40.744750"
}