{
  "name": "pose_ecg",
  "config": {
    "n_seeds": 3,
    "feature_selection": "none",
    "use_pca": false,
    "pca_variance": 0.95,
    "write_cm": true,
    "tune_hyperparameters": false,
    "tune_n_iter": 30,
    "tune_cv_folds": 5,
    "use_pose_derivatives": false,
    "use_time_features": false,
    "class_config": "all",
    "include_order": false,
    "name": "pose_ecg",
    "feature_groups": [
      "pose",
      "ecg"
    ],
    "split_strategy": "random"
  },
  "metrics": {
    "test_acc_mean": 0.9117063492063492,
    "test_acc_std": 0.004546206046583159,
    "test_bal_acc_mean": 0.912096306833149,
    "test_bal_acc_std": 0.00458716285781372,
    "test_f1_mean": 0.9114403056925294,
    "test_f1_std": 0.004597599188459888,
    "test_kappa_mean": 0.8675805174218488,
    "test_kappa_std": 0.006821879043457605,
    "test_precision_L_mean": 0.8959967669852137,
    "test_precision_L_std": 0.022365693605194758,
    "test_recall_L_mean": 0.9519519519519518,
    "test_recall_L_std": 0.018753747742938174,
    "test_f1_L_mean": 0.9228969860548807,
    "test_f1_L_std": 0.01052746916873423,
    "test_precision_M_mean": 0.9243217683638245,
    "test_precision_M_std": 0.02209423350400017,
    "test_recall_M_mean": 0.9159159159159159,
    "test_recall_M_std": 0.02752297714688192,
    "test_f1_M_mean": 0.9200108076974823,
    "test_f1_M_std": 0.022493253972455978,
    "test_precision_H_mean": 0.9168763102725367,
    "test_precision_H_std": 0.016982102619985704,
    "test_recall_H_mean": 0.8684210526315791,
    "test_recall_H_std": 1.3597399555105182e-16,
    "test_f1_H_mean": 0.8919401544401545,
    "test_f1_H_std": 0.008035822984412156
  },
  "confusion_matrix": [
    [
      95.1951951951952,
      0.9009009009009009,
      3.903903903903904
    ],
    [
      4.204204204204204,
      91.59159159159158,
      4.204204204204204
    ],
    [
      6.725146198830409,
      6.432748538011695,
      86.8421052631579
    ]
  ],
  "selected_features": [],
  "tuned_rf_params": {},
  "n_features": 381,
  "n_seeds": 3,
  "timestamp": "2025-10-17T09:53:44.625820"
}