{
  "name": "pose_perf_ecg",
  "config": {
    "n_seeds": 3,
    "feature_selection": "none",
    "use_pca": false,
    "pca_variance": 0.95,
    "write_cm": true,
    "tune_hyperparameters": false,
    "tune_n_iter": 30,
    "tune_cv_folds": 5,
    "use_pose_derivatives": false,
    "use_time_features": false,
    "class_config": "all",
    "include_order": false,
    "name": "pose_perf_ecg",
    "feature_groups": [
      "pose",
      "performance",
      "ecg"
    ],
    "split_strategy": "random"
  },
  "metrics": {
    "test_acc_mean": 0.9295634920634921,
    "test_acc_std": 0.0034366087451763315,
    "test_bal_acc_mean": 0.9296928507454824,
    "test_bal_acc_std": 0.0036509282111919865,
    "test_f1_mean": 0.9296905973999295,
    "test_f1_std": 0.0033731832313148944,
    "test_kappa_mean": 0.8943445227730651,
    "test_kappa_std": 0.005177421369353348,
    "test_precision_L_mean": 0.9654675836125316,
    "test_precision_L_std": 0.01970908580706972,
    "test_recall_L_mean": 0.924924924924925,
    "test_recall_L_std": 0.022672175481293532,
    "test_f1_L_mean": 0.9447568314096874,
    "test_f1_L_std": 0.021191763154656373,
    "test_precision_M_mean": 0.8955348532855765,
    "test_precision_M_std": 0.024170963767538148,
    "test_recall_M_mean": 0.948948948948949,
    "test_recall_M_std": 0.036409476435381775,
    "test_f1_M_mean": 0.9211756426680902,
    "test_f1_M_std": 0.023168262033803427,
    "test_precision_H_mean": 0.9323292086637563,
    "test_precision_H_std": 0.023585698457683515,
    "test_recall_H_mean": 0.915204678362573,
    "test_recall_H_std": 0.022075539284417415,
    "test_f1_H_mean": 0.923311720208272,
    "test_f1_H_std": 0.0010354870770992522
  },
  "confusion_matrix": [
    [
      92.49249249249249,
      4.504504504504505,
      3.0030030030030033
    ],
    [
      1.2012012012012012,
      94.8948948948949,
      3.9039039039039043
    ],
    [
      2.046783625730994,
      6.432748538011695,
      91.5204678362573
    ]
  ],
  "selected_features": [],
  "tuned_rf_params": {},
  "n_features": 393,
  "n_seeds": 3,
  "timestamp": "2025-10-17T09:53:53.222119"
}