{
  "name": "pose_perf_gsr_ecg",
  "config": {
    "n_seeds": 3,
    "feature_selection": "none",
    "use_pca": false,
    "pca_variance": 0.95,
    "write_cm": true,
    "tune_hyperparameters": false,
    "tune_n_iter": 30,
    "tune_cv_folds": 5,
    "use_pose_derivatives": false,
    "use_time_features": false,
    "class_config": "all",
    "include_order": false,
    "name": "pose_perf_gsr_ecg",
    "feature_groups": [
      "pose",
      "performance",
      "gsr",
      "ecg"
    ],
    "split_strategy": "random"
  },
  "metrics": {
    "test_acc_mean": 0.934934934934935,
    "test_acc_std": 0.01907163051377144,
    "test_bal_acc_mean": 0.9351732181966819,
    "test_bal_acc_std": 0.018826138890102675,
    "test_f1_mean": 0.9349207419734005,
    "test_f1_std": 0.019262373087136405,
    "test_kappa_mean": 0.9024012638506305,
    "test_kappa_std": 0.028594218627905073,
    "test_precision_L_mean": 0.9572875055741098,
    "test_precision_L_std": 0.018189493541321364,
    "test_recall_L_mean": 0.9541284403669725,
    "test_recall_L_std": 0.0,
    "test_f1_L_mean": 0.9556476180132094,
    "test_f1_L_std": 0.0091020414224271,
    "test_precision_M_mean": 0.9097345132743362,
    "test_precision_M_std": 0.021317001928190207,
    "test_recall_M_mean": 0.936936936936937,
    "test_recall_M_std": 0.015604061329449314,
    "test_f1_M_mean": 0.9231194690265486,
    "test_f1_M_std": 0.018201861362726057,
    "test_precision_H_mean": 0.9390904589502721,
    "test_precision_H_std": 0.020541314084563056,
    "test_recall_H_mean": 0.9144542772861358,
    "test_recall_H_std": 0.04087435534085846,
    "test_f1_H_mean": 0.9265199615199614,
    "test_f1_H_std": 0.030911549987982886
  },
  "confusion_matrix": [
    [
      95.41284403669725,
      3.058103975535168,
      1.529051987767584
    ],
    [
      1.8018018018018018,
      93.6936936936937,
      4.504504504504505
    ],
    [
      2.359882005899705,
      6.194690265486726,
      91.44542772861358
    ]
  ],
  "selected_features": [],
  "tuned_rf_params": {},
  "n_features": 397,
  "n_seeds": 3,
  "timestamp": "2025-10-17T09:54:04.311944"
}