{
  "name": "pose_perf_eye",
  "config": {
    "n_seeds": 3,
    "feature_selection": "none",
    "use_pca": false,
    "pca_variance": 0.95,
    "write_cm": true,
    "tune_hyperparameters": false,
    "tune_n_iter": 30,
    "tune_cv_folds": 5,
    "use_pose_derivatives": false,
    "use_time_features": false,
    "class_config": "all",
    "include_order": false,
    "name": "pose_perf_eye",
    "feature_groups": [
      "pose",
      "performance",
      "eye_tracking"
    ],
    "split_strategy": "random"
  },
  "metrics": {
    "test_acc_mean": 0.9226666666666666,
    "test_acc_std": 0.007055336829505616,
    "test_bal_acc_mean": 0.9224845756069109,
    "test_bal_acc_std": 0.007088945937066122,
    "test_f1_mean": 0.9228197844371969,
    "test_f1_std": 0.006999926628455275,
    "test_kappa_mean": 0.8839622418542917,
    "test_kappa_std": 0.010583101078250398,
    "test_precision_L_mean": 0.965712059224625,
    "test_precision_L_std": 0.008627291122325482,
    "test_recall_L_mean": 0.9159891598915989,
    "test_recall_L_std": 0.012418904322373558,
    "test_f1_L_mean": 0.9401783595780019,
    "test_f1_L_std": 0.009795673482032412,
    "test_precision_M_mean": 0.8920682551590279,
    "test_precision_M_std": 0.02067002026175796,
    "test_recall_M_mean": 0.9013333333333334,
    "test_recall_M_std": 0.009237604307034021,
    "test_f1_M_mean": 0.8966182304061222,
    "test_f1_M_std": 0.013487619060285864,
    "test_precision_H_mean": 0.9142085984191247,
    "test_precision_H_std": 0.00768019444266133,
    "test_recall_H_mean": 0.9501312335958004,
    "test_recall_H_std": 0.004546065111729328,
    "test_f1_H_mean": 0.9317968672054274,
    "test_f1_H_std": 0.0017799185192017733
  },
  "confusion_matrix": [
    [
      91.59891598915989,
      6.233062330623306,
      2.1680216802168024
    ],
    [
      2.9333333333333336,
      90.13333333333334,
      6.933333333333334
    ],
    [
      0.26246719160104987,
      4.724409448818897,
      95.01312335958005
    ]
  ],
  "selected_features": [],
  "tuned_rf_params": {},
  "n_features": 316,
  "n_seeds": 3,
  "timestamp": "2025-10-17T09:53:50.691516"
}