{
  "name": "pose_perf_eye_gsr",
  "config": {
    "n_seeds": 3,
    "feature_selection": "none",
    "use_pca": false,
    "pca_variance": 0.95,
    "write_cm": true,
    "tune_hyperparameters": false,
    "tune_n_iter": 30,
    "tune_cv_folds": 5,
    "use_pose_derivatives": false,
    "use_time_features": false,
    "class_config": "all",
    "include_order": false,
    "name": "pose_perf_eye_gsr",
    "feature_groups": [
      "pose",
      "performance",
      "eye_tracking",
      "gsr"
    ],
    "split_strategy": "random"
  },
  "metrics": {
    "test_acc_mean": 0.9487922705314009,
    "test_acc_std": 0.007294526024416217,
    "test_bal_acc_mean": 0.9485778961353674,
    "test_bal_acc_std": 0.007174738233429518,
    "test_f1_mean": 0.9489551225873782,
    "test_f1_std": 0.007321482658134786,
    "test_kappa_mean": 0.9231548942966435,
    "test_kappa_std": 0.010949319733558387,
    "test_precision_L_mean": 0.9751056381721167,
    "test_precision_L_std": 0.005220661704730499,
    "test_recall_L_mean": 0.9315476190476191,
    "test_recall_L_std": 0.0051549131177644975,
    "test_f1_L_mean": 0.9528151948033813,
    "test_f1_L_std": 0.0026439872570550777,
    "test_precision_M_mean": 0.9151350570882757,
    "test_precision_M_std": 0.00855114968539737,
    "test_recall_M_mean": 0.9570439139404656,
    "test_recall_M_std": 0.008400615763003395,
    "test_f1_M_mean": 0.9355734879090134,
    "test_f1_M_std": 0.0024396143693421898,
    "test_precision_H_mean": 0.9600644122383253,
    "test_precision_H_std": 0.02739001680213587,
    "test_recall_H_mean": 0.9571421554180176,
    "test_recall_H_std": 0.017095340338565475,
    "test_f1_H_mean": 0.9585730868104703,
    "test_f1_H_std": 0.0218749470619676
  },
  "confusion_matrix": [
    [
      93.15476190476191,
      5.059523809523809,
      1.7857142857142856
    ],
    [
      2.0041261420571765,
      95.70439139404657,
      2.2914824638962568
    ],
    [
      0.2849002849002849,
      4.000884173297966,
      95.71421554180175
    ]
  ],
  "selected_features": [],
  "tuned_rf_params": {},
  "n_features": 323,
  "n_seeds": 3,
  "timestamp": "2025-10-17T09:54:01.664369"
}