{
  "name": "pose_gsr",
  "config": {
    "n_seeds": 3,
    "feature_selection": "none",
    "use_pca": false,
    "pca_variance": 0.95,
    "write_cm": true,
    "tune_hyperparameters": false,
    "tune_n_iter": 30,
    "tune_cv_folds": 5,
    "use_pose_derivatives": false,
    "use_time_features": false,
    "class_config": "all",
    "include_order": false,
    "name": "pose_gsr",
    "feature_groups": [
      "pose",
      "gsr"
    ],
    "split_strategy": "random"
  },
  "metrics": {
    "test_acc_mean": 0.9044943820224719,
    "test_acc_std": 0.012872403637516412,
    "test_bal_acc_mean": 0.9043942247332079,
    "test_bal_acc_std": 0.012888871324085277,
    "test_f1_mean": 0.9043407464701025,
    "test_f1_std": 0.013076643589523736,
    "test_kappa_mean": 0.8567127090598549,
    "test_kappa_std": 0.019319863452904453,
    "test_precision_L_mean": 0.9183873321343357,
    "test_precision_L_std": 0.011461510778828466,
    "test_recall_L_mean": 0.9237288135593221,
    "test_recall_L_std": 0.030555519283593156,
    "test_f1_L_mean": 0.9209814777846134,
    "test_f1_L_std": 0.020878315214086843,
    "test_precision_M_mean": 0.8716499612486404,
    "test_precision_M_std": 0.02272290258578744,
    "test_recall_M_mean": 0.9222222222222222,
    "test_recall_M_std": 0.017347216662217772,
    "test_f1_M_mean": 0.89614079334528,
    "test_f1_M_std": 0.01764528107001733,
    "test_precision_H_mean": 0.9270710624610219,
    "test_precision_H_std": 0.025597909179764667,
    "test_recall_H_mean": 0.8672316384180792,
    "test_recall_H_std": 0.04667432667191611,
    "test_f1_H_mean": 0.8960389505367671,
    "test_f1_H_std": 0.03669969300002191
  },
  "confusion_matrix": [
    [
      92.3728813559322,
      4.80225988700565,
      2.824858757062147
    ],
    [
      3.888888888888889,
      92.22222222222221,
      3.888888888888889
    ],
    [
      4.237288135593221,
      9.03954802259887,
      86.7231638418079
    ]
  ],
  "selected_features": [],
  "tuned_rf_params": {},
  "n_features": 297,
  "n_seeds": 3,
  "timestamp": "2025-10-17T09:53:43.327471"
}